trade_date,ts_code,lead_strength,follow_strength,ret_5d,ret_10d,ret_20d,vol_ratio,slope_target
20260623,300308.SZ,0.45532904814398556,0.4533024773348395,0.05509299999999999,0.13452199999999995,0.20072299999999998,1.1639044641120992,0.6680682460054982
20260623,300750.SZ,0.46017216390205923,0.4512927837729295,-0.012014000000000004,0.0020529999999999993,-0.020012999999999993,1.0103365816656942,-0.0221078760253274
20260623,600519.SH,0.3448807167749117,0.3546306391550004,-0.038315,-0.031583,-0.047906,1.218473129579558,-0.006431225264781038
20260623,300502.SZ,0.37753745942839206,0.45424259567766834,0.023398999999999996,0.074878,0.180455,0.9835974713694595,0.4035070597068682
20260623,601318.SH,0.46219314713042864,0.4534451322962407,-0.06901299999999999,-0.019577999999999998,-0.034609,1.2974792324701845,-0.009554090908781265
20260623,601899.SH,0.36074020517079275,0.4252019844529241,-0.11538299999999999,-0.00010000000000000286,-0.10558799999999999,1.3331719162495648,-0.12086665362435652
20260623,600036.SH,0.40222730209789626,0.36718667203426797,-0.040117,-0.028259,0.013691999999999989,1.2628231619103818,-0.010284847409941511
20260623,000333.SZ,0.44441531997633626,0.49270924242497943,-0.035542,-0.057949,-0.01990900000000001,1.054779624476046,-0.0057973199681419
20260623,688256.SH,0.3839423599723334,0.43027337472772414,0.067316,0.13639599999999996,0.028876999999999996,1.0414254478715623,0.8141829590985783
20260623,002475.SZ,0.36520325045159435,0.33400578556639776,0.018758999999999998,0.053864999999999975,-0.061432999999999995,0.9306752891817283,0.01956652357502846
20260623,600900.SH,0.35658578972691884,0.35957180785031534,-0.025459,-0.022824000000000007,0.008595000000000002,1.2754381959718275,-0.004687436536803502
20260623,603986.SH,0.3441686247476001,0.3743950554458704,0.22768499999999997,0.321494,0.24893499999999996,1.1472862036136322,0.32213227570242625
20260623,601166.SH,0.3993259363090634,0.4399367922462977,-0.03149300000000001,-0.020715999999999995,0.029849999999999998,1.489878364016295,-0.006972139049146153
20260623,601138.SH,0.3769000511029825,0.3981069797496064,0.014159000000000005,0.059067999999999996,0.07111899999999997,1.1645723537832102,0.05602811845784448
20260623,688008.SH,0.49768853855101697,0.42162761795187675,0.07908299999999999,0.15116,-0.07152500000000003,0.9986286144629943,0.06643542786222274
20260623,688981.SH,0.4238962934356423,0.4632400682358925,0.084707,0.155255,-0.08038899999999997,0.9415677927688878,0.1237626812276356
20260623,688041.SH,0.38198711052656503,0.4439551210355715,0.06154000000000001,0.20891300000000002,-0.01933599999999998,1.023435607520662,0.17703669168541136
20260623,002371.SZ,0.3582741436868667,0.3506590663784493,0.093405,0.249001,0.07940099999999996,1.0036347566617445,0.301500929929572
20260623,002594.SZ,0.4235091088540019,0.4172384279342903,-0.065353,-0.068988,-0.11842499999999999,0.9135051611506914,-0.05797341091175667
20260623,300274.SZ,0.4686813483155777,0.39716735692885446,0.02829899999999999,0.04671299999999999,-0.07395000000000002,1.128149766556342,0.18655370638818844
20260623,600030.SH,0.48632670352839613,0.350251401778441,0.05646999999999999,0.128324,0.09969099999999999,1.2268343298775006,0.016596351086650675
20260623,603259.SH,0.34179991052721087,0.4023741056079188,0.069403,0.105332,0.05620700000000001,0.8732803403650704,0.04798746992849352
20260623,002384.SZ,0.43535005086078343,0.3769000511029825,0.068513,0.193064,0.15057700000000002,1.1685373650865878,0.11875838026603543
20260623,300059.SZ,0.44982408666104917,0.37143924911077403,0.108964,0.175088,0.062215,1.3705094112315006,0.0743118996642822
20260623,601398.SH,0.40660823554080167,0.4110125051740017,-0.024487999999999996,-0.014487999999999994,0.03141100000000001,1.3514117239071721,-0.005861256436416262
20260623,600276.SH,0.3933578976565299,0.3570403627734479,0.023474,0.065558,2.1000000000004522e-05,1.0326922722248193,0.009261648246902555
20260623,300476.SZ,0.3787296606211768,0.37332080404853835,-0.014644000000000004,0.08131199999999997,-0.10566199999999999,1.043809319893865,-0.2060463373696347
20260623,300394.SZ,0.40532727412868275,0.3967653698476051,0.023471999999999993,0.03806699999999999,0.12177400000000002,1.0467605305170953,-0.4342071446451129
20260623,000725.SZ,0.38822747938702235,0.43853587049636894,0.15029399999999998,0.09678,0.29096399999999994,1.4585837941072672,0.04351953290419741
20260623,601288.SH,0.38936722018667064,0.4108967920532595,-0.015811000000000002,0.0012680000000000087,0.022785,1.179234755475819,-0.008218345580889474
20260623,000338.SZ,0.40845484576428454,0.38498910124248814,0.026629,0.010690000000000033,-0.13965100000000003,1.0936225343149204,0.044531520782966225
20260623,601328.SH,0.40672340070554536,0.34893690820394985,-0.02521300000000001,-0.003071000000000001,0.03471200000000001,1.3651227410393698,-0.011642413296464094
20260623,601211.SH,0.39331977107272154,0.3365738753827254,0.028333000000000004,0.090624,0.174349,1.1540800239382554,0.004778872312056226
20260623,688012.SH,0.42162761795187675,0.4449988150891996,0.15554400000000002,0.347482,0.15145400000000003,1.1092741350871864,0.20946234709151668
20260623,000651.SZ,0.375393052170317,0.4737489170279031,-0.015191000000000003,-0.021535000000000006,-0.034005,1.0666523097463194,-0.00040444505497304605
20260623,601088.SH,0.4073866459311003,0.4236937560232295,-0.06432399999999999,-0.21795299999999998,-0.089805,1.3769069940275336,-0.035166312244592615
20260623,600887.SH,0.36739697078084926,0.4155852821066855,-0.037517999999999996,-0.035650999999999995,-0.034961000000000006,1.1547948171379963,-0.0029938837400816263
20260623,300408.SZ,0.3907675825548951,0.4320427527595585,-0.028926,0.20033199999999995,0.27597499999999997,1.3823212952574437,-0.03984953710295791
20260623,600919.SH,0.3762087309080757,0.38963259204932504,-0.03813,-0.006023000000000001,0.020138000000000017,1.2843404030604197,-0.014821414241589226
20260623,600150.SH,0.429662225846406,0.41348467328113914,-0.0005179999999999976,0.030754999999999998,-0.051989999999999995,0.8801005903608153,-0.0008196143251946841
20260623,002463.SZ,0.3609617822841514,0.4755061738938096,0.03828200000000001,0.020429000000000003,0.147494,1.2047949338659818,-0.030636701500877182
20260623,600183.SH,0.37601392919622284,0.3874733972429917,0.01618,0.241975,0.39669899999999997,1.171160679049155,-0.1009683431368222
20260623,000858.SZ,0.43716781661078596,0.38649134234349075,-0.06236800000000001,-0.06640599999999999,-0.115623,1.184855682191017,-0.007261815626515211
20260623,603993.SH,0.3967305095293389,0.36040847956366684,-0.06142800000000002,0.16222800000000004,0.051136,1.3836613330477099,0.009858350981508312
20260623,601816.SH,0.36669046362472,0.41428030232389534,-0.047557,-0.059329999999999994,-0.040247,1.2538058102675251,-0.006814760525592845
20260623,600309.SH,0.421802716453724,0.3709131501835316,-0.005127999999999997,0.05000900000000001,-0.028606999999999983,1.3139374039457135,0.01810955158562568
20260623,300124.SZ,0.3843656896505346,0.4067030426591146,-0.035130999999999996,-0.104831,-0.15198499999999998,0.892319080591305,-0.039603540520230004
20260623,002028.SZ,0.36295198130140255,0.4073866459311003,0.08615199999999999,0.09056000000000002,-0.03452599999999999,1.2194586174521143,0.3781764974093976
20260623,600089.SH,0.36134012564193035,0.38855012164490366,0.002133999999999997,-0.0018340000000000023,-0.10147500000000001,1.21991912619866,0.021119585642097503
20260623,603019.SH,0.422734645646444,0.41886653289989045,0.019581999999999992,0.10593600000000002,-0.09198699999999997,0.9196111840128306,0.03290149877327324
20260623,600000.SH,0.42477218311286724,0.42086142931650933,-0.026034,-0.008639,0.023782000000000008,1.3045716565894516,-0.004647118740066325
20260623,601857.SH,0.33999732684462547,0.4084540183709962,-0.072761,-0.14856599999999998,-0.12695599999999999,1.0375544480360381,-0.02666069578255139
20260623,600111.SH,0.33974965962513093,0.3610309907686547,-0.004612999999999992,0.07186100000000001,-0.006964000000000012,1.0800181532638062,-0.0020543078873857647
20260623,002230.SZ,0.3922734071577553,0.3600267445954359,0.019871,-0.039453,-0.13482600000000006,1.2123156445258199,0.012438669180622686
20260623,000063.SZ,0.36260690128775186,0.4168886789080146,0.022754999999999997,0.037099999999999994,0.06254699999999998,1.334376002790494,0.0055296613679399085
20260623,002415.SZ,0.4143221481001083,0.4631237483607303,0.024788999999999985,0.03849900000000001,-0.022843999999999996,1.1398836798640462,-0.004042157928626366
20260623,601601.SH,0.494606734078701,0.4660820286462967,-0.078647,-0.014020999999999999,-0.078315,1.1501768146981635,-0.014993207570067169
20260623,601688.SH,0.4164553523119309,0.3901130635512189,0.046962000000000004,0.131162,0.14900200000000002,1.23915920338403,0.01448479452993936
20260623,600584.SH,0.4449988150891996,0.5320184604168894,0.157058,0.21945,0.10305,1.262451888818644,0.13232408008203628
20260623,600522.SH,0.40634137726828506,0.3703735284320945,0.188112,0.233949,0.39184,1.0758479828645429,0.24163802420057773
20260623,600031.SH,0.47439504305104296,0.4228680713794257,-0.058675,-0.07211999999999999,-0.03435999999999999,1.1063259368902654,-0.0075971335272953635
20260623,000001.SZ,0.3812987219740749,0.43123445621377343,-0.031603,0.004174999999999998,0.037155999999999995,1.2965099671413642,-0.004567062973800817
20260623,601225.SH,0.30991530638341364,0.38929529420011305,-0.11005599999999999,-0.20311700000000002,-0.04848800000000001,1.2425800056867213,-0.0645144864137908
20260623,002142.SZ,0.44760449686677395,0.38243198096661574,-0.027990999999999995,0.007655000000000004,0.011329000000000004,1.1279114006855535,-0.006044934519192702
20260623,002714.SZ,0.3078509987366231,0.45532904814398556,-0.065241,-0.032357,-0.137783,0.8614905367043443,-0.014401202937070656
20260623,002916.SZ,0.4169926368507229,0.4686813483155777,0.07093500000000001,0.15391700000000003,0.091604,1.155714218172259,0.0801635080333197
20260623,600406.SH,0.36808981919504785,0.4257139314801756,-0.011057999999999995,0.015221000000000005,-0.121697,0.9598078016752692,-0.0009917771854499602
20260623,601668.SH,0.34444598283076294,0.3847881548151682,-0.038072,-0.027425000000000005,-0.041691,1.2193496559729489,-0.00840353190182792
20260623,002050.SZ,0.4396823006989275,0.3620010145802011,-0.055986999999999995,-0.089525,-0.21246199999999998,1.0705331667038505,-0.025734014306619903
20260623,000792.SZ,0.32930947167458774,0.5130647650013307,-0.093281,0.040229000000000015,-0.08623199999999999,1.0463398083226563,-0.0474645134378878
20260623,601728.SH,0.42635691234996187,0.4701924662115227,-0.083524,-0.094055,-0.080151,0.8265866415081784,-0.024835317281327395
20260623,601919.SH,0.3591145417130059,0.40532727412868275,-0.034337000000000006,-0.06941599999999999,-0.042117,1.411678434290472,-0.016925130307872394
20260623,000425.SZ,0.44124104881473564,0.3832839268331697,-0.060842,-0.12545,-0.104436,1.012274419335053,-0.02047372647856436
20260623,601229.SH,0.4755061738938096,0.35172208150786044,-0.006022000000000001,-0.0033129999999999982,0.034336000000000005,1.2088886535096521,0.001380055534781688
20260623,600176.SH,0.34978626216954717,0.44829313820345335,0.264961,0.527768,0.442606,1.2998832065782537,0.24030901958184767
20260623,000100.SZ,0.5285488108470056,0.41311707307811424,0.054075,0.06911099999999999,0.12371999999999997,1.520033030957608,0.0077817393113217784
20260623,300760.SZ,0.3893367800722549,0.4469637001500162,-0.048995,-0.021829000000000005,-0.084428,0.8798588448931304,-0.005242502415373107
20260623,601600.SH,0.3543802467977841,0.4054315932085994,-0.15226,-0.08797799999999997,-0.16634900000000002,1.3400879820116438,-0.06127294061661557
20260623,600941.SH,0.37810571545498545,0.3744862989420239,-0.039854,-0.064384,-0.042121,0.98067806093565,-0.012893460560780601
20260623,600016.SH,0.42823294060549993,0.422114155458789,-0.038973999999999995,-0.016367999999999994,-0.007201999999999998,1.3410499332394232,-0.0059864771145009986
20260623,601939.SH,0.4008836356459185,0.3677719873574077,-0.030744000000000007,-0.024344000000000005,-0.005007000000000003,1.1397591897701869,-0.00752229125907844
20260623,601988.SH,0.35807641817775726,0.44508323176123415,0.003177999999999997,0.0020950000000000066,0.042642999999999986,1.2780653175968204,0.007710844667506355
20260623,002352.SZ,0.437043646599967,0.43862267355779455,-0.06770500000000002,-0.09600399999999999,-0.12514200000000003,1.14471540502852,-0.007615572598620302
20260623,600660.SH,0.38287174462843254,0.37277684265092353,-0.06137200000000001,-0.075283,-0.08705199999999999,1.0963610537364912,-0.01736330700346169
20260623,300433.SZ,0.373927005208463,0.3604966100782848,0.155491,0.241155,0.325355,1.1075976535399898,0.10166547520480185
20260623,600938.SH,0.39247619570786557,0.4153215992252853,-0.079926,-0.21653599999999998,-0.159411,1.094933098089261,-0.05507792691106439
20260623,600926.SH,0.42890488723077347,0.4057445812254175,-0.03976,-0.013300000000000001,-0.012962999999999983,1.2799821942395693,-0.018572288165158834
20260623,601012.SH,0.4446726008907433,0.421802716453724,-0.05735900000000001,0.02054300000000002,-0.15392599999999998,1.3216046271513298,-0.010342816082363936
20260623,603799.SH,0.3441121662838419,0.3933578976565299,-0.022947000000000002,0.095671,-0.10029099999999999,1.1657740855911232,-0.004664402268853718
20260623,300014.SZ,0.46724352132685465,0.49081458659252003,0.146385,0.22759000000000001,0.08219800000000001,1.2402082734969737,0.013821741243929875
20260623,600690.SH,0.4236937560232295,0.4099312035062127,-0.059542,-0.01989599999999999,-0.025657999999999993,1.2211029017739494,-0.014999105949971624
20260623,002460.SZ,0.421015512774672,0.49688019283733775,-0.04490600000000001,0.08693400000000001,-0.090196,0.946836917597842,-0.02570316107187929
20260623,603501.SH,0.4005390663391436,0.3893367800722549,-0.010779,-0.04448499999999999,-0.203385,1.1379525219972366,-0.0005339768350164587
20260623,601169.SH,0.40770964495087514,0.43213081201009007,-0.024681,-0.0032010000000000007,0.003181000000000005,1.2106433988364704,-0.005790989298308236
20260623,601985.SH,0.3875162689376009,0.2680354569501128,-0.023826,0.005949000000000001,0.03283,0.9878699129886003,-0.014328745853857239
20260623,002709.SZ,0.4720455160066785,0.4916657909577845,0.103835,0.14924700000000002,0.028540999999999997,0.8638577093662018,0.11327889644805555
20260623,300498.SZ,0.34091462345889917,0.49768853855101697,-0.056735999999999995,-0.026276999999999995,-0.117903,0.9085775941496564,-0.0053112236011993216
20260623,002938.SZ,0.4111847522900364,0.4215518938229671,0.02997700000000001,-0.025203999999999997,-0.03488399999999998,1.078442560443627,-0.022276594076893818
20260623,600028.SH,0.3897404617370707,0.4143221481001083,-0.030578999999999995,-0.011587999999999992,-0.015295999999999999,1.331378868801451,-0.009919899682809907
20260623,601766.SH,0.4399367922462977,0.38398760192715525,-0.057712,-0.024025,-0.057203000000000004,1.0198664797746027,-0.010881094529880186
20260623,601009.SH,0.3945732728726392,0.4086624407961164,-0.047852000000000006,-0.023417999999999994,0.02664499999999999,1.2969389266345457,-0.014467564142382528
20260623,300033.SZ,0.4440664643519951,0.3659113801172459,0.16968400000000003,0.21193100000000004,0.07922500000000002,1.2739508895730909,0.13158214049749722
20260623,600050.SH,0.4386131227741224,0.4708228079702306,-0.027399999999999997,-0.006565999999999999,-0.04028799999999999,0.6005713244404441,-0.0041789342617486016
20260623,300442.SZ,0.4916657909577845,0.38914797028226367,0.048310000000000006,0.10986,-0.12714000000000003,0.9459033120746868,0.1336623105570162
20260623,000568.SZ,0.36850315597376354,0.37496162666113947,-0.07018,-0.068673,-0.14969499999999997,1.013986499500259,-0.014629135215127986
20260623,000977.SZ,0.4065818146202021,0.38991968974238755,0.015766000000000002,0.10634700000000001,-0.06714199999999998,1.0075454019204402,0.018208705496718602
20260623,002241.SZ,0.3360224813624119,0.47048637115502706,-0.020409,0.0012019999999999982,-0.080736,1.353774598281376,-0.002764060802114399
20260623,600489.SH,0.394726196644303,0.39189179702549637,-0.113694,-0.027544000000000013,-0.15691300000000002,1.2100849685932142,-0.07134322608087995
20260623,601127.SH,0.4145105372680342,0.4238962934356423,-0.077649,-0.14309,-0.248029,1.0845826507525471,-0.1121823282468121
20260623,002466.SZ,0.3560657734983749,0.5202925224061177,-0.035336,0.09329099999999999,-0.07510400000000002,0.9048010116316659,-0.01560401126754094
20260623,600999.SH,0.4435322095591086,0.3922734071577553,0.08548799999999998,0.177395,0.143768,1.373210617060378,0.022016484553108652
20260623,601006.SH,0.45424259567766834,0.4396823006989275,-0.031817,-0.033689,-0.084831,0.8784723346580416,-0.004880030234930377
20260623,600905.SH,0.4136369872719652,0.3907705546264308,-0.043727,-0.02917,-0.02718,1.2234491719470713,-0.01322241150021719
20260623,600809.SH,0.3605275076289821,0.46352462286043633,-0.08683,-0.075523,-0.16051300000000002,1.0200781477323062,-0.035780737524308194
20260623,000807.SZ,0.36589353875655534,0.38285460795310233,-0.10863899999999999,-0.08882299999999999,-0.175784,1.2188299685233135,-0.04050518865826014
20260623,000408.SZ,0.3447012776287391,0.4047926711860272,-0.11485299999999998,0.001150000000000026,-0.07367099999999997,1.3207842697998844,-0.0981148351260865
20260623,601100.SH,0.38112214772035163,0.4295213636399199,-0.033989,-0.061497,0.016117999999999987,0.8547413901773911,-0.03658910278380749
20260623,603288.SH,0.3769785015901646,0.47631985528528126,0.0024280000000000065,0.027757000000000004,-0.016622999999999992,1.0531921794495047,0.0010909499636219567
20260623,688111.SH,0.40794275836479155,0.3797562143123793,-0.009431999999999996,-0.033803,-0.11864800000000002,1.1808390035538345,0.008497439643172377
20260623,601818.SH,0.41474632296913516,0.39056221233974353,-0.025042000000000002,-0.002465000000000007,0.004308000000000001,1.3084060429790874,-0.007197589434586748
20260623,688271.SH,0.4295213636399199,0.3577857510731996,-0.09737,-0.109418,-0.12612600000000002,0.8797951504308764,-0.020982576069713578
20260623,605117.SH,0.42015500567040004,0.3782313912455195,0.00891299999999999,-0.0018670000000000075,-0.14189500000000002,0.9816566877523606,0.09017071286072813
20260623,002625.SZ,0.3506452798956295,0.4132005739963266,-0.18878099999999998,-0.097869,-0.23552,1.3058576499011219,-0.20408761544477327
20260623,002027.SZ,0.4280179010689362,0.44124104881473564,-0.082653,-0.070849,-0.11024,1.0077297891883936,-0.0125181064645292
20260623,601888.SH,0.388194539859591,0.48595387162063497,-0.052313,-0.023723,-0.006991999999999977,1.4040119759112164,-0.005817418445474109
20260623,600104.SH,0.3906862846270373,0.4140966252970022,-0.045167,-0.10570600000000001,-0.17687200000000003,0.9541244979097285,-0.003707699159394695
20260623,000776.SZ,0.42899105123237097,0.3591312526229169,0.119148,0.231746,0.213955,1.2506483592527562,0.03848352364778864
20260623,601628.SH,0.4998637461378235,0.43767328819432694,-0.00455000000000001,0.09920699999999999,0.07478199999999999,1.3510998491409119,0.0028004242794958277
20260623,000938.SZ,0.3389871965444078,0.4720455160066785,0.017097000000000008,0.04315599999999999,-0.13072200000000003,0.9204142008093372,0.004269332853954322
20260623,601658.SH,0.4010862392201185,0.38730146614454936,-0.008899,0.017381999999999988,0.019611999999999994,1.3001503437191042,-0.00046377953620173605
20260623,600893.SH,0.3826019518997233,0.40327225814327644,0.059912999999999994,0.024919999999999994,-0.099329,1.0173528909661393,0.01670695496787524
20260623,000630.SZ,0.3745532891485564,0.3719563114860311,-0.06418599999999999,0.201173,0.08974800000000002,1.3218929526931,-0.02422058811101908
20260623,002600.SZ,0.3788952644550712,0.3609138499906351,0.068522,0.12215600000000001,0.013801999999999967,1.2583278673295402,0.014929294556925177
20260623,600989.SH,0.3975675006764241,0.4235091088540019,-0.017081,-0.07211700000000001,-0.122757,0.7997352988219166,-0.007428216662031861
20260623,600010.SH,0.3861332988033925,0.4390805589617307,-0.02136700000000001,0.013393000000000002,-0.066418,1.0627509102974164,-0.008683155593941328
20260623,601689.SH,0.4737489170279031,0.3349871831016054,-0.059418,-0.155086,-0.202498,1.1401978784166826,-0.04736728213623591
20260623,600547.SH,0.3913144999090161,0.3545297119723762,-0.13664600000000002,-0.054923000000000013,-0.17694800000000005,1.2328618838558323,-0.03290088903470092
20260623,600019.SH,0.3366972796982025,0.40080692084852915,-0.031833,0.029351999999999996,-0.026736000000000003,1.196264204641507,-0.0038671701646810107
20260623,002049.SZ,0.3742826860428629,0.39648028253540313,0.092767,0.16147399999999998,-0.025425,1.198422013591865,0.03496299792757176
20260623,601872.SH,0.3975441355227207,0.4065818146202021,0.157371,0.359188,0.134567,1.17166772710318,0.1514749575831254
20260623,601825.SH,0.3601731172551391,0.38352621757463207,-0.028961,-0.036189,-0.016601000000000005,1.2057754607622402,-0.005174205254092445
20260623,688126.SH,0.4092092184507463,0.38553928252097325,0.03509700000000001,0.225122,0.15896700000000002,1.3267958702235603,0.10007424709945774
20260623,601390.SH,0.44106655935618555,0.40429936441326747,-0.030634,-0.003999999999999997,-0.043668,1.3611774368871459,-0.0031176255542422204
20260623,600160.SH,0.3744768289094646,0.5285488108470056,0.014058999999999995,0.231299,0.31849500000000003,1.3545427212780543,0.016755067495184406
20260623,601336.SH,0.40651957622685064,0.49473611828465536,-0.006580999999999993,0.126661,0.058937,1.3573701454235112,0.0057615532103725275
20260623,600585.SH,0.3514141815829679,0.3690932426417957,-0.055040000000000006,-0.089408,-0.1034,1.2268501854281695,-0.004711443413243676
20260623,600958.SH,0.4664994548766391,0.38982923116097723,0.03234200000000001,0.104938,0.024137999999999993,1.2264877644867227,0.007923897319401152
20260623,601838.SH,0.42637972046395467,0.37418881729965203,-0.06594599999999999,-0.010962999999999997,0.023597,1.322288587473824,-0.0355646683344852
20260623,603296.SH,0.4389414777114256,0.42249394646825156,0.016784000000000007,0.086692,-0.01824399999999999,1.1698000643705029,0.005841789392781305
20260623,600795.SH,0.38357757735950615,0.3670471730622369,-0.043712,-0.037512000000000004,-0.030250999999999993,0.9685301108771424,-0.023965367355087253
20260623,601669.SH,0.45091414410074643,0.46156133985479997,0.028214,-0.0034479999999999997,-0.10010700000000002,1.1707713121759498,0.004974143781645601
20260623,601916.SH,0.37450527740792905,0.43101845131509403,-0.002853999999999999,0.007086000000000002,0.034102999999999994,1.2411688359499786,-0.00028652330369095537
20260623,002001.SZ,0.4140966252970022,0.3653553722070777,-0.010477999999999996,-0.029643999999999997,0.007255000000000003,1.0788225048415319,0.03754804257155584
20260623,300661.SZ,0.3299293183385687,0.35943867365290255,0.16535499999999997,0.29537899999999995,0.16587400000000002,1.1282783410259605,0.05661757312397819
20260623,002179.SZ,0.3880582906817422,0.3560027355745022,0.086057,0.16717999999999997,0.040168000000000016,1.2680586053462592,0.05455500565291349
20260623,600362.SH,0.4246488612507086,0.44760449686677395,0.053077,0.207999,0.122743,1.5058048482633424,0.08050147312480846
20260623,000538.SZ,0.3367128692407933,0.4058806312854762,-0.032611999999999995,-0.019385999999999997,-0.017893000000000003,1.251356187379046,-0.004003106706530346
20260623,600426.SH,0.38521620621115565,0.3646778793755939,-0.09999899999999999,-0.04931299999999999,-0.150995,1.0486317411852464,-0.0177361867851612
20260623,600015.SH,0.4638238420329152,0.4287656044853289,-0.012362999999999996,0.008283000000000002,0.015274000000000006,1.1522230920743022,-0.0021966730172318983
20260623,600066.SH,0.4067030426591146,0.47439504305104296,-0.05581399999999999,-0.13039099999999998,-0.17471099999999998,1.2230708801988661,0.00789507666039233
20260623,600875.SH,0.33620047461638086,0.3822356683366073,-0.010223999999999997,-0.0003349999999999881,-0.17049799999999998,0.9061794398232956,0.009882152153375534
20260623,600011.SH,0.5843695798245611,0.46462910897442594,-0.034368,-0.076105,0.05883000000000001,1.5002100315101021,-0.008199669399260734
20260623,600188.SH,0.3967110168423138,0.41381538961250697,-0.088232,-0.261639,-0.054636000000000004,1.2953870732853685,-0.09146635232703844
20260623,300015.SZ,0.41348467328113914,0.4408051889219171,0.015886000000000004,0.032823000000000005,-0.08184500000000001,0.837179340126516,0.005950135027544179
20260623,600048.SH,0.46173047459784095,0.47710719439710364,-0.05227,-0.067273,-0.17328300000000002,0.8125541098157462,-0.002790004982452515
20260623,605499.SH,0.4005009261967595,0.42015500567040004,-0.097333,-0.15685200000000002,-0.214484,0.9810634671232207,-0.08883663025586239
20260623,600482.SH,0.42249394646825156,0.44441531997633626,0.07299,-0.03102600000000001,-0.04489600000000003,1.0730075997019521,0.03860460374362593
20260623,601868.SH,0.3892225862861121,0.4347007653568523,0.012007999999999991,-0.026981000000000012,-0.11053000000000002,0.93159190198685,-0.0016185815404195837
20260623,002422.SZ,0.43853587049636894,0.4283782335331394,0.022768999999999998,0.10000799999999999,0.08930499999999998,0.9564389339548316,0.01785067148784627
20260623,002311.SZ,0.38424695821399074,0.36531869306620507,-0.018229000000000006,-0.011857000000000003,-0.02969499999999999,1.077536696324053,0.006283840675549257
20260623,002648.SZ,0.46156133985479997,0.3434186159670265,0.08657700000000002,0.07078900000000002,0.07843,1.0465413186004502,0.11506012663152836
20260623,000625.SZ,0.42585003473995303,0.46054067666936976,-0.053035000000000006,-0.069098,-0.13762799999999997,1.4962543373439887,-0.010957459253790724
20260623,000166.SZ,0.3694700710162471,0.3626577288564351,0.006212999999999994,0.08147199999999999,0.038677,1.337968910554081,0.0017317135850566157
20260623,601377.SH,0.39753950360475254,0.3628727744213608,0.02131299999999999,0.07409400000000001,0.07467900000000001,1.2614469100457022,0.005655677496823564
20260623,601995.SH,0.45368897427057137,0.3675555481102516,0.052598,0.08310200000000001,0.045628999999999996,1.4362992384158197,0.012532147120690396
20260623,300418.SZ,0.40834607853755744,0.39207520478642455,0.072916,0.09019400000000001,-0.124195,1.0750568199611927,0.07734173802858627
20260623,601998.SH,0.39368743253154936,0.45527519417730344,-0.017376999999999997,0.00047600000000000767,0.0032429999999999994,1.4283854112442917,-0.007954814125543686
20260623,600438.SH,0.3942405111619863,0.4390667428283464,-0.091444,-0.037214,-0.22521400000000005,1.034461681647392,-0.02273240491354709
20260623,600436.SH,0.4168886789080146,0.39621916648337774,-0.04484799999999999,-0.049186,-0.08576100000000002,1.3992471914059266,-0.005702249455930053
20260623,600460.SH,0.4363080247751095,0.4990388510630144,0.294381,0.399392,0.35197399999999995,1.479818985827412,0.14480149398185643
20260623,603893.SH,0.38032245416689753,0.3992840279110305,0.054174,0.10016499999999999,-0.05847500000000003,1.1992470635409413,0.21518716778475772
20260623,000975.SZ,0.44915971767756585,0.38709528831643,-0.139096,-0.04969599999999999,-0.22403599999999999,1.120574181727065,-0.06446667274794353
20260623,600346.SH,0.3586433372384617,0.42520751312432603,-0.01369900000000002,0.100734,0.014583999999999996,1.1418690328050083,0.011876639148732115
20260623,600570.SH,0.4045507591611161,0.3880459748046584,0.029717999999999998,0.05800899999999999,-0.100679,1.2647103853046595,0.007688576831187044
20260623,600760.SH,0.40269808592233103,0.4037490460459408,-0.055104,0.011920000000000004,-0.06627599999999999,1.1436099308297134,-0.02255843169483862
20260623,003816.SZ,0.3750175361545206,0.37101357621532255,-0.081299,-0.046223,-0.109911,1.025701374533091,-0.015366438219699675
20260623,601360.SH,0.41921648211705725,0.3639734115533818,-0.006593999999999999,-0.008335999999999996,-0.13401599999999997,1.0891642873201186,0.0013607562945861628
20260623,600219.SH,0.38677489043418023,0.43716781661078596,-0.07369200000000001,-0.026178000000000007,-0.144987,1.1282778178801451,-0.019468713855548003
20260623,600115.SH,0.3775172640777728,0.40052567844638154,-0.07161300000000001,0.026157000000000007,-0.129942,0.9877734365085455,-0.010061105266257298
20260623,000157.SZ,0.42475842113096296,0.4280179010689362,-0.031914000000000005,-0.038383,-0.009483999999999992,0.8945086655657181,-0.005602132791115299
20260623,688036.SH,0.4099438365413744,0.42477218311286724,0.042247,-0.011473000000000013,-0.11722700000000001,1.0677271273927953,0.009221862417150195
20260623,600415.SH,0.3703735284320945,0.4108957781068778,-0.025179,-0.006778999999999992,-0.201019,0.8689729245914849,-0.04671222896094847
20260623,601077.SH,0.48715281226314694,0.4234825680190117,-0.016578,-0.007904999999999999,-0.018878999999999983,1.3217618457943818,-0.0097080551969434
20260623,002074.SZ,0.49473611828465536,0.4040655147618467,0.008712000000000004,0.030451000000000013,-0.150316,0.9473602553608896,-0.0060741576428537504
20260623,688396.SH,0.4399197348292907,0.4085304069713041,0.16373100000000002,0.27283,0.230376,1.3467914163877996,0.18386862554318784
20260623,600886.SH,0.3833583017500649,0.38359578737428845,-0.033349000000000004,-0.01391100000000001,-0.009233000000000016,1.1693358970358827,-0.007959994888237088
20260623,300782.SZ,0.39008697500318074,0.3945719333261617,0.168272,0.20354099999999997,-0.05535700000000004,1.0197702266971045,0.057918795726762395
20260623,002493.SZ,0.4110125051740017,0.41818424594593956,-0.0066910000000000025,0.05726699999999999,0.046030999999999996,1.1467820221824252,0.005705747505087055
20260623,601058.SH,0.4513093804631843,0.40794275836479155,-0.09523099999999998,-0.04895199999999999,-0.08771499999999999,1.1401635870943947,-0.019559464328737296
20260623,002236.SZ,0.37764103543718175,0.40192030640772003,-0.010965000000000003,-0.031193000000000005,-0.10444500000000001,1.0311774661808681,-0.004487877187574818
20260623,001979.SZ,0.4112213579538936,0.3995543521901372,-0.131816,-0.159779,-0.20349299999999998,1.034580619389116,-0.00899788330533397
20260623,300803.SZ,0.44093231357558993,0.3994249067730972,0.111835,0.265197,0.05567800000000002,1.3502017000052984,0.08713119064637712
20260623,000301.SZ,0.4341684468837123,0.4021558869800264,-0.06731100000000001,0.04593,-0.033067,1.2098680725100632,-0.025160955620642154
20260623,600233.SH,0.4390667428283464,0.40359636431722734,-0.062069999999999986,-0.041813,-0.12395099999999999,0.9138563825297205,-0.015323852763924029
20260623,601877.SH,0.33591465072743765,0.4151985396334677,-0.047501999999999996,0.030985000000000006,-0.10347699999999999,0.9946470606193794,-0.007047572221612719
20260623,601066.SH,0.4990388510630144,0.37996875587496476,0.112152,0.17453200000000002,0.263127,1.4909258500502647,0.026938426834110185
20260623,600026.SH,0.4142127944759631,0.38677489043418023,0.08429600000000001,0.22946900000000003,-0.03328799999999998,1.288841241305608,0.10894507562020386
20260623,300316.SZ,0.3931493649021657,0.4385691140726973,0.07070399999999999,0.22194599999999998,0.021804000000000018,1.2787527537596235,0.09760923671805433
20260623,002736.SZ,0.40685555646781185,0.33054603135199007,0.024064000000000006,0.084842,0.053463,1.0118116485712432,0.006997523591572708
20260623,601898.SH,0.34268631524157556,0.3723379997182769,-0.09116800000000001,-0.23103499999999996,-0.13068699999999997,1.1101995356265157,-0.049196811433712774
20260623,600009.SH,0.3569115730264748,0.423210994205088,-0.052082,-0.0004650000000000036,-0.10382599999999999,1.3797106198280589,-0.0025196113149049183
20260623,600674.SH,0.40680371456608744,0.41474632296913516,-0.06228499999999999,-0.03801799999999998,-0.03675399999999999,1.1089346785338996,-0.023298806813595817
20260623,000768.SZ,0.39678129174167764,0.4359551885305465,-0.04791399999999999,0.02494800000000002,-0.04663899999999998,1.4011911696129702,-0.0077230859260084325
20260623,002920.SZ,0.39228762481181534,0.4363080247751095,-0.060266,-0.118408,-0.246823,0.8548855786375786,-0.036444835143206865
20260623,601186.SH,0.3636617600819472,0.41760324488296163,-0.018009999999999998,0.008990000000000003,-0.006005,1.3864010322266422,-0.002153958257137811
20260623,600029.SH,0.4284543812709853,0.379498614810111,-0.055664000000000005,0.026466000000000007,-0.066484,0.9694356923483862,-0.009161030075298426
20260623,600196.SH,0.41125694786464545,0.372362968489844,-0.0017880000000000049,0.028821,-0.04331200000000001,1.1156491110655473,0.005127478409503883
20260623,688047.SH,0.3648189959270068,0.4699571196260428,-0.008222999999999996,0.09156700000000001,-0.139747,0.8566079427018362,0.0020004948930966828
20260623,601117.SH,0.4222777776365867,0.35822752980855516,0.039991,0.103804,0.018879999999999994,1.313223200849563,0.020134632883074644
20260623,002252.SZ,0.37996875587496476,0.3350408545445892,-0.06412400000000001,-0.09722800000000001,-0.117644,1.2799601377886818,-0.006240042176054938
20260623,601788.SH,0.3823250634394297,0.3380795234722532,0.027834,0.10525100000000001,0.05059399999999999,1.3135943257979836,0.009174200172819025
20260623,601901.SH,0.3903005869796399,0.3368071950993176,0.028993,0.100889,-0.002158999999999997,1.3411272175191862,0.006341540315229122
20260623,002304.SZ,0.38668013108107596,0.3861332988033925,-0.056960000000000004,-0.036772000000000006,-0.08574,1.3119920777726477,-0.005705164433086307
20260623,600372.SH,0.3875184309376286,0.44142145745262923,-0.018632,0.012228000000000006,-0.07609199999999999,1.0305963960412028,-0.0022312528351368655
20260623,600023.SH,0.33242444226507784,0.3915295202103824,-0.106053,-0.06972999999999999,-0.057604,1.091769897854969,-0.04800149829989957
20260623,601881.SH,0.3704207415464718,0.38976912453694873,0.023755000000000012,0.09089600000000002,0.061616000000000004,1.3005043635379328,0.006333782460036441
20260623,600741.SH,0.4327329261506012,0.48715281226314694,-0.023534999999999997,0.006617000000000003,-0.01839499999999999,0.8842505045261324,0.0030518204353668253
20260623,300866.SZ,0.4708228079702306,0.3785152040656937,-0.046846,0.038925,-0.09134800000000001,0.858622852450795,-0.008340531900655623
20260623,000895.SZ,0.36195290217507314,0.4010122428459683,-0.057783,-0.05771,-0.12218099999999998,1.1538026298413464,-0.008368500911292797
20260623,601878.SH,0.39226796797020447,0.39516824033234793,0.022183,0.074801,0.021341000000000006,1.2811676779091823,0.0060539260596888965
20260623,000963.SZ,0.3203451450658354,0.41229331603424707,-0.0018379999999999976,0.066684,0.017237000000000002,1.0202584211810992,0.010828213418047605
20260623,601111.SH,0.3998804187111563,0.3799551681657215,-0.071959,-0.012477000000000002,-0.129856,0.9952512909059587,-0.010076946805313925
20260623,300759.SZ,0.45527519417730344,0.40309770297930575,0.05472,0.071668,-0.08026100000000001,0.8674673298674838,0.021879383211987947
20260623,601698.SH,0.3458326173919982,0.38009402906449047,-0.122896,-0.101157,-0.133288,1.0433347893360658,-0.0678434422400708
20260623,301236.SZ,0.47048637115502706,0.5290648845503695,-0.0029710000000000014,-0.07144900000000001,0.05435499999999997,1.4221875646488196,0.0025873892878642613
20260623,002601.SZ,0.4085061535376572,0.4435322095591086,0.07484999999999999,0.18978799999999998,0.110869,1.3570454856420509,0.04115742584342241
20260623,000661.SZ,0.5130647650013307,0.37732880600408625,0.0028090000000000025,-0.005390999999999993,-0.18994700000000003,1.098733158871237,0.0014976625896458095
20260623,000786.SZ,0.38113326202114883,0.4386131227741224,-0.11330699999999999,-0.125701,-0.208648,1.1937763096895078,-0.022470800318615113
20260623,601021.SH,0.37738946648584654,0.3664470956073516,-0.052642999999999995,0.05054500000000002,-0.046247999999999984,1.1313344075256626,-0.008087977529506296
20260623,000002.SZ,0.4699571196260428,0.406132860229009,-0.012454,-0.015405000000000002,-0.116019,1.1918466059628483,0.00023154369177877805
20260623,600027.SH,0.4632400682358925,0.42050537157041756,-0.060059999999999995,-0.075371,-0.07483600000000001,1.2548802197107474,-0.01954229289802356
20260623,600588.SH,0.4057123517919504,0.471025248373391,-0.04540299999999999,-0.085653,-0.11205000000000001,1.2731162342490112,-0.0015482902169292212
20260623,601800.SH,0.37162219594323015,0.45689440699100686,-0.038387000000000004,-0.006090000000000001,-0.030858000000000003,1.4403770905122555,-0.005920778924221837
20260623,688223.SH,0.47193584158920493,0.35898124529534936,-0.07120900000000001,-0.038406,-0.267528,0.7783433311473233,-0.01944484161021833
20260623,301269.SZ,0.4701924662115227,0.5843695798245611,-0.0015259999999999961,0.06879600000000002,-0.18686,1.0500318580000836,0.00024343595761804336
20260623,603369.SH,0.4181114280613592,0.38368631241340617,-0.062391,-0.059281,-0.101676,1.1634621391775224,-0.007047637336946577
20260623,688169.SH,0.4037490460459408,0.41028086968198646,-0.075996,-0.16789499999999996,-0.262141,1.162721509929738,-0.014575283610408473
20260623,600039.SH,0.3246647868443706,0.4638238420329152,-0.027859000000000002,-0.043186999999999996,-0.024189999999999996,0.7795510750240889,-0.03943011003370014
20260623,601319.SH,0.47901582495332795,0.4197526166822788,-0.016908,0.076721,0.008341,1.30223923114391,0.003772484693729883
20260623,600600.SH,0.39142864882704065,0.44915971767756585,-0.109996,-0.120192,-0.12160599999999999,1.417684504252231,-0.024976925023116926
20260623,601633.SH,0.3863160957925924,0.4519986283358905,-0.067096,0.011737999999999998,-0.056365000000000005,1.4180948378089757,-0.016618922704043283
20260623,000983.SZ,0.3734414106865373,0.37091543130262467,-0.07102900000000001,-0.13371300000000003,-0.002037000000000018,1.3391998500385207,-0.025129381065412137
20260623,688082.SH,0.34894580595461394,0.3608259512041295,0.260182,0.517238,0.5150980000000001,1.298967239603857,0.2572165945568695
20260623,300347.SZ,0.3579757243021904,0.3937291103459538,0.042336,0.129573,-0.02309300000000001,0.9355332118715248,0.007331524008082457
20260623,001965.SZ,0.4197526166822788,0.33131650150777636,0.07818800000000001,0.06839100000000001,0.013084999999999989,0.8619701867045052,0.01864570445414322
20260623,601618.SH,0.4179977629323755,0.46017216390205923,-0.025052999999999995,-0.016986999999999995,-0.056434,1.3545777171901852,-0.005734685329799083
20260623,000617.SZ,0.4469637001500162,0.3548649723173969,-0.006448000000000006,0.014473999999999997,-0.08016000000000001,0.6769817402740892,0.0017433963179012356
20260623,300628.SZ,0.37738009058700583,0.39990458541223456,-0.04409300000000001,-0.085317,-0.11207,1.2349153423810202,-0.006812848229475565
20260623,688472.SH,0.4408051889219171,0.408052370299141,-0.009681000000000002,0.008766999999999997,-0.214692,0.9125868520139824,-0.006798893254233262
20260623,300251.SZ,0.364027900194907,0.40222730209789626,0.015361999999999999,0.016284,-0.080391,0.8883640693913932,0.0018683105284860945
20260623,600025.SH,0.3830956103079117,0.3402976843097978,-0.027091999999999998,-0.029680000000000005,0.008558000000000008,1.0998323736215576,-0.010806447020120347
20260623,600930.SH,0.39207520478642455,0.3691202292330784,-0.120311,-0.148192,-0.17484799999999998,0.9080056459115099,-0.04312829867392105
20260623,600803.SH,0.3477318977431016,0.4189692149530771,-0.049923999999999996,-0.122109,-0.141123,0.9977747757431172,-0.0056612160168511005
20260623,302132.SZ,0.4631237483607303,0.40136541112162366,-0.041963,0.03738399999999999,-0.07662200000000001,1.2863949560921917,-0.04436103766447488
20260623,601607.SH,0.3995433325723729,0.37941570861349755,-0.008456000000000002,0.007094,-0.013935000000000006,1.1038370661342634,-0.0010740363451080092
20260623,300832.SZ,0.44970205675543157,0.3234123799495744,-0.022127000000000004,-0.045018999999999997,-0.071779,0.7848793455605808,-0.007890485203773468
20260623,600515.SH,0.34214015300072337,0.42890488723077347,-0.047296000000000005,-0.046895000000000006,-0.135092,0.8526161105252188,-0.012415218449564457
20260623,002459.SZ,0.41616252227664885,0.36428923905852484,-0.073558,0.01113900000000001,-0.16724099999999997,1.1741553104951072,-0.02397174029634095
20260623,000876.SZ,0.3951041836122694,0.40661117287639914,-0.060389,-0.138024,-0.26014800000000005,1.0107172276997463,-0.003896295548790818
20260623,600085.SH,0.3619419978638626,0.4501785497099378,-0.049874,-0.036475,-0.064884,1.2040292193183104,-0.007334749627141979
20260623,688506.SH,0.43474461232918954,0.4222777776365867,0.07012499999999999,0.21976400000000001,0.10263099999999997,1.180939656779958,0.12084486420199755
20260623,600845.SH,0.3945719333261617,0.4164118347727738,-0.033339999999999995,-0.064441,-0.21821900000000002,0.8424042669887336,-0.0066519355284051064
20260623,600918.SH,0.4314034157322437,0.35812463457054033,0.011382999999999994,0.05560999999999999,-0.02655900000000001,1.4314323069557664,0.006627801355503471
20260623,601059.SH,0.4201307775329899,0.3757586984190607,0.041783,0.017237000000000006,-0.06583599999999999,1.372502337765762,0.018406653577997912
20260623,600061.SH,0.3865275710744698,0.3487682229658447,0.019884,0.077708,0.043859999999999996,1.291190029028108,0.0028256021407897292
20260623,300122.SZ,0.3886400841669128,0.4328642646676856,0.004718000000000002,0.041196,-0.093268,0.9900760969386929,-0.001430724224942187
20260623,300999.SZ,0.34773415875142294,0.42585003473995303,-0.052302,-0.025373999999999994,-0.05324799999999999,1.3600868855665227,-0.005992028230585233
20260623,000999.SZ,0.3339859978784042,0.374478259396228,-0.029325000000000004,-0.009374000000000006,0.002757999999999995,1.0859506411554916,-0.007208023840245437
20260623,300896.SZ,0.3782313912455195,0.3923574730910783,-0.026957000000000002,-0.032474,-0.119169,1.060118164548377,-0.00203381638239728
20260623,000596.SZ,0.47631985528528126,0.4064282757813215,-0.087617,-0.079995,-0.15728199999999998,0.8219691097147807,-0.009870713611854398
20260623,688187.SH,0.3604966100782848,0.4092092184507463,0.108484,0.15476099999999998,0.050231000000000005,0.9208205568062018,0.03624514568640673
20260623,600018.SH,0.38333651885423875,0.4223752593849867,-0.021651,0.002576,-0.026656000000000003,1.25185249014515,-0.0018771532068506901
20260623,000708.SZ,0.3267315482494359,0.3610430006073466,-0.050426,0.0077590000000000055,-0.03823599999999999,1.067046959177361,-0.007580755130572103
20260623,601456.SH,0.4519986283358905,0.43535005086078343,-0.010995000000000005,0.08693899999999997,0.03549299999999998,1.4766601294701311,-0.010741480932469783
20260623,603392.SH,0.440534789756085,0.38881917581841047,0.0055239999999999985,-0.11456100000000001,-0.20602799999999996,1.0539393206278906,-0.02530150141888434
20260623,601238.SH,0.33445531418727037,0.3857559450794139,-0.083826,-0.088462,-0.146402,1.1607064987273066,-0.010568379149855945
20260623,601018.SH,0.3619565785022985,0.437043646599967,-0.029224,0.003937999999999997,-0.07647599999999997,1.180404446217152,-0.00312296155767553
20260623,603260.SH,0.4283782335331394,0.48632670352839613,0.047486999999999994,0.316967,0.214701,1.337627383359015,-0.017950020123549026
20260623,300413.SZ,0.4144173252849898,0.3230081835301559,-0.045597,-0.046788,-0.14347500000000002,1.0248621931027664,-0.002329777012446438
20260623,600161.SH,0.5202925224061177,0.36022602159068806,-0.037101999999999996,-0.033900999999999994,-0.086196,1.1790854146895833,-0.004484690932407021
20260623,688009.SH,0.42086142931650933,0.4998637461378235,0.016624,-0.00913100000000001,0.028233,0.9760856418893437,0.0015843848004862715
20260623,688303.SH,0.5290648845503695,0.4446726008907433,-0.09656,-0.089619,-0.017703000000000017,1.4808792652697558,-0.02265061082886031
20260623,603195.SH,0.4108957781068778,0.3855232692343082,-0.018002,-0.010442,-0.034771000000000024,1.0501568299042658,-0.0007846559605305892
20260623,601236.SH,0.446406659416183,0.4010862392201185,0.019481000000000012,0.06418000000000001,0.030831000000000025,1.424335229376486,0.002945392957541737
20260623,601136.SH,0.3599246686263226,0.45091414410074643,0.030675000000000004,0.08744400000000001,-0.019878999999999983,1.245364137660065,0.0134218001121174
20260623,601808.SH,0.49270924242497943,0.3276368477491427,-0.065094,-0.074818,-0.127643,0.8567870613136312,-0.005675049454964665
20260623,601298.SH,0.4034214550257104,0.3746396438354322,-0.049714,-0.077639,-0.051605999999999985,1.3375981711838103,-0.006015322495429487
20260623,600377.SH,0.37268623450188326,0.4361390597494601,-0.009795000000000003,-0.04983,-0.027478000000000002,1.207809303228576,-0.0036878359140724458
20260623,300979.SZ,0.35860850567681857,0.40307139199454284,-0.052462,-0.059473000000000005,-0.12065300000000001,1.054034911446293,-0.00679995853588482
20260623,001391.SZ,0.4328642646676856,0.40583923533753663,-0.08019399999999999,-0.11638599999999999,-0.18233000000000002,1.1444078824358994,-0.030749461715632996
