trade_date,yield_1m,yield_3m,yield_6m,yield_1y,yield_2y,yield_5y,yield_10y,yield_30y
20201223,0.02708,0.02787,0.02854,0.03033,0.032827,0.036053,0.040273,0.043899
20201224,0.02703,0.02776,0.02849,0.03029,0.032056,0.035822,0.043028,0.041592
20201225,0.02702,0.02766,0.0284,0.03015,0.031681,0.037235,0.03676,0.037753
20201228,0.02702,0.02761,0.02838,0.03009,0.032332,0.03309,0.03509,0.037403
20201229,0.02702,0.02757,0.02837,0.03001,0.03101,0.036638,0.035286,0.03601
20201230,0.02702,0.02755,0.02837,0.03,0.033466,0.035548,0.038203,0.036
20201231,0.02702,0.02756,0.02838,0.03,0.031456,0.036222,0.035,0.040127
20210104,0.02642,0.02746,0.02829,0.02993,0.031329,0.035347,0.036125,0.044487
20210105,0.02577,0.02734,0.02816,0.02985,0.031837,0.033735,0.040318,0.03585
20210106,0.02529,0.02707,0.02792,0.02962,0.031829,0.03262,0.03462,0.039211
20210107,0.02491,0.02677,0.02769,0.02936,0.032098,0.035703,0.037013,0.037457
20210108,0.02468,0.02645,0.02738,0.0291,0.0301,0.03366,0.035718,0.041271
20210111,0.02447,0.02618,0.02715,0.02889,0.031234,0.03189,0.037862,0.036735
20210112,0.02432,0.02599,0.02703,0.0288,0.030123,0.036023,0.039893,0.040594
20210113,0.02412,0.0259,0.02697,0.02871,0.029871,0.034092,0.037704,0.040637
20210114,0.02404,0.02582,0.02697,0.02864,0.030161,0.034269,0.03364,0.03464
20210115,0.0239,0.02581,0.02694,0.02859,0.031403,0.037302,0.036374,0.040601
20210118,0.02388,0.02578,0.0269,0.02857,0.030932,0.03328,0.037654,0.042184
20210119,0.02396,0.02573,0.02685,0.02858,0.030544,0.037709,0.03358,0.040046
20210120,0.02464,0.02575,0.02688,0.02866,0.030747,0.034062,0.036935,0.03466
20210121,0.02489,0.02578,0.02688,0.02875,0.03053,0.035464,0.041184,0.036195
20210122,0.02503,0.02578,0.02688,0.02883,0.030022,0.033826,0.039576,0.038816
20210125,0.02512,0.02579,0.02691,0.02892,0.03039,0.035947,0.037211,0.040826
20210126,0.02547,0.02589,0.02699,0.02906,0.030358,0.034405,0.035884,0.03506
20210127,0.02632,0.02619,0.02707,0.02936,0.031656,0.035882,0.037375,0.037656
20210128,0.02708,0.02705,0.02756,0.02962,0.03062,0.034779,0.036592,0.036213
20210129,0.02832,0.02765,0.02796,0.02989,0.031729,0.036698,0.043549,0.039414
20210201,0.0285,0.02773,0.02802,0.02998,0.032238,0.035831,0.03498,0.0389
20210202,0.02807,0.02775,0.02805,0.03003,0.03209,0.040956,0.037453,0.039935
20210203,0.02772,0.02776,0.02807,0.03002,0.031985,0.033683,0.041448,0.041276
20210204,0.02752,0.02776,0.02807,0.03002,0.032811,0.034201,0.042228,0.03602
20210205,0.02753,0.02779,0.02807,0.03007,0.032657,0.040451,0.035098,0.037371
20210208,0.02755,0.02791,0.02828,0.03024,0.03234,0.035233,0.03524,0.039446
20210209,0.02759,0.02808,0.0285,0.03034,0.03134,0.037287,0.035582,0.04399
20210210,0.02754,0.02812,0.02862,0.03038,0.031597,0.035736,0.040821,0.03638
20210218,0.02753,0.02815,0.02866,0.03038,0.032607,0.038994,0.03538,0.039934
20210219,0.02745,0.02824,0.02876,0.03052,0.03278,0.038084,0.03552,0.03652
20210222,0.0274,0.02845,0.02895,0.03076,0.033282,0.037354,0.039511,0.040799
20210223,0.02733,0.02848,0.029,0.03085,0.03217,0.037315,0.039729,0.037707
20210224,0.02727,0.02843,0.02902,0.03094,0.034806,0.037888,0.03594,0.04191
20210225,0.02721,0.02836,0.029,0.03101,0.032035,0.038584,0.042486,0.037548
20210226,0.02719,0.02833,0.029,0.03104,0.034003,0.037866,0.041506,0.04573
20210301,0.02701,0.02813,0.02899,0.03105,0.032805,0.035543,0.036381,0.037603
20210302,0.02682,0.02804,0.02899,0.03106,0.032983,0.037742,0.03989,0.042542
20210303,0.02654,0.02794,0.02898,0.03103,0.033043,0.039937,0.038236,0.048191
20210304,0.02629,0.02781,0.02893,0.03104,0.033666,0.035326,0.03604,0.041487
20210305,0.02597,0.02766,0.02885,0.03102,0.032797,0.038448,0.04044,0.039802
20210308,0.02583,0.02749,0.02879,0.03102,0.032173,0.03402,0.03768,0.042589
20210309,0.02584,0.0274,0.02867,0.03102,0.033234,0.034529,0.03954,0.041176
20210310,0.02578,0.02737,0.0286,0.03102,0.032136,0.037327,0.039195,0.03702
20210311,0.02574,0.02733,0.02855,0.03102,0.033378,0.038142,0.042269,0.043181
20210312,0.02563,0.02719,0.02848,0.03101,0.03201,0.035134,0.040555,0.041551
20210315,0.02568,0.02709,0.02843,0.03102,0.033535,0.044725,0.040733,0.043427
20210316,0.02568,0.02705,0.02836,0.03102,0.033974,0.038323,0.038074,0.042297
20210317,0.0257,0.02704,0.02832,0.031,0.032227,0.036526,0.037544,0.040246
20210318,0.02574,0.02703,0.02831,0.031,0.035315,0.034,0.041059,0.037
20210319,0.02577,0.02698,0.02836,0.031,0.032528,0.039178,0.039193,0.037
20210322,0.02576,0.02694,0.02832,0.03097,0.032255,0.038329,0.036779,0.040619
20210323,0.02578,0.02689,0.02826,0.03094,0.032986,0.035637,0.045372,0.041842
20210324,0.02577,0.02681,0.02815,0.0309,0.0319,0.037273,0.036915,0.042457
20210325,0.02577,0.026685,0.02809,0.03089,0.032097,0.036661,0.040405,0.042487
20210326,0.02569,0.0265,0.02802,0.03086,0.03186,0.036191,0.037435,0.0379
20210329,0.02554,0.02642,0.02802,0.03083,0.034595,0.03764,0.03583,0.042584
20210330,0.02541,0.02639,0.02799,0.03081,0.034932,0.038875,0.03581,0.038357
20210331,0.02542,0.02635,0.02798,0.0308,0.034067,0.035385,0.040131,0.042124
20210401,0.02541,0.02635,0.02799,0.0308,0.031873,0.036681,0.0358,0.0368
20210402,0.02541,0.02634,0.02799,0.03079,0.032537,0.034294,0.043687,0.03679
20210406,0.02533,0.02629,0.02798,0.03072,0.03228,0.036981,0.043044,0.03672
20210407,0.02532,0.0262,0.02796,0.03068,0.033843,0.0367,0.035735,0.041066
20210408,0.02523,0.02615,0.02798,0.03062,0.032819,0.03542,0.038829,0.038464
20210409,0.02516,0.02612,0.02795,0.03059,0.032704,0.037914,0.043348,0.03659
20210412,0.0251,0.02608,0.02797,0.03055,0.034683,0.03355,0.038095,0.041315
20210413,0.02508,0.02605,0.02798,0.03051,0.032791,0.035265,0.037886,0.038031
20210414,0.02503,0.02603,0.02798,0.03042,0.031831,0.038119,0.039491,0.037341
20210415,0.02502,0.02602,0.02798,0.03037,0.03327,0.036985,0.040809,0.041259
20210416,0.02501,0.02601,0.02798,0.03032,0.031491,0.0352,0.040562,0.041151
20210419,0.025,0.026,0.02798,0.03026,0.032239,0.036495,0.042093,0.037485
20210420,0.025,0.026,0.02798,0.0302,0.032747,0.035796,0.037547,0.042496
20210421,0.025,0.026,0.02794,0.03009,0.032915,0.037717,0.042006,0.039153
20210422,0.025,0.026,0.02792,0.03001,0.032692,0.035389,0.038982,0.03862
20210423,0.025,0.026,0.02792,0.03,0.032097,0.03719,0.035545,0.045277
20210426,0.02494,0.02594,0.02792,0.02987,0.03087,0.033442,0.041344,0.041245
20210427,0.02491,0.02592,0.02782,0.02981,0.032434,0.037067,0.037773,0.036118
20210428,0.02491,0.02592,0.02768,0.0298,0.031876,0.034446,0.040725,0.038359
20210429,0.0249,0.02585,0.02757,0.02978,0.030955,0.035137,0.039019,0.037089
20210430,0.02489,0.0258,0.02752,0.02972,0.030898,0.036207,0.038455,0.037199
20210506,0.02477,0.02576,0.02745,0.02966,0.031189,0.036124,0.03466,0.03566
20210507,0.02463,0.02569,0.02742,0.02959,0.030872,0.035163,0.038523,0.043016
20210510,0.02437,0.02542,0.02728,0.02947,0.032328,0.03515,0.037413,0.03547
20210511,0.02432,0.02536,0.02722,0.02943,0.031411,0.034853,0.038398,0.035948
20210512,0.02429,0.02532,0.02719,0.02938,0.031899,0.038445,0.037054,0.039585
20210513,0.02423,0.02525,0.02709,0.02932,0.03201,0.034518,0.037992,0.038358
20210514,0.02422,0.02521,0.02705,0.02931,0.031408,0.033764,0.037384,0.039804
20210517,0.02419,0.02514,0.02703,0.02932,0.032771,0.037239,0.04378,0.036018
20210518,0.02418,0.0251,0.02702,0.0293,0.032172,0.035667,0.043869,0.035875
20210519,0.02416,0.02505,0.02701,0.02932,0.03048,0.034121,0.03432,0.036743
20210520,0.02412,0.02497,0.0269,0.02931,0.030551,0.035611,0.038335,0.043939
20210521,0.0241,0.02489,0.02684,0.02929,0.03224,0.034136,0.034595,0.039766
20210524,0.02407,0.0249,0.02675,0.02925,0.03025,0.038913,0.040788,0.036842
20210525,0.02406,0.02485,0.02671,0.02924,0.03024,0.037948,0.036896,0.041953
20210526,0.02405,0.02479,0.0267,0.02921,0.03021,0.034011,0.037226,0.038351
20210527,0.02403,0.02474,0.02667,0.02915,0.0307,0.036396,0.03415,0.037723
20210528,0.02404,0.02476,0.02663,0.02912,0.03124,0.036149,0.039255,0.03512
20210531,0.02407,0.02479,0.02663,0.02911,0.03011,0.037665,0.038107,0.035865
20210601,0.02406,0.02478,0.02659,0.0291,0.032651,0.035331,0.040638,0.038303
20210602,0.02397,0.02469,0.02651,0.02907,0.033131,0.038581,0.036323,0.040985
20210603,0.02384,0.02454,0.02641,0.02899,0.031635,0.037727,0.034095,0.040048
20210604,0.02377,0.02444,0.02629,0.02887,0.031928,0.03187,0.03387,0.03487
20210607,0.02385,0.02446,0.02626,0.02887,0.030601,0.036305,0.041377,0.038092
20210608,0.02383,0.02443,0.02624,0.02884,0.032469,0.03208,0.03384,0.037673
20210609,0.02386,0.02442,0.02618,0.02884,0.031224,0.034775,0.03384,0.037573
20210610,0.02381,0.02435,0.02611,0.02881,0.02981,0.036149,0.03791,0.03499
20210611,0.02384,0.02434,0.0261,0.02883,0.030316,0.032712,0.036642,0.040695
20210615,0.02383,0.02434,0.02608,0.02884,0.029854,0.035848,0.035249,0.035461
20210616,0.02388,0.02439,0.02605,0.02886,0.030753,0.03279,0.035199,0.03486
20210617,0.02391,0.02441,0.02604,0.02891,0.032875,0.034981,0.034811,0.038552
20210618,0.02398,0.02444,0.02606,0.02895,0.030838,0.034508,0.038793,0.040223
20210621,0.02401,0.02449,0.02606,0.02902,0.030489,0.033868,0.036195,0.03502
20210622,0.02406,0.02457,0.02608,0.02905,0.03005,0.037784,0.041985,0.037303
20210623,0.02406,0.02457,0.0261,0.02906,0.031637,0.035683,0.046297,0.041419
20210624,0.02404,0.02455,0.02611,0.02907,0.030942,0.033159,0.03407,0.03868
20210625,0.02404,0.02456,0.02609,0.02904,0.030284,0.032195,0.0351,0.03504
20210628,0.02405,0.02457,0.02607,0.02904,0.032727,0.036803,0.037016,0.04248
20210629,0.0241,0.02458,0.02608,0.02904,0.031117,0.033317,0.041609,0.039657
20210630,0.02415,0.02458,0.02609,0.02904,0.03004,0.034659,0.034413,0.03504
20210701,0.02407,0.02457,0.02606,0.02901,0.031936,0.038829,0.03401,0.039699
20210702,0.02385,0.02449,0.02605,0.02899,0.030339,0.034016,0.035213,0.035398
20210705,0.02382,0.02444,0.02601,0.02896,0.031009,0.033298,0.037771,0.037809
20210706,0.02378,0.02442,0.02601,0.02898,0.030741,0.033165,0.03525,0.040246
20210707,0.02376,0.02442,0.026,0.02896,0.031461,0.033005,0.037258,0.040214
20210708,0.02357,0.02435,0.02594,0.02872,0.02972,0.035807,0.034732,0.039432
20210709,0.02351,0.02435,0.02589,0.02868,0.029917,0.03168,0.03368,0.037824
20210712,0.02339,0.02428,0.02577,0.02858,0.03084,0.032771,0.038496,0.03458
20210713,0.02333,0.02423,0.02567,0.02843,0.030364,0.032008,0.034474,0.037572
20210714,0.02326,0.02414,0.02552,0.02833,0.02947,0.033561,0.039349,0.035599
20210715,0.02316,0.02405,0.02547,0.02822,0.031056,0.031961,0.037809,0.041545
20210716,0.02318,0.02404,0.02543,0.02814,0.02914,0.032546,0.037871,0.036531
20210719,0.02315,0.02401,0.02534,0.02808,0.030451,0.032872,0.03634,0.036613
20210720,0.02313,0.02402,0.02528,0.02805,0.031218,0.034559,0.037063,0.035814
20210721,0.02315,0.02402,0.02527,0.02801,0.029522,0.033145,0.037193,0.035747
20210722,0.02317,0.02402,0.02526,0.02799,0.03028,0.038141,0.038603,0.036012
20210723,0.02318,0.02402,0.02523,0.02797,0.031171,0.033154,0.03297,0.03397
20210726,0.0232,0.02402,0.02523,0.02793,0.02893,0.033227,0.035985,0.041959
20210727,0.02324,0.02401,0.02527,0.02796,0.030287,0.033522,0.038448,0.03396
20210728,0.02329,0.02401,0.02528,0.02796,0.030196,0.035502,0.03296,0.040391
20210729,0.02326,0.02401,0.02525,0.02788,0.030218,0.033049,0.037778,0.043692
20210730,0.02331,0.02401,0.02525,0.02789,0.030072,0.034386,0.034512,0.03434
20210802,0.02318,0.024,0.02517,0.0278,0.03063,0.032088,0.036015,0.035367
20210803,0.02303,0.02394,0.02511,0.02766,0.030139,0.034327,0.038773,0.03513
20210804,0.02295,0.02385,0.02506,0.0275,0.02923,0.031542,0.034167,0.037632
20210805,0.02288,0.02373,0.02494,0.02736,0.030117,0.031516,0.037969,0.040427
20210806,0.02278,0.02368,0.02489,0.02728,0.029693,0.037034,0.032959,0.03328
20210809,0.0227,0.0236,0.02485,0.0272,0.0282,0.036192,0.037163,0.036033
20210810,0.02289,0.02365,0.02483,0.02716,0.02944,0.030909,0.042497,0.036548
20210811,0.02292,0.02363,0.02482,0.02713,0.029239,0.034582,0.036573,0.036802
20210812,0.02295,0.0236,0.0248,0.0271,0.02831,0.034043,0.040746,0.040136
20210813,0.023,0.02359,0.02479,0.0271,0.030693,0.032078,0.032131,0.035723
20210816,0.02301,0.02355,0.02476,0.02708,0.029136,0.035268,0.03208,0.040669
20210817,0.023,0.02355,0.02476,0.02704,0.028882,0.032186,0.03204,0.03304
20210818,0.023,0.02355,0.02475,0.027,0.029823,0.033147,0.032,0.033
20210819,0.023,0.02354,0.02474,0.027,0.028664,0.036338,0.034221,0.033
20210820,0.023,0.02353,0.02472,0.027,0.028754,0.032455,0.032,0.035837
20210823,0.023,0.02353,0.02471,0.027,0.028769,0.034392,0.040547,0.03938
20210824,0.02303,0.02353,0.02471,0.027,0.028731,0.030787,0.04272,0.036178
20210825,0.02309,0.02354,0.02471,0.027,0.029014,0.032952,0.035594,0.035567
20210826,0.02312,0.02354,0.02471,0.027,0.028426,0.031906,0.034902,0.03437
20210827,0.02315,0.02354,0.02471,0.027,0.028287,0.033213,0.034235,0.040512
20210830,0.02319,0.02355,0.02472,0.027,0.028,0.035183,0.038738,0.033
20210831,0.02329,0.02357,0.02473,0.027,0.028657,0.032257,0.032,0.033667
20210901,0.02323,0.02358,0.0247,0.027,0.028,0.036505,0.037807,0.039815
20210902,0.02311,0.02356,0.0247,0.02699,0.029712,0.030732,0.033416,0.037458
20210903,0.0231,0.02356,0.0247,0.02699,0.02799,0.034416,0.034269,0.034866
20210906,0.02307,0.02355,0.02469,0.02698,0.029691,0.033869,0.033897,0.039458
20210907,0.02305,0.02355,0.02471,0.02698,0.02798,0.034212,0.036759,0.035051
20210908,0.02307,0.02357,0.02468,0.02699,0.029316,0.030488,0.037762,0.035435
20210909,0.02311,0.02357,0.02467,0.02698,0.028457,0.035078,0.032867,0.03298
20210910,0.02312,0.02357,0.02467,0.02698,0.02798,0.034192,0.03198,0.041244
20210913,0.0232,0.02357,0.02467,0.02699,0.02799,0.036383,0.035623,0.0357
20210914,0.02339,0.02361,0.02468,0.02699,0.028445,0.033788,0.034877,0.0393
20210915,0.02344,0.02363,0.02468,0.027,0.029114,0.033301,0.033909,0.035829
20210916,0.02356,0.02365,0.02466,0.027,0.029308,0.03,0.032,0.03823
20210917,0.02373,0.02372,0.02468,0.027,0.029171,0.032632,0.035055,0.037043
20210922,0.02387,0.02385,0.02469,0.027,0.02846,0.031443,0.035588,0.033065
20210923,0.02396,0.0239,0.02469,0.027,0.029408,0.03,0.038087,0.037418
20210924,0.02408,0.02397,0.02473,0.027,0.029256,0.034965,0.039996,0.039043
20210927,0.02418,0.02408,0.02483,0.02708,0.02808,0.030521,0.033206,0.036158
20210928,0.02426,0.02417,0.02485,0.02713,0.029648,0.031679,0.03569,0.033864
20210929,0.02436,0.02427,0.02489,0.02718,0.028568,0.030367,0.03241,0.03318
20210930,0.02439,0.02431,0.02489,0.02722,0.028244,0.035327,0.032372,0.044117
20211008,0.02399,0.02433,0.02489,0.02722,0.029713,0.03359,0.032645,0.038321
20211011,0.02366,0.02423,0.02488,0.02718,0.028604,0.033424,0.04286,0.035892
20211012,0.02363,0.02423,0.02492,0.02716,0.030309,0.031754,0.035055,0.041472
20211013,0.02357,0.0242,0.02495,0.02717,0.028543,0.036795,0.037293,0.034483
20211014,0.02359,0.02423,0.02498,0.02725,0.029882,0.035195,0.037115,0.03325
20211015,0.023582,0.024222,0.02498,0.027265,0.028538,0.03277,0.035042,0.038127
20211018,0.02357,0.02422,0.025,0.02734,0.029518,0.030669,0.036481,0.038172
20211019,0.02362,0.02428,0.02501,0.02738,0.02994,0.035542,0.037882,0.037758
20211020,0.02363,0.02431,0.02504,0.02746,0.02939,0.03046,0.036749,0.037083
20211021,0.02366,0.02432,0.02509,0.02753,0.029802,0.030977,0.03253,0.039689
20211022,0.0237,0.02434,0.02511,0.02758,0.02954,0.034943,0.035665,0.036669
20211025,0.0238,0.02438,0.02522,0.02759,0.030528,0.032558,0.035878,0.035203
20211026,0.02387,0.02443,0.02525,0.02766,0.029226,0.033042,0.036326,0.035224
20211027,0.02392,0.02445,0.02529,0.02773,0.030986,0.031941,0.035169,0.035411
20211028,0.02396,0.02448,0.02533,0.02778,0.031227,0.034173,0.038876,0.03378
20211029,0.02398,0.02449,0.02536,0.02782,0.030087,0.035599,0.036067,0.040016
20211101,0.02398,0.02449,0.02537,0.02783,0.029313,0.036649,0.042727,0.035741
20211102,0.02394,0.0245,0.02539,0.02783,0.029384,0.036737,0.040569,0.035261
20211103,0.02397,0.02452,0.02541,0.02784,0.02942,0.033276,0.03284,0.034084
20211104,0.02397,0.02451,0.02542,0.02784,0.02884,0.032304,0.035736,0.037543
20211105,0.02398,0.02451,0.02542,0.0278,0.031351,0.031803,0.038753,0.036158
20211108,0.02396,0.02452,0.02546,0.02779,0.029741,0.03514,0.03279,0.037937
20211109,0.02399,0.02454,0.0255,0.02774,0.029906,0.034725,0.036608,0.044106
20211110,0.02398,0.02454,0.02551,0.02769,0.029052,0.032628,0.033821,0.035024
20211111,0.02398,0.02454,0.02554,0.02768,0.029043,0.036058,0.039942,0.034968
20211112,0.02382,0.02454,0.02556,0.02767,0.028838,0.034613,0.034013,0.038569
20211115,0.02359,0.0246,0.02563,0.02763,0.029833,0.03063,0.040273,0.042018
20211116,0.02356,0.02463,0.02566,0.02762,0.029007,0.032845,0.036478,0.037623
20211117,0.02349,0.02467,0.02572,0.02759,0.030249,0.03761,0.035059,0.034195
20211118,0.02346,0.02473,0.02576,0.02757,0.02857,0.032108,0.035471,0.041954
20211119,0.02348,0.02475,0.02577,0.02756,0.029042,0.034008,0.035511,0.040125
20211122,0.0235,0.02477,0.02583,0.02756,0.032087,0.032498,0.034092,0.039692
20211123,0.02353,0.0248,0.02586,0.02757,0.030252,0.037263,0.037322,0.035492
20211124,0.02353,0.02482,0.02589,0.02756,0.030151,0.035777,0.038021,0.038082
20211125,0.02353,0.02484,0.02592,0.02756,0.030627,0.035899,0.039706,0.038506
20211126,0.02353,0.02486,0.02593,0.02754,0.029373,0.033833,0.03916,0.034089
20211129,0.02353,0.02489,0.02594,0.02752,0.029889,0.032733,0.035606,0.040355
20211130,0.02356,0.02492,0.02595,0.02753,0.029721,0.033623,0.03253,0.038769
20211201,0.02357,0.02494,0.02597,0.02752,0.030165,0.037847,0.034597,0.037177
20211202,0.02356,0.02496,0.02599,0.02752,0.029769,0.036675,0.035234,0.037357
20211203,0.02357,0.02499,0.026,0.02751,0.030118,0.033883,0.034171,0.037092
20211206,0.02358,0.02492,0.02594,0.02746,0.030534,0.031407,0.035859,0.03436
20211207,0.02357,0.02488,0.02586,0.02743,0.030625,0.03043,0.033753,0.037562
20211208,0.0236,0.02489,0.02583,0.0274,0.030966,0.033268,0.033734,0.042043
20211209,0.0236,0.0249,0.02585,0.02738,0.02838,0.03038,0.0367,0.034874
20211210,0.0236,0.02492,0.02587,0.02736,0.02836,0.034777,0.036091,0.034668
20211213,0.02364,0.02493,0.02587,0.02737,0.02837,0.035115,0.037321,0.036072
20211214,0.02365,0.02493,0.02587,0.02736,0.031207,0.03122,0.03236,0.034284
20211215,0.02364,0.02493,0.02587,0.02736,0.029314,0.033847,0.034636,0.037416
20211216,0.02366,0.02491,0.02587,0.02736,0.02836,0.036248,0.035114,0.039712
20211217,0.02368,0.02492,0.02587,0.02735,0.029693,0.034264,0.037059,0.037693
20211220,0.02381,0.02492,0.02588,0.02735,0.029993,0.036008,0.03594,0.038477
20211221,0.02386,0.02493,0.0259,0.02738,0.02929,0.03626,0.033351,0.041783
20211222,0.02402,0.02494,0.02591,0.02739,0.02935,0.030528,0.035774,0.034347
20211223,0.02409,0.02496,0.02591,0.02738,0.030221,0.032075,0.034041,0.03338
20211224,0.02416,0.025,0.02592,0.02737,0.028918,0.03037,0.03237,0.038651
20211227,0.02424,0.025,0.02591,0.02737,0.030156,0.034221,0.032469,0.036227
20211228,0.02425,0.025,0.02591,0.02738,0.029376,0.031063,0.03989,0.039012
20211229,0.02429,0.025,0.02591,0.02737,0.029149,0.033424,0.035995,0.03337
20211230,0.0243,0.02501,0.02592,0.02737,0.029123,0.032006,0.03237,0.035527
20211231,0.02431,0.025,0.0259,0.02736,0.031158,0.034642,0.033646,0.038078
20220104,0.02429,0.025,0.02589,0.02736,0.030759,0.035209,0.035539,0.034419
20220105,0.02429,0.025,0.02588,0.02737,0.030068,0.034157,0.038056,0.038276
20220106,0.02429,0.025,0.02584,0.02734,0.03039,0.03227,0.039292,0.036933
20220107,0.0243,0.025,0.02578,0.02729,0.031365,0.031912,0.040498,0.036884
20220110,0.02429,0.025,0.02575,0.02726,0.028609,0.032292,0.034299,0.037532
20220111,0.02429,0.025,0.02574,0.02726,0.029783,0.032113,0.035187,0.042687
20220112,0.02428,0.025,0.0257,0.02724,0.030968,0.034113,0.035354,0.0366
20220113,0.02427,0.025,0.02569,0.02721,0.029824,0.031164,0.034438,0.03321
20220114,0.02429,0.025,0.02564,0.02718,0.029579,0.034474,0.03373,0.040902
20220117,0.02428,0.02499,0.02555,0.02711,0.02811,0.030181,0.035783,0.039251
20220118,0.02427,0.02493,0.02548,0.02706,0.030744,0.032142,0.038296,0.035944
20220119,0.02422,0.02483,0.02534,0.02696,0.028787,0.034727,0.036917,0.03296
20220120,0.02418,0.02471,0.02526,0.02686,0.030337,0.03562,0.032983,0.037047
20220121,0.02417,0.02466,0.02521,0.02682,0.029314,0.033341,0.033169,0.033805
20220124,0.02418,0.02465,0.02517,0.02678,0.028754,0.035125,0.036411,0.034668
20220125,0.02419,0.02464,0.02513,0.02674,0.029512,0.02974,0.038186,0.03274
20220126,0.02419,0.0246,0.02508,0.02668,0.028318,0.030441,0.03168,0.039162
20220127,0.02418,0.02457,0.02504,0.02664,0.028172,0.033333,0.034499,0.037071
20220128,0.02419,0.02457,0.025,0.0266,0.028677,0.030034,0.037589,0.034119
20220207,0.02407,0.02454,0.02498,0.02657,0.02757,0.031714,0.039072,0.038121
20220208,0.024,0.02448,0.02496,0.02655,0.028201,0.031851,0.033585,0.04178
20220209,0.02395,0.02447,0.02495,0.02654,0.028922,0.0334,0.037631,0.036256
20220210,0.02381,0.02442,0.0249,0.02639,0.028131,0.031997,0.034175,0.035278
20220211,0.02369,0.02432,0.02483,0.02629,0.029018,0.032394,0.036488,0.035048
20220214,0.02359,0.02424,0.02476,0.0262,0.028279,0.0292,0.036949,0.036239
20220215,0.02348,0.02415,0.02471,0.02613,0.029128,0.02913,0.040395,0.034711
20220216,0.0234,0.0241,0.02466,0.02604,0.029148,0.02996,0.035878,0.03204
20220217,0.02334,0.02406,0.02463,0.02596,0.027336,0.035788,0.033388,0.035612
20220218,0.02323,0.024,0.02457,0.02586,0.02873,0.032851,0.034311,0.035955
20220221,0.02315,0.02392,0.02453,0.02579,0.030193,0.031675,0.034393,0.037942
20220222,0.0231,0.02385,0.0245,0.02573,0.028836,0.034104,0.035646,0.03173
20220223,0.02308,0.02383,0.02449,0.02569,0.029323,0.029397,0.034598,0.032427
20220224,0.02307,0.02379,0.02448,0.02567,0.027606,0.032328,0.034634,0.035936
20220225,0.02306,0.02374,0.02448,0.0257,0.029314,0.032607,0.032968,0.037592
20220228,0.02305,0.0237,0.02447,0.02565,0.028839,0.029195,0.035442,0.036754
20220301,0.02303,0.02366,0.02445,0.02566,0.027362,0.034411,0.03321,0.035037
20220302,0.02302,0.02365,0.02446,0.02563,0.027457,0.031661,0.03063,0.03163
20220303,0.023,0.02363,0.02448,0.02566,0.029255,0.029966,0.030686,0.03166
20220304,0.023,0.02362,0.02449,0.02566,0.027021,0.029014,0.038586,0.037689
20220307,0.023,0.0236,0.0245,0.02566,0.026972,0.036165,0.036605,0.033686
20220308,0.023,0.02361,0.0245,0.02568,0.02668,0.036262,0.03068,0.03168
20220309,0.023,0.02359,0.0245,0.02571,0.028733,0.03659,0.037863,0.036402
20220310,0.023,0.02362,0.0245,0.02575,0.028345,0.033457,0.036027,0.035594
20220311,0.023,0.02362,0.0245,0.02578,0.027884,0.031655,0.031518,0.033938
20220314,0.023,0.02362,0.0245,0.02579,0.02679,0.031593,0.030824,0.03179
20220315,0.02301,0.02363,0.0245,0.02581,0.02799,0.034594,0.036565,0.03181
20220316,0.02302,0.02366,0.02451,0.02586,0.02687,0.033742,0.030913,0.034186
20220317,0.02301,0.02367,0.02451,0.02593,0.02848,0.029993,0.034246,0.03193
20220318,0.02303,0.02368,0.02451,0.02594,0.027339,0.03258,0.03094,0.036261
20220321,0.02303,0.02368,0.02451,0.02595,0.02793,0.033055,0.034622,0.039042
20220322,0.02303,0.02369,0.02451,0.026,0.028125,0.031141,0.034367,0.03663
20220323,0.02305,0.02368,0.02451,0.02601,0.028059,0.032091,0.031904,0.033021
20220324,0.02308,0.02369,0.02452,0.02601,0.02701,0.035509,0.03101,0.032931
20220325,0.0231,0.02369,0.02452,0.02603,0.027312,0.03382,0.033145,0.038773
20220328,0.02313,0.0237,0.02451,0.02604,0.027367,0.032598,0.031534,0.041475
20220329,0.02314,0.02372,0.02452,0.02605,0.02705,0.03267,0.035951,0.036291
20220330,0.02313,0.02371,0.02451,0.02606,0.027875,0.0318,0.034191,0.034619
20220331,0.02313,0.02373,0.02452,0.02606,0.029024,0.036481,0.032388,0.03206
20220401,0.02307,0.02372,0.02452,0.02606,0.027972,0.037219,0.031649,0.039977
20220406,0.02305,0.0237,0.02451,0.02605,0.029728,0.030943,0.035757,0.039935
20220407,0.0229,0.0236,0.02443,0.02593,0.027551,0.031523,0.032185,0.03193
20220408,0.02295,0.02363,0.02444,0.02586,0.027211,0.029412,0.033962,0.03255
20220411,0.02291,0.02357,0.02441,0.02582,0.028054,0.02882,0.034813,0.037321
20220412,0.02284,0.02351,0.02437,0.02577,0.02677,0.032518,0.037453,0.03177
20220413,0.02276,0.02347,0.02434,0.02575,0.029423,0.032588,0.031635,0.034583
20220414,0.02267,0.02343,0.02429,0.02572,0.028278,0.031872,0.035336,0.031958
20220415,0.02253,0.02336,0.02421,0.02567,0.027839,0.028843,0.033336,0.031958
20220418,0.02245,0.01403,0.02418,0.02562,0.026884,0.034092,0.036894,0.036447
20220419,0.02237,0.01294,0.02415,0.02558,0.02658,0.030947,0.037219,0.035005
20220420,0.0223,0.01303,0.02411,0.02555,0.029869,0.032337,0.034126,0.033623
20220421,0.02222,0.01294,0.02407,0.02549,0.027624,0.031185,0.035614,0.03736
20220422,0.02213,0.01255,0.02398,0.0254,0.026614,0.028738,0.0304,0.035924
20220424,0.02194,0.01302,0.0238,0.0253,0.0263,0.0283,0.034466,0.041779
20220425,0.02181,0.01303,0.02368,0.02516,0.027154,0.032837,0.033405,0.033863
20220426,0.02166,0.01306,0.02355,0.02507,0.027989,0.030489,0.033872,0.035035
20220427,0.02154,0.01303,0.02346,0.02497,0.026302,0.032954,0.032445,0.031703
20220428,0.02142,0.01301,0.02334,0.02484,0.027377,0.029043,0.032925,0.033813
20220429,0.02125,0.01838,0.02324,0.02474,0.027826,0.031689,0.032665,0.036193
20220505,0.02116,0.01783,0.02317,0.02474,0.02813,0.031856,0.032771,0.03074
20220506,0.02114,0.01351,0.02311,0.02468,0.02568,0.03007,0.030851,0.033119
20220507,0.02109,0.01294,0.02308,0.02462,0.026677,0.031679,0.032409,0.03508
20220509,0.02089,0.01309,0.02304,0.0245,0.026564,0.0275,0.029682,0.033068
20220510,0.02078,0.01305,0.023,0.02442,0.02542,0.03162,0.037012,0.037076
20220511,0.02071,0.01325,0.02289,0.02431,0.026097,0.033291,0.032756,0.032299
20220512,0.02064,0.01309,0.02275,0.0242,0.025587,0.029595,0.031035,0.033711
20220513,0.02015,0.0131,0.02264,0.02408,0.026241,0.030086,0.033391,0.036652
20220516,0.01978,0.01311,0.02255,0.02393,0.02688,0.02696,0.02893,0.035733
20220517,0.01945,0.01325,0.02239,0.02377,0.02477,0.02932,0.02877,0.02977
20220518,0.01941,0.02078,0.02222,0.02359,0.026131,0.031108,0.02986,0.02959
20220519,0.01937,0.02067,0.02208,0.02343,0.024884,0.030214,0.02843,0.03298
20220520,0.01932,0.0205,0.02186,0.02337,0.025355,0.030529,0.031729,0.029451
20220523,0.019,0.02021,0.02167,0.02331,0.026507,0.028993,0.031228,0.02951
20220524,0.01897,0.02013,0.02151,0.02323,0.024787,0.02746,0.030711,0.037365
20220525,0.01871,0.02009,0.02143,0.02326,0.02426,0.02626,0.035674,0.031632
20220526,0.01875,0.0199,0.02136,0.02325,0.024581,0.03133,0.029433,0.037728
20220527,0.01854,0.01995,0.0213,0.02323,0.025908,0.028254,0.037702,0.030413
20220530,0.01856,0.01997,0.02126,0.02319,0.025932,0.029789,0.035095,0.036875
20220531,0.01865,0.01998,0.02129,0.02318,0.025212,0.027673,0.03256,0.030147
20220601,0.01865,0.01998,0.0213,0.02317,0.027183,0.029443,0.030074,0.032724
20220602,0.0187,0.01999,0.02133,0.02323,0.02423,0.027287,0.034831,0.030259
20220606,0.01873,0.02001,0.02134,0.02332,0.02432,0.030393,0.034877,0.034477
20220607,0.01877,0.02003,0.02138,0.02349,0.026486,0.027976,0.02849,0.036994
20220608,0.01882,0.02003,0.02144,0.02357,0.025247,0.029068,0.035555,0.034239
20220609,0.01887,0.02003,0.02145,0.02365,0.026106,0.03398,0.029719,0.035434
20220610,0.0189,0.02,0.02148,0.02369,0.025747,0.030227,0.036275,0.034214
20220613,0.01889,0.02002,0.0215,0.02373,0.026268,0.031875,0.030635,0.030212
20220614,0.01892,0.02002,0.0215,0.02377,0.02477,0.02677,0.037939,0.02977
20220615,0.01893,0.02002,0.0215,0.02381,0.025589,0.029256,0.032732,0.035257
20220616,0.01892,0.02,0.02146,0.02381,0.02667,0.028644,0.031309,0.033658
20220617,0.01891,0.02,0.0214,0.02378,0.025531,0.032995,0.033253,0.034985
20220620,0.01891,0.02,0.02136,0.02374,0.026403,0.032087,0.032283,0.02974
20220621,0.01891,0.02,0.02136,0.02372,0.02612,0.028417,0.030134,0.034479
20220622,0.01892,0.02,0.02137,0.02369,0.026928,0.029733,0.032616,0.037797
20220623,0.01893,0.02,0.02137,0.02367,0.025911,0.034873,0.033367,0.02967
20220624,0.01893,0.02,0.02138,0.02364,0.026393,0.030402,0.035509,0.03466
20220627,0.01894,0.02,0.02139,0.0236,0.025462,0.027151,0.030973,0.030048
20220628,0.01895,0.02,0.02139,0.02363,0.025049,0.030807,0.03664,0.033814
20220629,0.01898,0.02,0.02141,0.02362,0.02462,0.030509,0.03521,0.030791
20220630,0.01898,0.02,0.02141,0.02363,0.025496,0.029659,0.029275,0.034575
20220701,0.01887,0.02,0.0214,0.02363,0.025509,0.030469,0.028968,0.031318
20220704,0.01878,0.02,0.02137,0.0236,0.026322,0.028854,0.036781,0.031401
20220705,0.0186,0.02,0.02139,0.02359,0.025815,0.031455,0.02859,0.02959
20220706,0.01834,0.01998,0.02135,0.02355,0.02455,0.032075,0.029894,0.040225
20220707,0.01822,0.01995,0.02133,0.02354,0.024976,0.029909,0.036166,0.038558
20220708,0.01807,0.019925,0.0213,0.02349,0.027552,0.031907,0.034562,0.034268
20220711,0.01797,0.019895,0.02128,0.02346,0.026238,0.028358,0.029005,0.03245
20220712,0.01789,0.019855,0.02126,0.02344,0.02527,0.028534,0.033529,0.035306
20220713,0.01784,0.019835,0.02122,0.02337,0.025458,0.032325,0.02837,0.031789
20220714,0.01775,0.01979,0.02118,0.02333,0.024613,0.02633,0.031082,0.031965
20220715,0.01774,0.01977,0.02116,0.02326,0.026773,0.030522,0.02826,0.037822
20220718,0.01772,0.01974,0.02113,0.02322,0.026441,0.030384,0.030541,0.029342
20220719,0.0177,0.01948,0.02091,0.0231,0.024728,0.031277,0.036754,0.03673
20220720,0.01773,0.01924,0.0207,0.02298,0.024491,0.026741,0.031403,0.02898
20220721,0.01767,0.01909,0.02054,0.02284,0.025163,0.028545,0.029442,0.02884
20220722,0.01757,0.01893,0.02038,0.02266,0.025174,0.027595,0.02766,0.02866
20220725,0.01756,0.01881,0.0203,0.02256,0.024532,0.032105,0.035544,0.030189
20220726,0.01755,0.01872,0.02021,0.02246,0.023858,0.029398,0.027465,0.032365
20220727,0.01748,0.01863,0.02012,0.02236,0.025126,0.030814,0.03006,0.030749
20220728,0.01742,0.01854,0.02004,0.02226,0.023382,0.026606,0.029581,0.032362
20220729,0.01737,0.01846,0.01996,0.02218,0.025094,0.026574,0.034658,0.030367
20220801,0.01721,0.01825,0.01982,0.02193,0.023909,0.026436,0.02693,0.033582
20220802,0.01704,0.01799,0.01942,0.02151,0.024247,0.026947,0.029711,0.032058
20220803,0.01679,0.01767,0.01911,0.02119,0.02219,0.026132,0.031573,0.02719
20220804,0.01622,0.01729,0.01879,0.02079,0.023084,0.024077,0.030189,0.029683
20220805,0.01594,0.01699,0.01838,0.02043,0.02143,0.028759,0.026226,0.026999
20220808,0.01569,0.01667,0.018,0.02013,0.022331,0.028427,0.02513,0.029315
20220809,0.01546,0.01647,0.01784,0.01997,0.022399,0.027356,0.028499,0.027869
20220810,0.01533,0.01637,0.01771,0.01988,0.021052,0.026052,0.02488,0.02588
20220811,0.0153,0.01629,0.01766,0.0199,0.022337,0.027708,0.0249,0.0259
20220812,0.01513,0.01622,0.01763,0.01995,0.022569,0.030065,0.028012,0.026766
20220815,0.01505,0.01607,0.0175,0.01978,0.021597,0.02853,0.025842,0.026382
20220816,0.015,0.01599,0.01744,0.01965,0.021167,0.023743,0.028018,0.033524
20220817,0.01498,0.01598,0.01742,0.01964,0.021963,0.025135,0.026765,0.02564
20220818,0.01491,0.01598,0.01743,0.01961,0.022493,0.025454,0.027069,0.038189
20220819,0.01492,0.01597,0.01741,0.01961,0.021909,0.024106,0.026331,0.032055
20220822,0.014911,0.015956,0.017367,0.0196,0.021713,0.022723,0.030358,0.026596
20220823,0.01491,0.01594,0.01736,0.01959,0.023463,0.02775,0.026248,0.032433
20220824,0.0149,0.01593,0.01737,0.0196,0.021668,0.027306,0.029054,0.026061
20220825,0.0149,0.01593,0.01739,0.01963,0.020986,0.02769,0.026626,0.027419
20220826,0.01495,0.01594,0.01744,0.01969,0.020735,0.026537,0.033878,0.02569
20220829,0.01498,0.01596,0.01747,0.01973,0.021754,0.028554,0.027491,0.030087
20220830,0.015,0.01599,0.0175,0.01973,0.02073,0.026587,0.027169,0.031687
20220831,0.01501,0.016,0.0175,0.01974,0.022927,0.030919,0.029479,0.029717
20220901,0.015,0.016,0.0175,0.01972,0.021914,0.025014,0.028735,0.027834
20220902,0.015,0.016,0.0175,0.0197,0.021868,0.028335,0.0247,0.03212
20220905,0.015,0.016,0.0175,0.01971,0.023027,0.025474,0.02471,0.026887
20220906,0.015,0.016,0.0175,0.01971,0.023007,0.025664,0.024712,0.027196
20220907,0.015,0.016,0.0175,0.01971,0.022551,0.026803,0.026993,0.02761
20220908,0.01501,0.01601,0.0175,0.01971,0.021318,0.023865,0.032556,0.027743
20220909,0.01503,0.016,0.0175,0.01969,0.022907,0.028733,0.030685,0.027395
20220913,0.01502,0.01599,0.01751,0.01972,0.022124,0.025672,0.025009,0.029693
20220914,0.01508,0.01599,0.01752,0.01974,0.02074,0.028115,0.026346,0.029343
20220915,0.01508,0.01599,0.01751,0.01974,0.022023,0.025222,0.0295,0.027315
20220916,0.01511,0.01599,0.01752,0.01977,0.022641,0.023078,0.028149,0.034587
20220919,0.01536,0.01601,0.0176,0.01984,0.02084,0.024485,0.029382,0.029379
20220920,0.01573,0.01606,0.01768,0.0199,0.022251,0.026878,0.029804,0.032229
20220921,0.01593,0.01607,0.01777,0.01996,0.02237,0.025477,0.029978,0.03466
20220922,0.01617,0.01609,0.01779,0.01996,0.021827,0.024011,0.031281,0.028599
20220923,0.01625,0.01612,0.01781,0.01995,0.02095,0.027645,0.026344,0.028678
20220926,0.01646,0.01621,0.01791,0.01995,0.022282,0.026331,0.030078,0.027644
20220927,0.01665,0.01634,0.01792,0.02,0.022513,0.025481,0.030216,0.030846
20220928,0.01682,0.01652,0.01796,0.02006,0.021125,0.028232,0.026452,0.031484
20220929,0.0171,0.01666,0.01799,0.02011,0.022477,0.029786,0.02744,0.028062
20220930,0.01711,0.01673,0.018,0.02016,0.022141,0.025554,0.03056,0.02616
20221008,0.01698,0.01676,0.01801,0.02009,0.02109,0.023954,0.030941,0.034222
20221009,0.01655,0.01674,0.01802,0.02006,0.021956,0.025722,0.02827,0.032546
20221010,0.01644,0.01679,0.01804,0.02004,0.021113,0.026517,0.030966,0.030543
20221011,0.01634,0.01678,0.01804,0.02004,0.02223,0.028042,0.02504,0.031074
20221012,0.0162,0.01671,0.01803,0.02002,0.021366,0.02302,0.029554,0.033141
20221013,0.01619,0.01677,0.01804,0.02003,0.021893,0.027936,0.032867,0.032975
20221014,0.01613,0.0168,0.01806,0.02003,0.02367,0.027514,0.028256,0.02603
20221017,0.01613,0.01684,0.0181,0.02004,0.021794,0.024354,0.034553,0.028512
20221018,0.0161,0.01686,0.01812,0.02004,0.022163,0.027143,0.028171,0.034125
20221019,0.01609,0.01691,0.01815,0.02005,0.021427,0.026439,0.025823,0.02605
20221020,0.01612,0.01697,0.01825,0.02008,0.021468,0.026006,0.026792,0.027003
20221021,0.0162,0.01702,0.01836,0.02014,0.02114,0.025974,0.02514,0.03142
20221024,0.01628,0.0171,0.01845,0.0202,0.022282,0.023285,0.027272,0.026944
20221025,0.01639,0.01724,0.01858,0.02027,0.022589,0.028951,0.02527,0.029615
20221026,0.01657,0.01734,0.01867,0.02034,0.02218,0.027683,0.02898,0.027084
20221027,0.01673,0.01741,0.01874,0.02036,0.022041,0.024768,0.031588,0.029424
20221028,0.01675,0.01743,0.01877,0.02036,0.024261,0.026239,0.026235,0.02636
20221031,0.0168,0.01745,0.01881,0.02037,0.02137,0.02337,0.029171,0.030896
20221101,0.01683,0.0175,0.01884,0.02038,0.02138,0.02817,0.026931,0.02982
20221102,0.01684,0.01752,0.01884,0.02039,0.024002,0.028184,0.027584,0.026716
20221103,0.01676,0.01752,0.01884,0.0204,0.0214,0.024962,0.027767,0.026438
20221104,0.01675,0.01754,0.01884,0.02043,0.022299,0.026584,0.027755,0.02748
20221107,0.01677,0.01769,0.01891,0.02049,0.022659,0.027374,0.02549,0.033723
20221108,0.01688,0.01781,0.01896,0.02054,0.022441,0.026578,0.030665,0.03024
20221109,0.01698,0.01807,0.01908,0.02062,0.023573,0.027194,0.026783,0.030705
20221110,0.017,0.01838,0.01916,0.02076,0.02176,0.026977,0.02866,0.029136
20221111,0.01716,0.01868,0.01924,0.02092,0.022791,0.02392,0.027274,0.030199
20221114,0.01768,0.01912,0.01948,0.02133,0.02349,0.025275,0.033127,0.027731
20221115,0.01831,0.02009,0.02043,0.02224,0.025209,0.029094,0.028301,0.036566
20221116,0.01884,0.02116,0.02164,0.02349,0.02449,0.031328,0.034492,0.030478
20221117,0.0193,0.02213,0.02276,0.02436,0.027752,0.02986,0.033226,0.034141
20221118,0.01933,0.02238,0.02311,0.02449,0.026356,0.032112,0.03487,0.03049
20221121,0.01938,0.02241,0.0234,0.02463,0.027934,0.02763,0.035728,0.03701
20221122,0.01947,0.02248,0.02356,0.02476,0.02576,0.029938,0.02976,0.033115
20221123,0.01949,0.0225,0.0236,0.02482,0.026512,0.032379,0.036751,0.038007
20221124,0.0194,0.02195,0.02316,0.02437,0.025808,0.029952,0.02937,0.030952
20221125,0.01924,0.02188,0.02302,0.02419,0.027155,0.033421,0.02919,0.031413
20221128,0.01913,0.02185,0.02298,0.02417,0.026144,0.03073,0.029741,0.034442
20221129,0.01909,0.02186,0.02302,0.02423,0.025756,0.030201,0.033869,0.033249
20221130,0.01915,0.02193,0.02305,0.02435,0.025914,0.030131,0.032085,0.03224
20221201,0.01919,0.02197,0.02308,0.02445,0.026191,0.033647,0.034133,0.032564
20221202,0.01923,0.022,0.02316,0.02454,0.027237,0.029872,0.036059,0.034649
20221205,0.01929,0.02201,0.02327,0.0246,0.026493,0.031495,0.0296,0.0306
20221206,0.01935,0.02207,0.02335,0.02465,0.02565,0.030936,0.037848,0.040344
20221207,0.01952,0.02231,0.02353,0.02476,0.027398,0.031762,0.02976,0.032132
20221208,0.01967,0.0225,0.023695,0.02488,0.026092,0.029638,0.032376,0.032464
20221209,0.01978,0.02259,0.02379,0.025,0.026,0.032496,0.03,0.034718
20221212,0.02006,0.02273,0.02392,0.02514,0.029214,0.029301,0.03014,0.033282
20221213,0.02037,0.02283,0.02403,0.02532,0.028421,0.035237,0.03032,0.03581
20221214,0.02065,0.02298,0.02412,0.02547,0.027005,0.031258,0.041403,0.03147
20221215,0.02123,0.02321,0.02434,0.02569,0.027944,0.032625,0.036947,0.034984
20221216,0.02171,0.02339,0.0245,0.02587,0.028178,0.031087,0.034677,0.03384
20221219,0.0221,0.02355,0.02458,0.02596,0.028582,0.031221,0.035091,0.034872
20221220,0.02222,0.02361,0.02461,0.02603,0.029156,0.031927,0.03103,0.038816
20221221,0.02246,0.02384,0.02471,0.02613,0.027224,0.030822,0.032343,0.039253
20221222,0.02271,0.02395,0.0248,0.02617,0.02717,0.038445,0.037338,0.03584
20221223,0.02287,0.02402,0.02489,0.02626,0.028205,0.032831,0.035823,0.037196
20221226,0.02306,0.02405,0.02494,0.02623,0.028786,0.032409,0.033638,0.034776
20221227,0.02321,0.02411,0.02498,0.0262,0.028005,0.034468,0.035981,0.0322
20221228,0.02332,0.02416,0.02504,0.0262,0.028856,0.032589,0.034144,0.034034
20221229,0.0234,0.02418,0.02505,0.02619,0.029314,0.034085,0.031871,0.036411
20221230,0.02346,0.02422,0.02508,0.02619,0.027218,0.029431,0.03231,0.037777
20230103,0.02334,0.02415,0.02503,0.02611,0.029063,0.033136,0.036285,0.036659
20230104,0.02255,0.0238,0.02468,0.02577,0.027129,0.032634,0.036171,0.037033
20230105,0.02189,0.02352,0.02435,0.02542,0.028609,0.032837,0.034474,0.03763
20230106,0.0215,0.02335,0.02411,0.02523,0.027203,0.029466,0.032741,0.031995
20230109,0.02135,0.02331,0.02406,0.02518,0.026505,0.030891,0.030803,0.033256
20230110,0.02138,0.02338,0.02414,0.02523,0.02623,0.031657,0.033234,0.031779
20230111,0.02174,0.02347,0.02428,0.0254,0.028059,0.033275,0.0304,0.032112
20230112,0.02194,0.02353,0.02435,0.0255,0.026731,0.02962,0.035988,0.033919
20230113,0.0222,0.02353,0.02441,0.02553,0.027265,0.02853,0.035436,0.03153
20230116,0.02244,0.02356,0.02447,0.02559,0.02765,0.032145,0.037672,0.03159
20230117,0.02264,0.02366,0.02458,0.02571,0.02671,0.032078,0.039112,0.038427
20230118,0.02285,0.02374,0.02467,0.02579,0.028,0.030807,0.036211,0.031869
20230119,0.02291,0.02376,0.02472,0.02584,0.028316,0.032851,0.037021,0.043119
20230120,0.02294,0.02377,0.02472,0.02583,0.028222,0.030812,0.033753,0.03183
20230128,0.02272,0.02373,0.02467,0.02581,0.027115,0.030991,0.032238,0.035267
20230129,0.02264,0.02367,0.02466,0.02577,0.026948,0.034012,0.033771,0.034742
20230130,0.0224,0.02365,0.02466,0.02578,0.027452,0.03209,0.036255,0.032179
20230131,0.02227,0.02364,0.02466,0.0258,0.027142,0.031193,0.0308,0.032342
20230201,0.02205,0.02362,0.02469,0.02581,0.027334,0.033559,0.034598,0.035391
20230202,0.0219,0.0236,0.02469,0.02584,0.028691,0.031565,0.035011,0.03453
20230203,0.02173,0.02357,0.02466,0.0259,0.028165,0.030734,0.0309,0.034497
20230206,0.02174,0.02359,0.02472,0.02597,0.029393,0.033822,0.036866,0.038678
20230207,0.02184,0.0236,0.02473,0.02605,0.028139,0.032445,0.032197,0.034102
20230208,0.02191,0.02365,0.02476,0.02613,0.028746,0.034538,0.033712,0.033779
20230209,0.02196,0.0237,0.02483,0.02618,0.028181,0.033382,0.03118,0.03218
20230210,0.02198,0.02371,0.02487,0.02621,0.027659,0.029769,0.032686,0.034767
20230213,0.02199,0.02371,0.0249,0.02621,0.027757,0.035115,0.03519,0.036111
20230214,0.022,0.02373,0.02493,0.02623,0.028852,0.029952,0.037347,0.035003
20230215,0.022,0.02379,0.02495,0.02624,0.02891,0.030096,0.03124,0.037694
20230216,0.02214,0.02383,0.02499,0.02626,0.028636,0.030456,0.031651,0.038636
20230217,0.02222,0.02385,0.025,0.02635,0.02735,0.035635,0.031648,0.037265
20230220,0.02236,0.02392,0.025,0.02643,0.028101,0.033636,0.032798,0.034942
20230221,0.02253,0.02397,0.02505,0.02648,0.028521,0.030476,0.036702,0.03394
20230222,0.02267,0.02403,0.02511,0.0266,0.028371,0.030611,0.0316,0.035027
20230223,0.02278,0.02406,0.02518,0.02668,0.031093,0.034249,0.034622,0.034891
20230224,0.02285,0.02416,0.02528,0.0268,0.028822,0.033894,0.0318,0.039143
20230227,0.02287,0.02423,0.02535,0.02692,0.029635,0.034356,0.036235,0.035979
20230228,0.02292,0.02437,0.0255,0.02704,0.029713,0.034224,0.033978,0.034319
20230301,0.02294,0.0245,0.02559,0.02711,0.029212,0.036208,0.03211,0.03311
20230302,0.02294,0.02459,0.02567,0.02718,0.029345,0.033282,0.0357,0.036912
20230303,0.02295,0.02466,0.02574,0.02725,0.029027,0.03623,0.03225,0.033765
20230306,0.02299,0.02469,0.02578,0.02732,0.029217,0.03032,0.034792,0.041304
20230307,0.02314,0.02476,0.02584,0.02738,0.029401,0.033841,0.03238,0.034531
20230308,0.02333,0.02486,0.02588,0.02745,0.029075,0.032815,0.039295,0.038123
20230309,0.0235,0.02491,0.02594,0.0275,0.0285,0.033993,0.036995,0.03992
20230310,0.02364,0.02497,0.02596,0.0275,0.031081,0.03147,0.033067,0.0335
20230313,0.02371,0.02498,0.02598,0.02749,0.029256,0.034423,0.038452,0.036262
20230314,0.02378,0.02499,0.02598,0.02746,0.02914,0.033764,0.032955,0.042729
20230315,0.02384,0.025,0.02598,0.02745,0.02845,0.033819,0.041521,0.03647
20230316,0.0239,0.025,0.026,0.02744,0.02925,0.032725,0.034899,0.040559
20230317,0.02397,0.025,0.02598,0.0274,0.0284,0.036467,0.0324,0.0356
20230320,0.02397,0.02492,0.02582,0.02723,0.028801,0.034407,0.03223,0.037617
20230321,0.02398,0.02487,0.02566,0.02699,0.031014,0.030264,0.035559,0.034004
20230322,0.02396,0.02479,0.02557,0.02687,0.029296,0.032908,0.032946,0.037334
20230323,0.02399,0.02476,0.02554,0.02683,0.030634,0.032448,0.036989,0.03283
20230324,0.02399,0.02473,0.02548,0.02678,0.027824,0.033725,0.039232,0.036847
20230327,0.024,0.02468,0.02547,0.02676,0.028447,0.032759,0.03176,0.037574
20230328,0.02402,0.02464,0.02544,0.02674,0.029622,0.031836,0.03333,0.036538
20230329,0.024,0.02456,0.02542,0.02671,0.028273,0.032578,0.041009,0.034969
20230330,0.024,0.02454,0.02541,0.02667,0.028312,0.031375,0.036903,0.035126
20230331,0.024,0.02448,0.02539,0.02666,0.028011,0.035303,0.038919,0.033859
20230403,0.02364,0.02429,0.02522,0.0266,0.0276,0.034615,0.032546,0.037972
20230404,0.02343,0.02423,0.02516,0.02654,0.02754,0.034325,0.03154,0.037732
20230406,0.0233,0.02414,0.02511,0.02648,0.028494,0.030572,0.033259,0.037539
20230407,0.02322,0.0241,0.02507,0.02649,0.028596,0.033659,0.040419,0.03249
20230410,0.02313,0.02414,0.02508,0.0265,0.030117,0.032709,0.031804,0.0325
20230411,0.02312,0.02415,0.02508,0.0265,0.028311,0.034343,0.034117,0.040033
20230412,0.02311,0.02418,0.02509,0.0265,0.0275,0.032476,0.0315,0.036591
20230413,0.02307,0.02421,0.02509,0.0265,0.029387,0.031658,0.0315,0.036097
20230414,0.02306,0.02422,0.02508,0.0265,0.028937,0.033309,0.038207,0.0325
20230417,0.02308,0.02424,0.02509,0.02649,0.02917,0.034875,0.03149,0.036449
20230418,0.0231,0.02426,0.02511,0.0265,0.027996,0.032337,0.035543,0.034038
20230419,0.0231,0.02432,0.02512,0.0265,0.027824,0.032568,0.0315,0.0325
20230420,0.02309,0.02429,0.02507,0.02649,0.029169,0.030192,0.036489,0.036878
20230421,0.0231,0.02429,0.02507,0.02649,0.02749,0.031135,0.038072,0.032547
20230423,0.02312,0.02429,0.02507,0.02649,0.028026,0.033414,0.03684,0.034735
20230424,0.02312,0.0243,0.02506,0.02649,0.027892,0.035335,0.039707,0.038427
20230425,0.02312,0.0243,0.02507,0.02649,0.028575,0.030873,0.031999,0.037058
20230426,0.0231,0.0243,0.02507,0.02649,0.028908,0.035293,0.036441,0.03249
20230427,0.02309,0.0243,0.02506,0.02648,0.029532,0.030484,0.033328,0.036231
20230428,0.02309,0.02428,0.02506,0.02645,0.030446,0.03867,0.03627,0.0349
20230504,0.02294,0.02414,0.02501,0.02636,0.028895,0.034135,0.033398,0.040746
20230505,0.02277,0.02401,0.02491,0.02618,0.02841,0.033175,0.036178,0.036445
20230506,0.02259,0.02393,0.02481,0.02603,0.028869,0.030795,0.032355,0.03203
20230508,0.02248,0.02386,0.0247,0.02596,0.0284,0.033518,0.035333,0.039983
20230509,0.02235,0.02377,0.02462,0.02583,0.027824,0.033167,0.03083,0.033669
20230510,0.02228,0.02363,0.02452,0.02569,0.028386,0.033388,0.032808,0.034475
20230511,0.02212,0.02349,0.02439,0.02548,0.02648,0.030766,0.036151,0.036206
20230512,0.02199,0.02325,0.02427,0.02524,0.027741,0.03134,0.033261,0.032259
20230515,0.02189,0.02311,0.02419,0.02508,0.027779,0.031922,0.034556,0.032502
20230516,0.0218,0.02294,0.0241,0.02496,0.02596,0.033154,0.031523,0.031372
20230517,0.0216,0.02288,0.02403,0.0249,0.027593,0.030116,0.03608,0.035751
20230518,0.02136,0.02278,0.02392,0.0249,0.027584,0.028168,0.036536,0.034684
20230519,0.02131,0.02269,0.0239,0.02489,0.026521,0.031177,0.02989,0.035116
20230522,0.02124,0.02262,0.02379,0.02489,0.02589,0.028185,0.02989,0.037228
20230523,0.02117,0.02255,0.02372,0.02484,0.026211,0.033907,0.031233,0.03084
20230524,0.02113,0.02252,0.02366,0.02481,0.02581,0.033282,0.032342,0.032165
20230525,0.02111,0.02243,0.02364,0.02478,0.02694,0.031784,0.036132,0.038125
20230526,0.02108,0.02238,0.02358,0.02478,0.02642,0.028128,0.03154,0.034561
20230529,0.02104,0.02233,0.02355,0.02474,0.025776,0.028826,0.033771,0.033594
20230530,0.02098,0.02223,0.02346,0.02468,0.026713,0.029163,0.031989,0.030907
20230531,0.02093,0.02219,0.02343,0.02464,0.02753,0.03271,0.02964,0.030851
20230601,0.02083,0.02213,0.0233,0.02453,0.02553,0.02923,0.03228,0.03053
20230602,0.02068,0.02199,0.02307,0.02435,0.025428,0.028342,0.032972,0.033558
20230605,0.02063,0.02193,0.02297,0.02427,0.025548,0.030624,0.03063,0.032455
20230606,0.02056,0.02186,0.02291,0.02422,0.027893,0.032901,0.02922,0.035709
20230607,0.02049,0.02181,0.02284,0.02414,0.026951,0.027843,0.034596,0.037754
20230608,0.02043,0.02177,0.02277,0.02409,0.02509,0.028255,0.035143,0.033904
20230609,0.02031,0.02161,0.02266,0.02404,0.026591,0.030721,0.033212,0.03004
20230612,0.02024,0.02148,0.02257,0.02397,0.027017,0.032309,0.031282,0.03284
20230613,0.02013,0.02134,0.02243,0.02381,0.02481,0.030839,0.033526,0.032623
20230614,0.02008,0.0212,0.02229,0.02363,0.026754,0.028962,0.033324,0.02963
20230615,0.02003,0.02106,0.0222,0.02346,0.025436,0.029111,0.032136,0.031351
20230616,0.02004,0.02105,0.02215,0.02348,0.025349,0.031132,0.03017,0.02948
20230619,0.02021,0.02114,0.02214,0.02354,0.02729,0.032303,0.02854,0.034609
20230620,0.02046,0.02126,0.02213,0.02357,0.025067,0.030097,0.032453,0.031867
20230621,0.02061,0.02135,0.02211,0.0236,0.024816,0.028219,0.028851,0.030105
20230625,0.02074,0.02144,0.02214,0.0236,0.025533,0.028168,0.033646,0.037062
20230626,0.02078,0.02148,0.02219,0.02366,0.02508,0.030139,0.033159,0.034076
20230627,0.02088,0.02155,0.02228,0.02374,0.025816,0.031225,0.033187,0.02974
20230628,0.02096,0.02161,0.02236,0.02376,0.026629,0.031535,0.02947,0.032874
20230629,0.02098,0.02167,0.02243,0.0238,0.026483,0.029381,0.035019,0.039892
20230630,0.02099,0.02168,0.02242,0.02379,0.025004,0.027028,0.032701,0.034955
20230703,0.02098,0.02165,0.0224,0.02377,0.025539,0.032677,0.02877,0.034849
20230704,0.02094,0.02164,0.02239,0.02377,0.025164,0.033209,0.037748,0.03047
20230705,0.0209,0.02158,0.02237,0.02375,0.0252,0.031469,0.030589,0.032614
20230706,0.02086,0.02147,0.02228,0.02368,0.025705,0.02668,0.031638,0.030611
20230707,0.02084,0.02138,0.02221,0.0236,0.025107,0.032487,0.0286,0.03504
20230710,0.02078,0.02128,0.02215,0.02352,0.025241,0.02896,0.033891,0.03354
20230711,0.02078,0.02118,0.02212,0.02349,0.026061,0.031426,0.030496,0.030653
20230712,0.02077,0.02109,0.02208,0.02345,0.02445,0.027799,0.040297,0.036184
20230713,0.02078,0.02107,0.02206,0.02341,0.02441,0.026765,0.032856,0.034052
20230714,0.02068,0.02101,0.02205,0.02342,0.025969,0.02891,0.031044,0.033404
20230717,0.02069,0.021,0.02207,0.02341,0.025496,0.02641,0.030721,0.029856
20230718,0.0207,0.021,0.02207,0.0234,0.025575,0.035371,0.032502,0.031459
20230719,0.02068,0.021,0.02207,0.0234,0.026322,0.030365,0.03266,0.034221
20230720,0.02068,0.021,0.02206,0.0234,0.027457,0.027138,0.032821,0.029621
20230721,0.02068,0.021,0.02205,0.02339,0.025946,0.027553,0.030138,0.031505
20230724,0.020673,0.021,0.02202,0.02338,0.026356,0.031217,0.02838,0.032545
20230725,0.02066,0.021,0.02201,0.02338,0.02467,0.026863,0.030729,0.031455
20230726,0.02066,0.02099,0.02199,0.02338,0.027807,0.030246,0.02838,0.030686
20230727,0.02066,0.02098,0.02199,0.02338,0.026401,0.033557,0.02838,0.02938
20230728,0.02066,0.02098,0.02199,0.02337,0.027241,0.030149,0.028765,0.033974
20230731,0.02065,0.02097,0.02198,0.02337,0.02437,0.029377,0.032353,0.035143
20230801,0.02056,0.02098,0.02198,0.02337,0.02437,0.029541,0.028594,0.033136
20230802,0.02045,0.02098,0.02196,0.02335,0.024455,0.028534,0.028363,0.034303
20230803,0.02025,0.02092,0.02193,0.02331,0.026168,0.028841,0.031425,0.02931
20230804,0.02004,0.02085,0.02187,0.02325,0.02495,0.02915,0.039112,0.02925
20230807,0.01988,0.0208,0.02183,0.02322,0.026684,0.031214,0.032062,0.037496
20230808,0.01968,0.02075,0.02177,0.02316,0.025532,0.029938,0.031001,0.035831
20230809,0.01952,0.02074,0.02174,0.02314,0.026236,0.027889,0.02814,0.031531
20230810,0.01941,0.02067,0.02169,0.02308,0.02428,0.028953,0.034792,0.030708
20230811,0.01921,0.02065,0.02166,0.02306,0.025017,0.029176,0.033605,0.02906
20230814,0.01908,0.02063,0.02164,0.02304,0.024433,0.029463,0.03464,0.030564
20230815,0.01885,0.02045,0.02147,0.0229,0.0239,0.030139,0.028994,0.0289
20230816,0.01876,0.0204,0.02139,0.02285,0.024226,0.028481,0.029036,0.02885
20230817,0.01874,0.0203,0.02132,0.0228,0.025697,0.03135,0.032755,0.0288
20230818,0.01863,0.02026,0.02125,0.02273,0.024529,0.028717,0.032526,0.033735
20230821,0.01857,0.02024,0.02123,0.02268,0.023946,0.028844,0.032052,0.036047
20230822,0.01855,0.02019,0.02119,0.02263,0.025335,0.030208,0.030881,0.035861
20230823,0.01855,0.02016,0.02118,0.02258,0.02499,0.026858,0.03479,0.033674
20230824,0.01854,0.02016,0.02118,0.02256,0.024117,0.027601,0.03145,0.03295
20230825,0.01851,0.02014,0.02119,0.02257,0.024767,0.029193,0.03567,0.034785
20230828,0.01869,0.0202,0.0213,0.02262,0.024811,0.030503,0.02762,0.032814
20230829,0.0188,0.02028,0.02139,0.0227,0.026509,0.028264,0.028157,0.029744
20230830,0.01902,0.02036,0.02145,0.02276,0.02376,0.02719,0.029648,0.02876
20230831,0.01913,0.02043,0.0215,0.0228,0.024816,0.030605,0.028077,0.036358
20230901,0.0191,0.02044,0.02151,0.02283,0.025341,0.030891,0.028856,0.034394
20230904,0.01911,0.02044,0.02151,0.02285,0.02385,0.03063,0.031366,0.03351
20230905,0.01911,0.02046,0.02151,0.02287,0.02387,0.02708,0.032662,0.029025
20230906,0.01914,0.02052,0.02153,0.02295,0.025413,0.026216,0.033495,0.02895
20230907,0.0193,0.02067,0.0217,0.02304,0.025592,0.030291,0.02895,0.033786
20230908,0.01945,0.02081,0.02181,0.02309,0.02535,0.028012,0.02809,0.02909
20230911,0.01968,0.02094,0.0219,0.02321,0.02556,0.02621,0.031496,0.03142
20230912,0.01999,0.02104,0.02203,0.02331,0.025989,0.028706,0.030322,0.034506
20230913,0.02027,0.02117,0.02211,0.02339,0.025725,0.030022,0.032798,0.02939
20230914,0.02056,0.02144,0.02223,0.02347,0.026227,0.030695,0.02847,0.031738
20230915,0.02083,0.02165,0.02239,0.02361,0.025571,0.029341,0.032612,0.036904
20230918,0.0211,0.02194,0.02258,0.02374,0.026822,0.027116,0.033606,0.036727
20230919,0.02126,0.02221,0.02274,0.02388,0.026267,0.032062,0.037917,0.035951
20230920,0.02157,0.02243,0.02288,0.02402,0.026269,0.03211,0.032455,0.033092
20230921,0.02192,0.0226,0.02303,0.02409,0.025739,0.033217,0.029635,0.037687
20230922,0.02211,0.02273,0.02312,0.02412,0.02662,0.027321,0.033223,0.03012
20230925,0.02229,0.02282,0.0232,0.02416,0.026786,0.03193,0.030383,0.033531
20230926,0.0226,0.02294,0.02335,0.02432,0.028274,0.029309,0.02932,0.037765
20230927,0.02278,0.02303,0.02353,0.0244,0.028363,0.030407,0.035434,0.037424
20230928,0.02285,0.02302,0.02356,0.02446,0.025718,0.029489,0.036153,0.038515
20231007,0.02272,0.023,0.02357,0.02446,0.027023,0.0287,0.038421,0.031867
20231008,0.02264,0.023,0.02357,0.02447,0.026135,0.031155,0.037132,0.036032
20231009,0.02236,0.023,0.02357,0.02447,0.026885,0.031397,0.032601,0.035144
20231010,0.02237,0.02302,0.0236,0.02452,0.02552,0.029927,0.033244,0.03052
20231011,0.02236,0.02304,0.02364,0.02457,0.026956,0.030161,0.037836,0.038289
20231012,0.02234,0.02305,0.02368,0.02463,0.026164,0.030328,0.032408,0.032275
20231013,0.02229,0.02308,0.0238,0.02466,0.026855,0.029143,0.02966,0.035528
20231016,0.02223,0.02309,0.02387,0.02474,0.02737,0.029131,0.035426,0.031845
20231017,0.02218,0.02313,0.02394,0.02482,0.027073,0.032461,0.032719,0.035184
20231018,0.02219,0.02321,0.02403,0.0249,0.026384,0.030507,0.032282,0.03166
20231019,0.02226,0.02333,0.02411,0.02497,0.026793,0.02797,0.031497,0.033115
20231020,0.02235,0.0234,0.02417,0.02502,0.026764,0.030537,0.032835,0.035458
20231023,0.02245,0.0235,0.02427,0.02504,0.027915,0.02974,0.03004,0.03104
20231024,0.02256,0.02364,0.02439,0.02507,0.026583,0.030366,0.03076,0.03107
20231025,0.02266,0.02378,0.02451,0.02512,0.026664,0.031483,0.034905,0.032448
20231026,0.02268,0.0239,0.02454,0.02512,0.026707,0.029267,0.033026,0.031575
20231027,0.02269,0.02399,0.02457,0.02515,0.027723,0.02815,0.032071,0.035053
20231030,0.02271,0.02406,0.02466,0.02523,0.027414,0.036616,0.034279,0.03123
20231031,0.02268,0.02415,0.02475,0.0253,0.027205,0.0283,0.033058,0.031801
20231101,0.02265,0.02421,0.02481,0.02536,0.028275,0.030261,0.03301,0.032453
20231102,0.02262,0.02426,0.02485,0.02541,0.029149,0.030768,0.038908,0.036852
20231103,0.0225,0.0243,0.02491,0.02543,0.027912,0.032167,0.034611,0.03143
20231106,0.02249,0.02438,0.02495,0.02544,0.027161,0.03313,0.033293,0.03144
20231107,0.02245,0.02445,0.02501,0.02546,0.027408,0.034868,0.037201,0.034274
20231108,0.0224,0.02449,0.02503,0.02552,0.028471,0.030787,0.03052,0.031747
20231109,0.02236,0.0245,0.02508,0.02553,0.029093,0.030982,0.0328,0.03363
20231110,0.02235,0.02451,0.02514,0.0256,0.029504,0.034852,0.040256,0.034123
20231113,0.02234,0.02451,0.02512,0.02561,0.027906,0.02861,0.038041,0.03161
20231114,0.02234,0.02452,0.02513,0.02562,0.027837,0.029425,0.031853,0.032108
20231115,0.02227,0.02453,0.02514,0.02562,0.027012,0.030542,0.031975,0.03712
20231116,0.02229,0.02457,0.02516,0.02562,0.02662,0.032061,0.037274,0.03308
20231117,0.0223,0.024611,0.0252,0.025622,0.026904,0.031161,0.037161,0.035204
20231120,0.02223,0.02461,0.0252,0.02561,0.027079,0.032578,0.03061,0.036654
20231121,0.02221,0.02461,0.02521,0.02561,0.028019,0.030994,0.031094,0.03195
20231122,0.02224,0.02462,0.02521,0.02562,0.028155,0.034078,0.031708,0.035995
20231123,0.02226,0.02462,0.02521,0.02561,0.02661,0.030441,0.033517,0.031881
20231124,0.02236,0.02462,0.02521,0.02561,0.026673,0.030274,0.034487,0.034048
20231127,0.02255,0.02463,0.02523,0.02563,0.02663,0.02863,0.031809,0.036003
20231128,0.02267,0.02465,0.02524,0.02564,0.02664,0.030641,0.032061,0.038805
20231129,0.02279,0.02481,0.02525,0.02564,0.027255,0.032406,0.034064,0.03164
20231130,0.02297,0.02493,0.02527,0.02564,0.028408,0.032071,0.035165,0.046419
20231201,0.02302,0.02503,0.0253,0.02565,0.02665,0.035099,0.032788,0.035512
20231204,0.02308,0.02519,0.02539,0.02567,0.027624,0.030822,0.031961,0.035659
20231205,0.02327,0.02533,0.0255,0.02571,0.02671,0.033211,0.032461,0.03171
20231206,0.0234,0.02537,0.02561,0.02577,0.02732,0.034284,0.032164,0.035845
20231207,0.02354,0.02554,0.02581,0.026,0.027269,0.033516,0.036057,0.040546
20231208,0.02372,0.02564,0.02596,0.02621,0.028034,0.033547,0.034504,0.039098
20231211,0.02411,0.02572,0.02607,0.02635,0.027631,0.03384,0.033766,0.035157
20231212,0.02439,0.02585,0.02616,0.02644,0.028532,0.032944,0.034091,0.036084
20231213,0.02445,0.02593,0.02626,0.02647,0.030048,0.034441,0.037077,0.034103
20231214,0.02451,0.02597,0.02626,0.02649,0.027601,0.034401,0.037118,0.039908
20231215,0.02454,0.02601,0.02626,0.02649,0.027886,0.032031,0.03149,0.034313
20231218,0.02464,0.02603,0.02626,0.02649,0.029487,0.031557,0.036411,0.034918
20231219,0.02468,0.02601,0.02627,0.0265,0.028824,0.030205,0.034756,0.0325
20231220,0.02472,0.02601,0.02627,0.0265,0.028313,0.0295,0.038118,0.037832
20231221,0.02491,0.02604,0.02632,0.02651,0.028977,0.035552,0.031663,0.040752
20231222,0.02501,0.02604,0.02632,0.02652,0.029452,0.032047,0.037927,0.03252
20231225,0.02506,0.02601,0.02633,0.0265,0.027675,0.031283,0.032913,0.0325
20231226,0.02509,0.026,0.02629,0.02649,0.029713,0.031972,0.035548,0.033779
20231227,0.02506,0.0259,0.02613,0.02641,0.02741,0.03295,0.03141,0.035204
20231228,0.02499,0.02556,0.02586,0.02611,0.02711,0.036085,0.036844,0.035427
20231229,0.02482,0.0253,0.02555,0.02581,0.029074,0.030117,0.03544,0.035409
20240102,0.02398,0.0245,0.02498,0.02532,0.027584,0.033865,0.035517,0.035186
20240103,0.02354,0.02423,0.02479,0.02509,0.02609,0.02917,0.032722,0.03437
20240104,0.02329,0.02399,0.02456,0.02496,0.02596,0.035783,0.037509,0.035766
20240105,0.0232,0.02396,0.02448,0.02491,0.026982,0.030486,0.030054,0.034142
20240108,0.02312,0.02396,0.02444,0.02485,0.027108,0.028366,0.033853,0.033384
20240109,0.02304,0.02397,0.02438,0.0248,0.0258,0.029079,0.031559,0.039463
20240110,0.02298,0.024,0.02434,0.02477,0.027327,0.028099,0.034228,0.03077
20240111,0.02296,0.024,0.0243,0.02476,0.027843,0.029818,0.032479,0.037737
20240112,0.02297,0.024,0.02429,0.02475,0.02575,0.027956,0.030999,0.036865
20240115,0.02297,0.024,0.0243,0.02472,0.02572,0.02772,0.031367,0.035375
20240116,0.023,0.02401,0.0243,0.02469,0.02789,0.029764,0.031456,0.037152
20240117,0.023,0.02402,0.0243,0.0247,0.0257,0.029923,0.033271,0.035048
20240118,0.023,0.024,0.0243,0.02469,0.02618,0.030759,0.02969,0.031715
20240119,0.023,0.024,0.0243,0.02469,0.027144,0.028725,0.032867,0.035031
20240122,0.023,0.024,0.0243,0.02468,0.026337,0.031021,0.029792,0.03306
20240123,0.023,0.024,0.02429,0.02468,0.02729,0.030994,0.03092,0.034353
20240124,0.023,0.024,0.0243,0.02468,0.027395,0.02768,0.036157,0.032671
20240125,0.023,0.024,0.0243,0.02468,0.027105,0.033074,0.02968,0.031552
20240126,0.02301,0.024,0.0243,0.02466,0.026371,0.029092,0.037865,0.03109
20240129,0.02302,0.024,0.0243,0.02466,0.026104,0.031069,0.02966,0.032473
20240130,0.023,0.02398,0.02425,0.02459,0.026907,0.029924,0.03231,0.032002
20240131,0.02282,0.02388,0.02412,0.02449,0.02549,0.031133,0.037755,0.033545
20240201,0.02262,0.02375,0.02407,0.02443,0.026655,0.031815,0.02943,0.038538
20240202,0.02252,0.02369,0.02402,0.02431,0.026512,0.033574,0.030111,0.038764
20240204,0.02239,0.02363,0.02396,0.02425,0.027025,0.031356,0.032952,0.032504
20240205,0.02227,0.0235,0.0239,0.02416,0.027361,0.030441,0.02916,0.03016
20240206,0.02224,0.02345,0.02382,0.02409,0.025904,0.03071,0.03192,0.036747
20240207,0.02219,0.02342,0.02374,0.02403,0.02503,0.030317,0.02903,0.035309
20240208,0.02213,0.02334,0.02364,0.02397,0.025876,0.030809,0.029378,0.036808
20240209,0.0221,0.0233,0.02358,0.02396,0.027002,0.031127,0.031571,0.0347
20240218,0.022,0.02318,0.02349,0.02386,0.025153,0.031571,0.036808,0.036072
20240219,0.02186,0.02303,0.02342,0.02383,0.0251,0.030553,0.02883,0.034547
20240220,0.02166,0.0227,0.02326,0.02366,0.026111,0.02666,0.02866,0.031811
20240221,0.02145,0.02243,0.02309,0.02348,0.025179,0.027061,0.032647,0.033234
20240222,0.02132,0.02219,0.02292,0.02332,0.025126,0.027808,0.034466,0.037286
20240223,0.02122,0.02214,0.02283,0.02322,0.024736,0.027996,0.032694,0.031146
20240226,0.02116,0.02208,0.02275,0.02314,0.025001,0.030619,0.02814,0.036095
20240227,0.02107,0.02204,0.02271,0.02308,0.025153,0.028257,0.030812,0.031967
20240228,0.021033,0.021989,0.022656,0.023044,0.024044,0.032034,0.031168,0.033373
20240229,0.02099,0.02193,0.0226,0.023,0.025952,0.026958,0.03242,0.031197
20240301,0.02088,0.02182,0.02246,0.0229,0.025747,0.0259,0.030603,0.030092
20240304,0.02086,0.02171,0.02232,0.02278,0.025212,0.02972,0.028657,0.029643
20240305,0.02086,0.02167,0.02222,0.02275,0.024639,0.026957,0.033276,0.030642
20240306,0.02088,0.02165,0.02216,0.02273,0.02373,0.02798,0.02773,0.02873
20240307,0.02088,0.02164,0.02211,0.02266,0.02366,0.028879,0.034646,0.0326
20240308,0.02087,0.0216,0.02207,0.0226,0.023993,0.029512,0.029223,0.029516
20240311,0.02086,0.02159,0.02206,0.02257,0.02357,0.02557,0.0294,0.032044
20240312,0.02091,0.02158,0.02207,0.02261,0.024513,0.027778,0.027773,0.033435
20240313,0.02095,0.02159,0.02207,0.02268,0.02368,0.030232,0.02768,0.029423
20240314,0.021,0.02161,0.0221,0.02273,0.02373,0.027727,0.033656,0.033277
20240315,0.02101,0.02163,0.02211,0.02274,0.025718,0.029784,0.02774,0.030748
20240318,0.02106,0.02163,0.02214,0.02274,0.02396,0.031401,0.02774,0.034421
20240319,0.02117,0.02163,0.02213,0.02273,0.025623,0.032389,0.029501,0.033867
20240320,0.02123,0.0216,0.02208,0.0227,0.026982,0.027465,0.0277,0.0287
20240321,0.02126,0.02162,0.02206,0.02267,0.025383,0.02567,0.029553,0.032982
20240322,0.0213,0.02163,0.02205,0.022655,0.02484,0.029506,0.031322,0.035492
20240325,0.02135,0.02159,0.02206,0.02266,0.023708,0.027306,0.028342,0.034151
20240326,0.02137,0.0216,0.02206,0.02266,0.02556,0.029562,0.03421,0.02866
20240327,0.02141,0.02159,0.02205,0.02266,0.026327,0.031706,0.032867,0.037005
20240328,0.02143,0.02156,0.02206,0.02267,0.02367,0.027621,0.028464,0.033834
20240329,0.0214,0.02156,0.02203,0.02268,0.02368,0.030195,0.034792,0.033766
20240401,0.02128,0.02157,0.02199,0.02265,0.024934,0.026674,0.028109,0.035399
20240402,0.0211,0.02151,0.02194,0.02262,0.025399,0.028542,0.029366,0.02862
20240403,0.02097,0.02143,0.02186,0.02256,0.02356,0.032383,0.02756,0.032128
20240407,0.02082,0.02141,0.0218,0.02253,0.025537,0.02602,0.031084,0.034344
20240408,0.02062,0.02133,0.02177,0.02247,0.024482,0.034207,0.02747,0.034646
20240409,0.0205,0.0212,0.02163,0.02236,0.024187,0.029904,0.031684,0.029161
20240410,0.02049,0.02117,0.02157,0.0223,0.024529,0.0253,0.03211,0.032194
20240411,0.02039,0.02105,0.02144,0.02222,0.024859,0.030336,0.031323,0.031664
20240412,0.02025,0.0209,0.02127,0.02204,0.023159,0.026616,0.0336,0.035349
20240415,0.02012,0.02071,0.02105,0.02175,0.023512,0.027842,0.027036,0.034268
20240416,0.02005,0.02058,0.02089,0.0216,0.024265,0.031482,0.026965,0.029466
20240417,0.02,0.02049,0.0208,0.02151,0.023741,0.028803,0.028863,0.027891
20240418,0.01996,0.02041,0.02074,0.02143,0.024311,0.028872,0.026681,0.034496
20240419,0.01989,0.02035,0.02063,0.02129,0.02446,0.027559,0.029529,0.031952
20240422,0.01972,0.02027,0.02053,0.02108,0.022218,0.02714,0.02608,0.032709
20240423,0.01963,0.02018,0.02045,0.02091,0.02191,0.029917,0.02792,0.029275
20240424,0.01959,0.02014,0.02041,0.02084,0.022212,0.026264,0.033096,0.02684
20240425,0.01956,0.01999,0.02027,0.02074,0.024017,0.027416,0.02574,0.02674
20240426,0.01952,0.01993,0.02018,0.02082,0.024496,0.024929,0.02582,0.033232
20240428,0.0195,0.01994,0.02017,0.02087,0.023209,0.024994,0.02952,0.02687
20240429,0.01962,0.02005,0.02037,0.02112,0.024221,0.029243,0.030716,0.031205
20240430,0.01961,0.02002,0.02042,0.02109,0.024851,0.027089,0.02609,0.031438
20240506,0.01958,0.02001,0.02045,0.02111,0.025196,0.02508,0.028026,0.031359
20240507,0.01951,0.01996,0.02041,0.02108,0.023026,0.025115,0.032446,0.03704
20240508,0.01945,0.0199,0.02038,0.021035,0.023231,0.025227,0.026035,0.030809
20240509,0.01943,0.01991,0.02036,0.02102,0.024124,0.02797,0.029013,0.028252
20240510,0.0194,0.01989,0.02036,0.021,0.022,0.02867,0.031741,0.027
20240511,0.01941,0.01988,0.02037,0.021,0.02459,0.028148,0.033199,0.027
20240513,0.01931,0.01983,0.02035,0.021,0.022,0.026702,0.030508,0.035389
20240514,0.01927,0.01977,0.02026,0.02099,0.023696,0.026505,0.02599,0.03368
20240515,0.01923,0.01975,0.02025,0.02099,0.022025,0.030247,0.028137,0.034762
20240516,0.01911,0.01969,0.02019,0.02095,0.023629,0.026676,0.027392,0.028927
20240517,0.01907,0.01963,0.02013,0.02096,0.023388,0.027114,0.027179,0.029463
20240520,0.01905,0.01958,0.02007,0.02099,0.023069,0.02399,0.030365,0.027051
20240521,0.01906,0.01958,0.02005,0.021,0.022,0.024,0.026,0.027
20240522,0.01908,0.01958,0.02004,0.021,0.022291,0.030907,0.027422,0.030533
20240523,0.01905,0.01957,0.02001,0.021,0.0234,0.027262,0.028768,0.027
20240524,0.01905,0.01958,0.02001,0.021,0.024451,0.030614,0.026,0.027
20240527,0.01904,0.01958,0.02,0.02102,0.02274,0.025091,0.030538,0.027835
20240528,0.01905,0.01957,0.02,0.02101,0.025175,0.029391,0.029648,0.033091
20240529,0.01905,0.01957,0.02,0.021,0.024106,0.025872,0.026551,0.030234
20240530,0.01906,0.01957,0.02,0.021,0.023862,0.027278,0.026,0.027592
20240531,0.01907,0.01955,0.01999,0.02099,0.022916,0.026839,0.034908,0.02699
20240603,0.01905,0.01953,0.01998,0.02099,0.023496,0.029968,0.035804,0.028777
20240604,0.019,0.01949,0.01996,0.02097,0.023461,0.02811,0.029556,0.029673
20240605,0.01899,0.01948,0.01997,0.02095,0.023386,0.02395,0.030996,0.030329
20240606,0.01897,0.01948,0.01996,0.02089,0.022668,0.030984,0.026865,0.028681
20240607,0.01898,0.01949,0.01996,0.02085,0.024842,0.025186,0.0272,0.029409
20240611,0.019,0.01947,0.01995,0.02081,0.023651,0.027226,0.02581,0.028213
20240612,0.01898,0.01943,0.01994,0.02075,0.022143,0.026596,0.030028,0.031005
20240613,0.019,0.0194,0.01989,0.02073,0.02173,0.028858,0.029488,0.033884
20240614,0.019,0.01939,0.01986,0.02069,0.023134,0.028893,0.03009,0.033729
20240617,0.01898,0.01935,0.01985,0.02068,0.023202,0.026484,0.035497,0.032347
20240618,0.019,0.01934,0.01987,0.02067,0.023244,0.024117,0.02567,0.030548
20240619,0.019,0.01929,0.01985,0.02067,0.022816,0.025442,0.029093,0.034436
20240620,0.019,0.01927,0.01983,0.02063,0.023325,0.024348,0.028295,0.027215
20240621,0.019,0.01923,0.01977,0.02059,0.022202,0.025763,0.027157,0.02659
20240624,0.019,0.01922,0.01979,0.02059,0.022462,0.025469,0.02559,0.035749
20240625,0.019,0.01921,0.01978,0.02058,0.023669,0.025827,0.028636,0.02658
20240626,0.019,0.01919,0.01979,0.02055,0.024246,0.030345,0.02902,0.032621
20240627,0.019,0.01918,0.01979,0.02051,0.022685,0.023837,0.027275,0.029906
20240628,0.019,0.01918,0.01979,0.02049,0.022035,0.026053,0.028216,0.029247
20240701,0.01899,0.01917,0.01976,0.02046,0.022512,0.024339,0.026309,0.02646
20240702,0.01896,0.01917,0.01973,0.02042,0.023398,0.02342,0.031881,0.033579
20240703,0.01895,0.01914,0.01967,0.02034,0.022038,0.02334,0.027256,0.029147
20240704,0.01892,0.0191,0.01962,0.02029,0.02129,0.02526,0.032881,0.031285
20240705,0.01888,0.01908,0.01958,0.02015,0.021225,0.02315,0.027169,0.02851
20240708,0.01887,0.01907,0.01959,0.0202,0.022696,0.025129,0.029734,0.035005
20240709,0.01886,0.01907,0.01959,0.02019,0.023006,0.026094,0.027641,0.02812
20240710,0.01883,0.01906,0.01959,0.02018,0.023361,0.024925,0.028316,0.029334
20240711,0.01879,0.01904,0.01958,0.02014,0.021638,0.023395,0.029109,0.028957
20240712,0.01878,0.01899,0.01955,0.02009,0.02259,0.025023,0.031752,0.02646
20240715,0.01879,0.01897,0.01957,0.02007,0.023782,0.02307,0.029374,0.030496
20240716,0.01878,0.01897,0.01957,0.02007,0.021274,0.026919,0.031909,0.02607
20240717,0.01878,0.01896,0.01956,0.02005,0.022553,0.02305,0.025153,0.033937
20240718,0.01879,0.01897,0.01954,0.02002,0.021438,0.023672,0.027426,0.035224
20240719,0.01877,0.01895,0.01948,0.02,0.021,0.023897,0.032492,0.034573
20240722,0.01873,0.01894,0.01944,0.01997,0.021867,0.023492,0.034258,0.033753
20240723,0.01867,0.01888,0.0194,0.01997,0.022649,0.024345,0.027823,0.028489
20240724,0.01862,0.01887,0.01937,0.01993,0.022261,0.028832,0.030568,0.02593
20240725,0.01855,0.01882,0.01932,0.01985,0.023226,0.026476,0.029911,0.03325
20240726,0.01848,0.01877,0.01927,0.01979,0.02079,0.025718,0.026196,0.02579
20240729,0.01843,0.01869,0.0192,0.019729,0.022076,0.030752,0.024729,0.028632
20240730,0.01839,0.01865,0.01916,0.01966,0.022301,0.025906,0.027321,0.02566
20240731,0.01835,0.0186,0.01913,0.0196,0.021833,0.024086,0.0246,0.032184
20240801,0.01828,0.01857,0.01906,0.01956,0.022518,0.025663,0.028247,0.031783
20240802,0.01825,0.01853,0.01902,0.01946,0.021684,0.027268,0.026568,0.032396
20240805,0.01818,0.01849,0.01899,0.01937,0.021691,0.025758,0.02437,0.029231
20240806,0.01813,0.01844,0.01894,0.01928,0.020448,0.024003,0.024834,0.02528
20240807,0.01807,0.01839,0.01888,0.01923,0.023355,0.027893,0.032991,0.02523
20240808,0.01805,0.01835,0.01885,0.01917,0.021241,0.022583,0.025083,0.025416
20240809,0.01803,0.018335,0.018835,0.01916,0.0224,0.024368,0.030365,0.029972
20240812,0.01806,0.01833,0.01884,0.01922,0.023524,0.022261,0.030998,0.031659
20240813,0.01813,0.01837,0.01885,0.01923,0.020257,0.027244,0.028238,0.027548
20240814,0.01812,0.01838,0.01884,0.01923,0.020406,0.023792,0.033379,0.028232
20240815,0.01811,0.0184,0.01882,0.01922,0.022002,0.023638,0.02488,0.031466
20240816,0.01809,0.01838,0.01883,0.01922,0.02022,0.02439,0.027322,0.028554
20240819,0.0181,0.01837,0.01881,0.01922,0.021041,0.026012,0.029299,0.030424
20240820,0.01812,0.01838,0.0188,0.01926,0.020274,0.024692,0.030844,0.030944
20240821,0.01812,0.0184,0.01882,0.01932,0.02032,0.026023,0.02432,0.028461
20240822,0.01815,0.01843,0.01886,0.01936,0.023258,0.023464,0.024857,0.030652
20240823,0.01819,0.01844,0.01892,0.01942,0.02042,0.024154,0.029209,0.026517
20240826,0.01823,0.01845,0.01894,0.01945,0.021214,0.026938,0.028715,0.02925
20240827,0.01824,0.01849,0.01896,0.0195,0.021161,0.02624,0.027129,0.029873
20240828,0.01824,0.0185,0.019,0.01956,0.021063,0.025195,0.02459,0.028455
20240829,0.01822,0.0185,0.019,0.01958,0.020769,0.023352,0.028356,0.029218
20240830,0.01822,0.0185,0.019,0.01961,0.022393,0.024748,0.028834,0.030262
20240902,0.01821,0.0185,0.019,0.01959,0.022035,0.023939,0.028038,0.029682
20240903,0.01822,0.0185,0.01902,0.0196,0.021607,0.0226,0.028081,0.035238
20240904,0.01823,0.0185,0.01902,0.0196,0.02124,0.024144,0.02872,0.029537
20240905,0.01825,0.0185,0.01901,0.0196,0.022793,0.023084,0.029794,0.030371
20240906,0.01831,0.0185,0.01901,0.0196,0.021458,0.026277,0.030688,0.031217
20240909,0.01831,0.0185,0.01903,0.01962,0.02062,0.02726,0.027426,0.028839
20240910,0.01832,0.01851,0.01906,0.01962,0.021693,0.02532,0.031195,0.028369
20240911,0.01834,0.01851,0.01914,0.01962,0.02062,0.024833,0.028156,0.032308
20240912,0.0183,0.0185,0.01912,0.0196,0.022203,0.023899,0.035056,0.029394
20240913,0.0183,0.0185,0.0191,0.0196,0.022875,0.025297,0.0292,0.031118
20240914,0.0183,0.0185,0.0191,0.019585,0.022803,0.0277,0.030202,0.02764
20240918,0.01831,0.0185,0.0191,0.01958,0.021008,0.026245,0.030379,0.027912
20240919,0.01833,0.01851,0.01911,0.01957,0.022635,0.028475,0.024821,0.026059
20240920,0.01834,0.01852,0.01914,0.01958,0.02144,0.026195,0.026006,0.032637
20240923,0.01837,0.01854,0.01913,0.01957,0.021994,0.025649,0.02457,0.02557
20240924,0.01836,0.0185,0.01905,0.01943,0.021711,0.02243,0.030468,0.027956
20240925,0.0183,0.01845,0.01898,0.01932,0.024563,0.029936,0.026776,0.028001
20240926,0.01825,0.01836,0.01891,0.01926,0.022256,0.028666,0.02426,0.02526
20240927,0.01822,0.01835,0.01887,0.01923,0.020608,0.026395,0.028721,0.031439
20240929,0.0182,0.01836,0.01888,0.01922,0.02022,0.02222,0.029794,0.025735
20240930,0.0182,0.0184,0.01889,0.01923,0.02023,0.02552,0.02961,0.027864
20241008,0.0182,0.0184,0.01892,0.01927,0.020812,0.024951,0.026158,0.02527
20241009,0.0182,0.01841,0.01892,0.01932,0.020605,0.026363,0.028285,0.028824
20241010,0.0182,0.01841,0.01894,0.01934,0.020345,0.024977,0.02434,0.028875
20241011,0.0182,0.01841,0.01892,0.0193,0.022729,0.022352,0.025542,0.029287
20241012,0.0182,0.01841,0.01891,0.01931,0.022563,0.024414,0.025233,0.02531
20241014,0.0182,0.01841,0.01891,0.0193,0.021403,0.029384,0.028132,0.028233
20241015,0.0182,0.01842,0.01891,0.0193,0.021622,0.025278,0.024861,0.03077
20241016,0.01819,0.01846,0.01895,0.01932,0.021546,0.025355,0.024394,0.032231
20241017,0.01819,0.01855,0.01903,0.01934,0.022005,0.024234,0.030345,0.026847
20241018,0.01818,0.01858,0.01903,0.01932,0.020538,0.023801,0.02432,0.029735
20241021,0.01819,0.01864,0.01906,0.01934,0.02034,0.022883,0.02434,0.028082
20241022,0.0182,0.01869,0.01913,0.01938,0.02123,0.024727,0.02438,0.02538
20241023,0.0182,0.01873,0.01915,0.01942,0.021884,0.024319,0.028369,0.025764
20241024,0.01822,0.01879,0.0192,0.01944,0.021621,0.028047,0.029198,0.027203
20241025,0.01823,0.01883,0.01922,0.01947,0.021727,0.024989,0.027494,0.027493
20241028,0.01821,0.01884,0.01922,0.01948,0.021316,0.025904,0.0245,0.02548
20241029,0.0182,0.01884,0.01922,0.01949,0.02049,0.02249,0.02449,0.028968
20241030,0.0182,0.01884,0.01922,0.01949,0.020597,0.026517,0.027594,0.02549
20241031,0.0182,0.01884,0.01922,0.01948,0.022135,0.027102,0.024498,0.029741
20241101,0.01818,0.01879,0.01917,0.01943,0.020574,0.025625,0.02443,0.02543
20241104,0.01815,0.01878,0.01914,0.01937,0.020987,0.025123,0.026177,0.02537
20241105,0.01811,0.01877,0.0191,0.01935,0.02095,0.025889,0.027215,0.028898
20241106,0.01808,0.01876,0.01907,0.0193,0.02063,0.027643,0.0243,0.029763
20241107,0.01803,0.0187,0.01901,0.01925,0.022432,0.026212,0.026642,0.026665
20241108,0.01799,0.01864,0.01895,0.0192,0.022236,0.022354,0.02429,0.027007
20241111,0.01797,0.01862,0.01893,0.01916,0.022398,0.02592,0.024256,0.027229
20241112,0.01797,0.01859,0.01889,0.01913,0.020516,0.02371,0.030067,0.02513
20241113,0.01797,0.01859,0.01884,0.01907,0.022679,0.026726,0.030343,0.026681
20241114,0.01796,0.01858,0.01881,0.01904,0.02089,0.022174,0.025466,0.029521
20241115,0.01796,0.01856,0.01878,0.01899,0.022286,0.022776,0.025893,0.027536
20241118,0.01794,0.01856,0.01878,0.01899,0.01999,0.026173,0.024818,0.027404
20241119,0.01792,0.01856,0.01879,0.01898,0.020528,0.023401,0.026959,0.027333
20241120,0.01791,0.01857,0.01879,0.01897,0.020598,0.023513,0.027929,0.032931
20241121,0.01792,0.0186,0.0188,0.01898,0.02112,0.026972,0.02398,0.028453
20241122,0.01789,0.0186,0.01878,0.01898,0.01998,0.022026,0.024762,0.031556
20241125,0.01787,0.0186,0.01879,0.01899,0.02194,0.025476,0.02399,0.027401
20241126,0.01785,0.0186,0.01879,0.01899,0.021292,0.025341,0.02399,0.025319
20241127,0.01784,0.01859,0.01879,0.01899,0.020926,0.026063,0.02399,0.027504
20241128,0.01779,0.01858,0.01879,0.01899,0.021133,0.026689,0.029069,0.029738
20241129,0.01772,0.01852,0.01871,0.01893,0.02013,0.02193,0.025751,0.030935
20241202,0.01754,0.01825,0.01848,0.01868,0.022073,0.026101,0.027968,0.028819
20241203,0.01736,0.01795,0.01815,0.01835,0.019794,0.02409,0.031357,0.024522
20241204,0.01716,0.01772,0.01792,0.01815,0.021765,0.023506,0.030126,0.02415
20241205,0.01711,0.01762,0.0178,0.01807,0.020656,0.022596,0.02307,0.027726
20241206,0.01711,0.01755,0.01774,0.01803,0.021039,0.02234,0.02303,0.026754
20241209,0.0171,0.01753,0.0177,0.018,0.019913,0.025097,0.028849,0.026822
20241210,0.01711,0.01748,0.01765,0.01793,0.021786,0.024378,0.024891,0.02393
20241211,0.01711,0.01744,0.01759,0.01785,0.019587,0.023177,0.028731,0.028237
20241212,0.01712,0.0174,0.01753,0.0178,0.0188,0.024145,0.027815,0.031384
20241213,0.0171,0.01735,0.01744,0.01774,0.020628,0.025262,0.02592,0.027905
20241216,0.01708,0.01725,0.01733,0.0176,0.02085,0.020934,0.024552,0.024282
20241217,0.01706,0.01718,0.01726,0.01754,0.019919,0.026,0.023749,0.02354
20241218,0.01704,0.01715,0.01724,0.01748,0.019068,0.025307,0.027093,0.027765
20241219,0.01701,0.01712,0.0172,0.01745,0.01917,0.020892,0.026996,0.023947
20241220,0.017,0.01708,0.01717,0.0174,0.021584,0.024541,0.023658,0.024566
20241223,0.01699,0.01705,0.01712,0.01732,0.019227,0.022841,0.028671,0.026879
20241224,0.01695,0.016985,0.01707,0.01725,0.018518,0.027031,0.025398,0.028557
20241225,0.0169,0.01693,0.01702,0.017185,0.018577,0.023911,0.026118,0.023185
20241226,0.01689,0.016922,0.01701,0.017145,0.02116,0.025726,0.023953,0.023145
20241227,0.01686,0.0169,0.01699,0.017125,0.019473,0.023298,0.026192,0.0267
20241230,0.016846,0.01685,0.016955,0.017112,0.019618,0.026007,0.026816,0.023112
20241231,0.01681,0.016855,0.01694,0.01708,0.020443,0.026361,0.034536,0.02308
20250102,0.01676,0.016825,0.01689,0.017045,0.019288,0.020045,0.026704,0.0244
20250103,0.0167,0.01677,0.016855,0.017002,0.020925,0.021453,0.022002,0.024588
20250106,0.01646,0.01663,0.016725,0.01691,0.01791,0.024412,0.02191,0.025995
20250107,0.01641,0.01655,0.01667,0.01685,0.01785,0.022209,0.02978,0.026932
20250108,0.01636,0.01652,0.01661,0.016795,0.017932,0.022733,0.024849,0.027213
20250109,0.01631,0.01645,0.01656,0.01674,0.01774,0.023925,0.02174,0.02385
20250110,0.0163,0.01643,0.01655,0.01672,0.018232,0.023987,0.024788,0.02272
20250113,0.01649,0.01648,0.01662,0.01675,0.017765,0.023147,0.024513,0.024013
20250114,0.01662,0.01658,0.01669,0.01686,0.018379,0.024252,0.023307,0.025596
20250115,0.01668,0.016665,0.01676,0.016905,0.021075,0.020058,0.021905,0.028256
20250116,0.01681,0.01674,0.01682,0.01694,0.018261,0.022304,0.022597,0.025161
20250117,0.01688,0.01677,0.016852,0.016974,0.020573,0.024578,0.027561,0.022974
20250120,0.016925,0.01687,0.01693,0.01703,0.01803,0.02003,0.022602,0.0289
20250121,0.01702,0.016935,0.01699,0.017122,0.019639,0.022679,0.025055,0.024055
20250122,0.01702,0.01693,0.01701,0.01714,0.019345,0.024672,0.02214,0.027039
20250123,0.01704,0.01694,0.01703,0.01721,0.020142,0.02238,0.027312,0.034654
20250124,0.01705,0.01697,0.01707,0.01725,0.019146,0.024037,0.023036,0.026794
20250126,0.01705,0.016995,0.017125,0.01728,0.01974,0.02367,0.02228,0.026899
20250127,0.01706,0.01702,0.01715,0.017305,0.020767,0.024202,0.028191,0.025594
20250205,0.01708,0.01707,0.01722,0.01735,0.0201,0.023909,0.022497,0.027306
20250206,0.01708,0.0171,0.01727,0.01739,0.018398,0.022124,0.025958,0.027282
20250207,0.01705,0.01711,0.01724,0.01735,0.01835,0.025458,0.027066,0.024236
20250208,0.01703,0.01712,0.0172,0.01734,0.01834,0.02305,0.024002,0.026679
20250210,0.017,0.01714,0.01723,0.01733,0.018967,0.02033,0.024165,0.025413
20250211,0.0171,0.01721,0.01731,0.01741,0.020044,0.022014,0.030446,0.02341
20250212,0.01715,0.01726,0.01736,0.01746,0.020771,0.023011,0.028039,0.026699
20250213,0.01719,0.0173,0.01742,0.01753,0.02067,0.022755,0.02253,0.030792
20250214,0.01731,0.01738,0.0175,0.01764,0.019527,0.024083,0.029344,0.02364
20250217,0.01747,0.0175,0.01763,0.01775,0.020345,0.02257,0.025353,0.026967
20250218,0.01766,0.01763,0.01773,0.01796,0.01896,0.022402,0.030013,0.029619
20250219,0.0177,0.017702,0.01784,0.01812,0.020057,0.024606,0.025237,0.03119
20250220,0.01778,0.017802,0.01794,0.01823,0.02003,0.024694,0.029668,0.024898
20250221,0.01787,0.017912,0.01802,0.01831,0.021869,0.02131,0.031199,0.026192
20250224,0.0179,0.01797,0.01806,0.01839,0.020147,0.02139,0.025026,0.02439
20250225,0.01792,0.01818,0.01837,0.01855,0.019942,0.024275,0.029423,0.028173
20250226,0.01812,0.018555,0.01879,0.01887,0.021178,0.022679,0.024228,0.033266
20250227,0.01847,0.0189,0.01915,0.0192,0.020465,0.028512,0.026471,0.028207
20250228,0.01868,0.01922,0.01946,0.01944,0.02251,0.027984,0.027108,0.027275
20250303,0.01883,0.01946,0.01968,0.01957,0.021514,0.026246,0.030244,0.028583
20250304,0.01892,0.019625,0.01979,0.01967,0.022289,0.028947,0.028814,0.029605
20250305,0.01908,0.01975,0.01989,0.01976,0.02076,0.02276,0.028925,0.028476
20250306,0.0191,0.01982,0.01993,0.01982,0.021305,0.026307,0.027639,0.032203
20250307,0.01916,0.01991,0.01998,0.01988,0.021966,0.024386,0.03085,0.028229
20250310,0.01937,0.02005,0.02002,0.01994,0.022467,0.024985,0.025991,0.029193
20250311,0.01948,0.0201,0.02001,0.01998,0.021993,0.02694,0.027174,0.02598
20250312,0.01954,0.02015,0.02002,0.02004,0.021607,0.027628,0.027148,0.028301
20250313,0.01961,0.02012,0.02001,0.02002,0.023006,0.024596,0.02502,0.028538
20250314,0.01963,0.02004,0.01999,0.01998,0.021496,0.024048,0.027454,0.030455
20250317,0.01965,0.01994,0.01995,0.01995,0.021941,0.026564,0.03339,0.027921
20250318,0.01967,0.01992,0.01993,0.01994,0.022218,0.024922,0.025401,0.027185
20250319,0.01974,0.01987,0.01987,0.0199,0.021421,0.026619,0.034947,0.026752
20250320,0.01971,0.0198,0.0198,0.01989,0.021473,0.025764,0.029077,0.029681
20250321,0.01971,0.01968,0.01968,0.01973,0.023014,0.02273,0.02473,0.027242
20250324,0.01966,0.01961,0.01961,0.01963,0.022727,0.02263,0.02463,0.030344
20250325,0.01955,0.01942,0.01949,0.01949,0.021734,0.02331,0.024533,0.025581
20250326,0.01951,0.01934,0.01941,0.01942,0.021531,0.024167,0.028902,0.02542
20250327,0.01945,0.01924,0.01932,0.01936,0.020503,0.023108,0.026591,0.026746
20250328,0.01939,0.01921,0.01928,0.01933,0.022128,0.02233,0.027466,0.030005
20250331,0.01928,0.01912,0.01923,0.01926,0.023117,0.024296,0.028233,0.02526
20250401,0.01916,0.01907,0.01916,0.01921,0.02021,0.0269,0.027193,0.031746
20250402,0.01905,0.01902,0.0191,0.01914,0.02014,0.02618,0.032746,0.029399
20250403,0.01865,0.01871,0.01886,0.01887,0.021147,0.024887,0.02387,0.031937
20250407,0.01819,0.01824,0.01844,0.01837,0.019759,0.025379,0.02337,0.02437
20250408,0.01811,0.0181,0.01827,0.01813,0.021565,0.023435,0.03049,0.026895
20250409,0.01804,0.01806,0.01817,0.0181,0.0191,0.025884,0.02433,0.029196
20250410,0.01795,0.018,0.0181,0.01807,0.020095,0.02107,0.026563,0.033659
20250411,0.01787,0.01786,0.01795,0.01791,0.020403,0.023795,0.029136,0.027542
20250414,0.01782,0.01777,0.01788,0.01786,0.02007,0.021677,0.026562,0.029966
20250415,0.01776,0.01775,0.01785,0.01785,0.019014,0.026699,0.025575,0.024187
20250416,0.01772,0.01772,0.01782,0.01783,0.020828,0.023256,0.028109,0.025955
20250417,0.01766,0.01767,0.01776,0.01777,0.01971,0.024757,0.026643,0.02377
20250418,0.01763,0.01761,0.01771,0.01772,0.01872,0.025579,0.025324,0.025149
20250421,0.01758,0.01759,0.0177,0.01769,0.01869,0.021531,0.02269,0.026386
20250422,0.01754,0.01755,0.01768,0.01768,0.019082,0.021747,0.025476,0.027772
20250423,0.01749,0.01753,0.01765,0.01766,0.021753,0.02066,0.029138,0.029579
20250424,0.01747,0.0175,0.01764,0.01766,0.018881,0.024066,0.024287,0.027217
20250425,0.01747,0.0175,0.01761,0.01766,0.021169,0.024871,0.027186,0.025369
20250427,0.01748,0.0175,0.0176,0.01767,0.01867,0.023253,0.02929,0.02367
20250428,0.01747,0.0175,0.0176,0.01768,0.01868,0.023933,0.022726,0.024302
20250429,0.01745,0.0175,0.0176,0.01767,0.019246,0.020939,0.022748,0.02878
20250430,0.01743,0.0175,0.01759,0.01766,0.01866,0.02066,0.02377,0.028856
20250506,0.01732,0.01748,0.01757,0.01765,0.019453,0.022721,0.025783,0.02365
20250507,0.01719,0.01737,0.01746,0.01752,0.020015,0.024287,0.024292,0.029538
20250508,0.01702,0.0172,0.01729,0.01735,0.01835,0.025606,0.025813,0.02534
20250509,0.01684,0.01696,0.01704,0.01711,0.01909,0.022895,0.028771,0.02311
20250512,0.01661,0.01672,0.01685,0.01695,0.018187,0.025023,0.023163,0.028652
20250513,0.01647,0.01662,0.01672,0.01684,0.020539,0.022036,0.026884,0.02284
20250514,0.01639,0.01653,0.01663,0.01677,0.019525,0.023169,0.026189,0.023833
20250515,0.01629,0.01645,0.01658,0.01673,0.01773,0.023737,0.02173,0.024778
20250516,0.01625,0.01647,0.01656,0.01671,0.019651,0.023094,0.030555,0.028785
20250519,0.01624,0.01645,0.01656,0.01673,0.018076,0.022785,0.024588,0.02273
20250520,0.01617,0.01642,0.01654,0.01671,0.01777,0.021588,0.02171,0.025852
20250521,0.01615,0.0164,0.01653,0.01674,0.018491,0.01974,0.025953,0.027888
20250522,0.01613,0.0164,0.01652,0.01676,0.018987,0.022112,0.026534,0.027801
20250523,0.01611,0.01642,0.01655,0.01682,0.019127,0.021171,0.02565,0.029406
20250526,0.01612,0.01643,0.01662,0.01685,0.018253,0.027046,0.023273,0.025947
20250527,0.01614,0.01644,0.01665,0.01692,0.018248,0.023367,0.02192,0.024282
20250528,0.01615,0.01647,0.01672,0.01694,0.01794,0.023211,0.027923,0.027878
20250529,0.01621,0.01652,0.01673,0.01695,0.01795,0.027034,0.025836,0.023621
20250530,0.0162,0.01652,0.01672,0.01698,0.019137,0.023332,0.022979,0.026574
20250603,0.0162,0.01652,0.01672,0.017,0.018393,0.022191,0.022941,0.023
20250604,0.0162,0.01652,0.01672,0.01703,0.019176,0.024201,0.026575,0.02849
20250605,0.0162,0.01652,0.01672,0.01702,0.019344,0.021955,0.027539,0.02302
20250606,0.01619,0.01651,0.01671,0.01697,0.018069,0.021042,0.02821,0.028798
20250609,0.01618,0.01649,0.01667,0.01693,0.019417,0.025074,0.022292,0.026976
20250610,0.0162,0.01645,0.01663,0.01687,0.018745,0.024564,0.024524,0.024715
20250611,0.0162,0.01642,0.01658,0.01684,0.019381,0.024592,0.022835,0.025657
20250612,0.0162,0.01639,0.01657,0.0168,0.0178,0.0198,0.025401,0.027627
20250613,0.01622,0.01638,0.01656,0.0168,0.019062,0.0198,0.023747,0.0228
20250616,0.01621,0.01636,0.01655,0.0168,0.02017,0.020628,0.028566,0.028638
20250617,0.01621,0.01634,0.01653,0.01679,0.017889,0.020524,0.025841,0.023257
20250618,0.0162,0.0163,0.01647,0.01676,0.018862,0.021794,0.02176,0.02276
20250619,0.01621,0.0163,0.01644,0.01671,0.018937,0.021587,0.023051,0.027798
20250620,0.0162,0.01629,0.01639,0.01667,0.019843,0.022125,0.023648,0.02717
20250623,0.0162,0.01629,0.01639,0.01666,0.01766,0.023106,0.026316,0.027701
20250624,0.0162,0.01629,0.01639,0.01662,0.01762,0.021097,0.021985,0.02592
20250625,0.01622,0.0163,0.01639,0.01659,0.019071,0.025583,0.023105,0.024097
20250626,0.01622,0.0163,0.0164,0.01658,0.01973,0.023173,0.028383,0.026446
20250627,0.0162,0.0163,0.0164,0.01656,0.01756,0.019894,0.02156,0.027546
20250630,0.01622,0.0163,0.0164,0.01657,0.019759,0.026269,0.027099,0.029059
20250701,0.01617,0.01628,0.01637,0.01656,0.01798,0.020247,0.02711,0.026813
20250702,0.016095,0.016195,0.016315,0.016515,0.018622,0.02329,0.025485,0.029366
20250703,0.01594,0.01606,0.01619,0.01638,0.019675,0.023468,0.026917,0.026922
20250704,0.01581,0.01597,0.01611,0.01629,0.017829,0.023803,0.02129,0.028452
20250707,0.01557,0.01579,0.016,0.01616,0.01716,0.022732,0.021625,0.02682
20250708,0.01546,0.0157,0.01597,0.01612,0.018086,0.01912,0.025382,0.023386
20250709,0.01539,0.01562,0.01593,0.01613,0.019011,0.022133,0.025316,0.022257
20250710,0.01538,0.01559,0.01589,0.01613,0.017541,0.021213,0.0267,0.030162
20250711,0.01535,0.01557,0.01591,0.01616,0.017355,0.024314,0.02116,0.02216
20250714,0.01538,0.01561,0.01594,0.01623,0.017271,0.019525,0.02123,0.026469
20250715,0.01541,0.01559,0.01591,0.01623,0.018016,0.022989,0.026301,0.026027
20250716,0.0154,0.01559,0.01592,0.01621,0.018868,0.022071,0.02121,0.028383
20250717,0.01539,0.01557,0.01592,0.01621,0.017621,0.020339,0.023676,0.022472
20250718,0.01536,0.01555,0.01593,0.01621,0.017793,0.022898,0.025255,0.022517
20250721,0.01534,0.01553,0.01592,0.01622,0.017732,0.024369,0.025709,0.031445
20250722,0.01529,0.01549,0.01591,0.01621,0.01939,0.024499,0.02121,0.027502
20250723,0.01529,0.01551,0.01596,0.01625,0.018197,0.021148,0.024754,0.028086
20250724,0.01536,0.01553,0.01605,0.01631,0.018811,0.020553,0.026537,0.023397
20250725,0.01545,0.01559,0.01611,0.01639,0.018607,0.021783,0.023733,0.027689
20250728,0.01549,0.0156,0.01613,0.01642,0.01742,0.02631,0.02142,0.023627
20250729,0.0155,0.0156,0.01613,0.01644,0.01881,0.023609,0.024139,0.025268
20250730,0.0155,0.01564,0.01612,0.01647,0.018881,0.022008,0.02865,0.027988
20250731,0.0155,0.01566,0.01612,0.01648,0.019353,0.020548,0.024242,0.024579
20250801,0.01549,0.01563,0.0161,0.01645,0.01745,0.02317,0.022837,0.027416
20250804,0.01547,0.01559,0.01608,0.01641,0.01741,0.025848,0.021721,0.026068
20250805,0.01543,0.01558,0.01606,0.01638,0.019172,0.021239,0.026937,0.02238
20250806,0.01533,0.01559,0.01609,0.01638,0.019832,0.022408,0.022591,0.024482
20250807,0.01529,0.0156,0.0161,0.01639,0.019199,0.021221,0.022142,0.024725
20250808,0.015256,0.015544,0.0161,0.016378,0.017378,0.026019,0.022679,0.027873
20250811,0.01527,0.01549,0.0161,0.01638,0.018589,0.020411,0.024362,0.027732
20250812,0.01527,0.01548,0.01609,0.01638,0.018192,0.024766,0.027445,0.028137
20250813,0.01526,0.01548,0.01609,0.0164,0.01794,0.02024,0.022559,0.025989
20250814,0.01525,0.01549,0.01609,0.0164,0.018946,0.0194,0.024376,0.025874
20250815,0.01526,0.01547,0.01607,0.0164,0.018122,0.024983,0.025665,0.029331
20250818,0.01528,0.01549,0.01608,0.01643,0.018214,0.024305,0.029335,0.029365
20250819,0.01528,0.0155,0.0161,0.01647,0.01747,0.021963,0.023435,0.026938
20250820,0.01532,0.0155,0.0161,0.01649,0.019176,0.020812,0.024694,0.02249
20250821,0.01533,0.0155,0.0161,0.01653,0.019972,0.021505,0.024698,0.024601
20250822,0.0153,0.0155,0.0161,0.01653,0.019676,0.01953,0.02448,0.025213
20250825,0.0153,0.0155,0.0161,0.01652,0.018066,0.025972,0.021858,0.027835
20250826,0.0153,0.0155,0.0161,0.01652,0.018876,0.025043,0.022518,0.023321
20250827,0.01526,0.0155,0.0161,0.01653,0.019626,0.023381,0.02153,0.023912
20250828,0.01529,0.0155,0.0161,0.01653,0.018916,0.024206,0.022492,0.02253
20250829,0.01527,0.0155,0.0161,0.01652,0.019043,0.020079,0.02152,0.02252
20250901,0.01521,0.01549,0.0161,0.01654,0.019354,0.022797,0.023863,0.029707
20250902,0.01518,0.01549,0.0161,0.01655,0.019187,0.025783,0.02155,0.025446
20250903,0.01517,0.0155,0.0161,0.01656,0.01756,0.022101,0.023814,0.02744
20250904,0.01519,0.0155,0.01609,0.01658,0.018626,0.023827,0.02669,0.032045
20250905,0.0152,0.0155,0.0161,0.0166,0.018285,0.020718,0.025338,0.023193
20250908,0.0152,0.0155,0.01611,0.0166,0.020082,0.022034,0.022903,0.024186
20250909,0.01522,0.01551,0.01615,0.01661,0.019328,0.022295,0.022685,0.030606
20250910,0.01528,0.01553,0.01621,0.01663,0.017774,0.022701,0.026587,0.02263
20250911,0.0153,0.01553,0.01623,0.01665,0.01913,0.02054,0.027118,0.022762
20250912,0.01532,0.01553,0.01624,0.01667,0.019363,0.024882,0.027254,0.026424
20250915,0.01533,0.01553,0.01626,0.01671,0.018479,0.021557,0.029123,0.023612
20250916,0.01535,0.01553,0.0163,0.01671,0.01771,0.024041,0.022322,0.02286
20250917,0.01541,0.01554,0.0163,0.01671,0.01771,0.021744,0.024462,0.026439
20250918,0.01544,0.01556,0.01631,0.01673,0.019681,0.023784,0.024157,0.025135
20250919,0.01547,0.01562,0.01632,0.01673,0.01924,0.025275,0.025109,0.024323
20250922,0.0155,0.01562,0.0163,0.01673,0.017737,0.01984,0.026729,0.027464
20250923,0.01551,0.01562,0.0163,0.01672,0.019297,0.022463,0.028941,0.024268
20250924,0.01556,0.01566,0.01632,0.01674,0.019695,0.022663,0.022915,0.027518
20250925,0.01564,0.01574,0.01635,0.01679,0.0192,0.023504,0.025034,0.025676
20250926,0.01566,0.01576,0.01639,0.01681,0.021198,0.025179,0.026978,0.026145
20250928,0.0157,0.0158,0.0164,0.0168,0.019807,0.023836,0.024879,0.024889
20250929,0.01571,0.0158,0.0164,0.0168,0.018719,0.0198,0.025432,0.024335
20250930,0.0157,0.0158,0.0164,0.0168,0.020393,0.022839,0.0218,0.02565
20251009,0.01567,0.01579,0.01638,0.01677,0.01777,0.023717,0.025643,0.028644
20251010,0.01559,0.01578,0.01636,0.01675,0.017959,0.022818,0.02175,0.027854
20251011,0.01558,0.01581,0.01638,0.01674,0.019259,0.023732,0.024745,0.026984
20251013,0.01557,0.0158,0.01639,0.01669,0.020294,0.02212,0.025106,0.02269
20251014,0.0156,0.01581,0.01638,0.01669,0.017822,0.022886,0.028002,0.024921
20251015,0.01559,0.01581,0.01638,0.01669,0.018454,0.021876,0.023086,0.026575
20251016,0.01559,0.01581,0.01638,0.01669,0.01769,0.025252,0.022694,0.027856
20251017,0.01559,0.0158,0.0164,0.0167,0.0177,0.024038,0.026716,0.026853
20251020,0.01557,0.01582,0.0164,0.0167,0.017706,0.023199,0.0217,0.024942
20251021,0.01557,0.01586,0.01641,0.01675,0.019779,0.024343,0.024796,0.022826
20251022,0.01557,0.01592,0.01641,0.01679,0.019436,0.022829,0.02179,0.028138
20251023,0.01556,0.01594,0.01641,0.0168,0.018776,0.025205,0.0218,0.0228
20251024,0.01557,0.01594,0.01641,0.0168,0.019079,0.023383,0.0218,0.022865
20251027,0.01557,0.01595,0.01642,0.0168,0.021555,0.022189,0.026993,0.023848
20251028,0.01557,0.01599,0.01642,0.01678,0.01778,0.022439,0.023983,0.02458
20251029,0.01556,0.01599,0.0164,0.01675,0.018635,0.023279,0.0243,0.02275
20251030,0.01549,0.01597,0.0164,0.01673,0.019216,0.01973,0.02173,0.027948
20251031,0.01547,0.01596,0.01637,0.01667,0.019177,0.022555,0.02167,0.023546
20251103,0.01546,0.01595,0.01633,0.01664,0.018377,0.01964,0.022423,0.027597
20251104,0.01546,0.01594,0.016265,0.01658,0.020007,0.021741,0.026849,0.02258
20251105,0.015415,0.01589,0.016255,0.01655,0.019209,0.020942,0.025472,0.024807
20251106,0.01534,0.015875,0.01624,0.016525,0.019845,0.020776,0.026408,0.024686
20251107,0.01526,0.01584,0.0162,0.0165,0.018342,0.022132,0.021963,0.025458
20251110,0.01525,0.0158,0.016185,0.0165,0.018437,0.022982,0.024754,0.027894
20251111,0.01525,0.0158,0.01618,0.0165,0.019424,0.020399,0.027106,0.0225
20251112,0.01523,0.0158,0.01619,0.01649,0.019078,0.023729,0.02149,0.025769
20251113,0.01518,0.0158,0.0162,0.0165,0.018032,0.020982,0.028553,0.023539
20251114,0.01518,0.0158,0.0162,0.0165,0.017694,0.022651,0.026557,0.025075
20251117,0.0152,0.0158,0.0162,0.0165,0.019666,0.023562,0.0215,0.023912
20251118,0.0152,0.0158,0.0162,0.0165,0.017938,0.023459,0.0215,0.033147
20251119,0.0152,0.0158,0.0162,0.0165,0.019031,0.022798,0.028045,0.032531
20251120,0.01518,0.01579,0.0162,0.0165,0.019371,0.024398,0.024892,0.025075
20251121,0.01519,0.01578,0.0162,0.0165,0.018024,0.020848,0.022439,0.0225
20251124,0.0152,0.0158,0.0162,0.0165,0.018424,0.0195,0.025073,0.025391
20251125,0.0152,0.0158,0.0162,0.0165,0.018647,0.021456,0.033731,0.02958
20251126,0.01519,0.01579,0.0162,0.0165,0.0175,0.022966,0.022676,0.0225
20251127,0.0152,0.0158,0.0162,0.0165,0.0175,0.023364,0.022456,0.028403
20251128,0.0152,0.0158,0.0162,0.0165,0.019494,0.025248,0.021943,0.026926
20251201,0.01519,0.0158,0.0162,0.0165,0.019132,0.021552,0.022185,0.030329
20251202,0.01519,0.0158,0.0162,0.0165,0.018727,0.023772,0.022034,0.0225
20251203,0.0152,0.0158,0.0162,0.0165,0.017931,0.022252,0.0215,0.02547
20251204,0.0152,0.0158,0.0162,0.0165,0.0175,0.02026,0.026513,0.027311
20251205,0.0152,0.0158,0.0162,0.0165,0.018108,0.020464,0.0215,0.02438
20251208,0.01521,0.0158,0.0162,0.0165,0.019145,0.024356,0.02301,0.0225
20251209,0.01523,0.01581,0.01623,0.0165,0.018768,0.020853,0.022945,0.029476
20251210,0.01523,0.01582,0.01624,0.0165,0.019327,0.022816,0.0215,0.026134
20251211,0.01524,0.01584,0.01623,0.01651,0.019573,0.021759,0.028563,0.029388
20251212,0.01525,0.01585,0.01624,0.01651,0.020174,0.02312,0.026272,0.029753
20251215,0.01533,0.01591,0.01625,0.01652,0.018967,0.021518,0.023174,0.026236
20251216,0.01537,0.01595,0.01629,0.01653,0.01753,0.022243,0.02782,0.02253
20251217,0.01541,0.01601,0.01632,0.01653,0.020064,0.024775,0.023151,0.02716
20251218,0.0155,0.01603,0.01633,0.01653,0.018533,0.02499,0.027478,0.02253
20251219,0.015544,0.016022,0.016311,0.016511,0.019098,0.0221,0.024759,0.023326
20251222,0.01559,0.01601,0.01629,0.0165,0.020248,0.02458,0.022281,0.0225
20251223,0.01567,0.016,0.0163,0.0165,0.018114,0.023369,0.025221,0.029259
20251224,0.01579,0.016,0.01629,0.0165,0.01929,0.024439,0.025481,0.0225
20251225,0.01584,0.016,0.01627,0.0165,0.018304,0.02462,0.024345,0.027009
20251226,0.01584,0.016,0.01628,0.0165,0.018181,0.02044,0.02413,0.026427
20251229,0.01584,0.016,0.0163,0.0165,0.017844,0.022029,0.021682,0.028858
20251230,0.01585,0.016,0.0163,0.0165,0.018206,0.025406,0.029086,0.025257
20251231,0.01588,0.016,0.01629,0.0165,0.0175,0.0195,0.0215,0.0225
20260104,0.01579,0.01598,0.01624,0.01649,0.019868,0.022722,0.025659,0.02249
20260105,0.01574,0.01596,0.01617,0.01648,0.01748,0.024254,0.02534,0.025038
20260106,0.01569,0.01596,0.01618,0.01648,0.019045,0.025752,0.023817,0.025688
20260107,0.01564,0.01597,0.01619,0.01649,0.018683,0.027274,0.02149,0.02754
20260108,0.01559,0.01595,0.01619,0.01648,0.018365,0.023614,0.022508,0.025333
20260109,0.01557,0.01595,0.01618,0.01646,0.019171,0.028686,0.026884,0.022916
20260112,0.01556,0.01598,0.0162,0.01648,0.018056,0.021573,0.02148,0.02449
20260113,0.01559,0.016,0.0162,0.01649,0.019223,0.019942,0.027635,0.026953
20260114,0.0156,0.016,0.0162,0.0165,0.017766,0.022217,0.029295,0.027701
20260115,0.015596,0.016,0.0162,0.01649,0.018499,0.022015,0.02472,0.023955
20260116,0.01558,0.016,0.0162,0.0165,0.0175,0.026584,0.024966,0.026694
20260119,0.01557,0.016,0.0162,0.01649,0.018432,0.02102,0.023932,0.02249
20260120,0.0156,0.016,0.0162,0.01649,0.020767,0.020021,0.02149,0.024169
20260121,0.01559,0.016,0.0162,0.01648,0.019768,0.022509,0.02148,0.029243
20260122,0.01557,0.01598,0.01616,0.016458,0.019189,0.023535,0.026605,0.032641
20260123,0.015577,0.01598,0.01615,0.016441,0.020626,0.021068,0.029313,0.026591
