Date,Open,High,Low,Close,Volume
20180102 00:00,126100,127700,126000,127200,31323053
20180103 00:00,127300,128000,126600,126600,37839101
20180104 00:00,127000,127300,126200,126600,27883804
20180105 00:00,126700,127100,126200,126900,31026744
20180108 00:00,126900,127100,126300,126800,31389887
20180109 00:00,126800,127400,126600,127000,26215432
20180110 00:00,127000,130900,126800,130200,90679990
20180111 00:00,129500,130400,128700,129400,37816412
20180112 00:00,129700,130000,129000,129100,24203419
20180115 00:00,128800,130800,128500,130200,61320680
20180116 00:00,129700,130600,127800,129000,74892652
20180117 00:00,129100,134200,128900,131000,127132813
20180118 00:00,131400,132500,130500,132400,111608076
20180119 00:00,133300,136100,131800,132400,171648871
20180122 00:00,129300,131500,127100,127700,272513801
20180123 00:00,127500,129200,126800,129000,217827457
20180124 00:00,129700,140000,128900,135700,379653629
20180125 00:00,135400,137600,133600,136500,176989631
20180126 00:00,136500,137200,133600,134100,218419685
20180129 00:00,134800,135300,133200,134600,153783104
20180130 00:00,134500,134900,130900,131100,107804018
20180131 00:00,130500,131900,129800,131700,117703264
20180201 00:00,131400,133300,129400,133000,173573331
20180202 00:00,131900,131900,130100,131400,71796780
20180205 00:00,130000,135400,129800,134900,150149657
20180206 00:00,132900,135000,132000,134800,244358992
20180207 00:00,135800,139000,132400,134500,200770115
20180208 00:00,133400,134000,129500,131000,109426872
20180209 00:00,128900,129800,122400,127800,149257356
20180212 00:00,126600,126800,124300,124900,64799197
20180213 00:00,125500,126800,125000,125100,54900214
20180214 00:00,125000,125500,123800,124600,32597811
20180222 00:00,126000,126800,125300,126300,42012285
20180223 00:00,126600,127800,125900,127200,38736515
20180226 00:00,127700,128400,126100,127300,48806055
20180227 00:00,127500,127600,126100,126900,48561087
20180228 00:00,126100,126600,124400,124600,39888938
20180301 00:00,124000,125000,123800,124700,34491031
20180302 00:00,124000,124600,123600,124100,23024132
20180305 00:00,124100,124800,123400,124200,29343464
20180306 00:00,124800,125100,123800,124900,27222668
20180307 00:00,125100,126000,124600,124900,38817575
20180308 00:00,125500,125500,124000,124700,22164132
20180309 00:00,124900,125100,124200,124800,23558287
20180312 00:00,125300,125400,124600,125000,25161821
20180313 00:00,125000,125800,124300,124900,25145000
20180314 00:00,124500,124500,123800,123900,22804603
20180315 00:00,123500,124100,123400,123900,17287774
20180316 00:00,123600,124000,123000,123000,26781399
20180319 00:00,123100,123300,122600,123100,16896048
20180320 00:00,122800,123900,122500,123200,20672283
20180321 00:00,123400,124000,122800,122900,23878465
20180322 00:00,123500,123500,122500,122500,22948484
20180323 00:00,120000,120600,116400,117100,57106391
20180326 00:00,117100,117500,115000,116100,36425054
20180327 00:00,117000,117700,115600,116200,27332809
20180328 00:00,115300,117500,115200,115700,22911282
20180329 00:00,115700,117100,114500,116200,33108805
20180330 00:00,116300,116900,116100,116500,23271965
20180402 00:00,116800,118200,116500,117100,27719599
20180403 00:00,116600,116700,115400,115600,18303514
20180404 00:00,116100,116500,115300,115300,19637509
20180409 00:00,115300,115900,114900,115000,16722481
20180410 00:00,115200,117900,115100,117700,28748298
20180411 00:00,117900,120200,117500,119100,31298519
20180412 00:00,119100,119600,117600,117800,18824289
20180413 00:00,118300,118900,116900,116900,14094853
20180416 00:00,118000,118000,115400,115500,23720095
20180417 00:00,115600,117000,115500,115500,25469983
20180418 00:00,117500,117900,116600,117300,26295275
20180419 00:00,118000,118900,117600,118000,16553270
20180420 00:00,117400,117900,115700,116100,18377407
20180423 00:00,115600,117500,115300,116000,18181610
20180424 00:00,115600,117800,115600,117800,23032861
20180425 00:00,117100,117700,116500,116600,16082634
20180426 00:00,117300,117800,115500,115700,18205794
20180427 00:00,115800,116700,115500,116100,23450783
20180502 00:00,113300,113300,109700,110300,69325684
20180503 00:00,109900,110100,108300,109200,34665572
20180504 00:00,109100,109400,108000,108300,22253089
20180507 00:00,108200,108900,107600,108400,27425378
20180508 00:00,108400,109700,108100,109500,28796453
20180509 00:00,109500,110000,108900,109300,18510621
20180510 00:00,109800,110000,109100,109500,16030500
20180511 00:00,110000,110100,109400,109500,22015135
20180514 00:00,109700,110500,109600,110000,23763310
20180515 00:00,110300,110500,108800,109900,23548459
20180516 00:00,109300,109600,108600,108700,23580345
20180517 00:00,108600,109100,108100,108300,18474690
20180518 00:00,108500,109000,108100,109000,21717105
20180521 00:00,109800,109800,109000,109400,23393724
20180522 00:00,109400,109500,108500,108800,16014501
20180523 00:00,108800,108900,107900,108000,21194469
20180524 00:00,108300,108400,107600,107900,15229580
20180525 00:00,108300,108300,106800,107100,19016226
20180528 00:00,107100,107900,106100,107600,18370343
20180529 00:00,107000,107400,106100,106400,16933980
20180530 00:00,105600,106000,103900,104400,32230788
20180531 00:00,104600,106900,104600,105500,45532670
20180601 00:00,106000,106900,105300,106800,18365527
20180604 00:00,107600,108300,107000,107500,16180325
20180605 00:00,107100,107500,106100,106600,18692609
20180606 00:00,106400,106400,105300,105500,14983603
20180607 00:00,105600,106600,105100,106200,23355633
20180608 00:00,105500,105700,103700,104200,27181997
20180611 00:00,103800,104300,102800,104200,18004293
20180612 00:00,104100,104100,103000,103500,16085667
20180613 00:00,103000,103300,101800,102100,19961576
20180614 00:00,101600,102600,101600,102200,17557528
20180615 00:00,102200,103400,101900,103000,19914990
20180619 00:00,102300,102400,98100,99200,42988471
20180620 00:00,99200,99800,98700,98900,18915740
20180621 00:00,98800,99800,97500,98300,23636961
20180622 00:00,98300,98300,96700,97600,25040001
20180625 00:00,97700,98200,95500,95600,24244380
20180626 00:00,96000,96000,93500,94800,24424095
20180627 00:00,94100,95300,93600,93700,24913770
20180628 00:00,93300,96100,93200,95000,30741337
20180629 00:00,95600,96000,94500,95600,19493546
20180702 00:00,95500,95500,92300,92900,22669089
20180703 00:00,92900,93800,92000,93500,24123551
20180704 00:00,93400,94200,92800,93100,14464777
20180705 00:00,92600,93500,92200,92600,16495438
20180706 00:00,93100,94300,91700,93700,22594443
20180709 00:00,93700,96300,93700,96000,22172565
20180710 00:00,96100,96500,95000,95700,12402837
20180711 00:00,93700,94400,93200,93800,15203933
20180712 00:00,94100,96100,93900,95700,19704837
20180713 00:00,95700,95800,94600,94900,15026339
20180716 00:00,95000,95400,93400,94100,14414119
20180717 00:00,94100,94800,93800,94400,13713495
20180718 00:00,95100,96400,94800,95100,18922700
20180719 00:00,96000,96200,95300,95600,18360482
20180720 00:00,95600,99500,94700,98700,33275650
20180723 00:00,99100,100300,97400,99600,31484434
20180724 00:00,99800,101400,99700,100200,36424560
20180725 00:00,101200,101200,99600,100200,15889970
20180726 00:00,100700,100800,99500,99600,15206330
20180727 00:00,99600,100400,99300,99900,12120067
20180730 00:00,99900,101600,99700,101300,20096364
20180731 00:00,101200,102000,100000,101700,18203008
20180801 00:00,102600,102700,99000,99100,20741884
20180802 00:00,99100,100300,96600,97900,24483871
20180803 00:00,97900,99800,97600,98300,16997939
20180806 00:00,99700,100300,98700,99100,17444492
20180807 00:00,99400,101200,99400,101100,21784661
20180808 00:00,101500,101500,100100,100500,13461992
20180809 00:00,100000,101800,99900,101400,17689853
20180810 00:00,101400,101400,100200,100700,13172633
20180813 00:00,100000,100600,99000,99800,17927668
20180814 00:00,99800,100700,99500,100600,15868585
20180815 00:00,100600,100600,99000,99000,14787033
20180816 00:00,98700,101200,98400,100600,24323652
20180817 00:00,101600,101600,99300,99800,15090455
20180820 00:00,101700,101700,100100,101500,26975300
20180821 00:00,101800,102000,100900,101200,19786535
20180822 00:00,101200,101400,100000,100900,11993541
20180823 00:00,101300,101400,99800,100700,15537812
20180824 00:00,100600,104300,100200,103000,32268837
20180827 00:00,103300,103500,102100,103300,23266645
20180828 00:00,103000,103800,102500,103000,14609685
20180829 00:00,102900,103200,102600,103200,10362000
20180830 00:00,103000,104100,101700,101700,18621890
20180831 00:00,101600,103600,101600,103300,37311724
20180903 00:00,102700,103000,101700,102400,14309539
20180904 00:00,102100,104000,101800,103700,16353060
20180905 00:00,103100,103700,101200,101200,22729232
20180906 00:00,101200,102300,101200,101400,10546916
20180907 00:00,101500,102500,101200,101900,8995716
20180910 00:00,101600,102300,101300,101800,11822813
20180911 00:00,102200,102700,99800,100200,19689042
20180912 00:00,99900,100700,99500,100400,16506103
20180913 00:00,101700,103000,101100,102900,29417198
20180914 00:00,103600,103600,102100,102600,16450780
20180917 00:00,102600,102800,101000,101500,10535343
20180918 00:00,101600,102600,100900,102600,16684789
20180919 00:00,102800,102900,102000,102400,18550643
20180920 00:00,102600,102800,101800,102200,16307051
20180921 00:00,102400,104900,101500,104900,37571431
20180925 00:00,103800,104700,103200,103500,15879199
20180926 00:00,103900,105600,103400,104100,31175799
20180927 00:00,104500,104800,103800,104800,24182714
20180928 00:00,104900,107500,104400,106200,37430602
20181008 00:00,103900,104800,101500,101600,41957276
20181009 00:00,100800,102400,100700,101500,23159026
20181010 00:00,101400,102800,101300,101700,18124701
20181011 00:00,100000,100500,97100,98000,39056785
20181012 00:00,99000,101000,98300,100300,25145127
20181015 00:00,100500,101600,99700,100300,13957844
20181016 00:00,100300,101900,99700,100500,15308344
20181017 00:00,101800,103100,101400,102900,26520895
20181018 00:00,103500,103500,101600,101900,22403988
20181019 00:00,102500,104300,100700,103800,40331386
20181022 00:00,103200,107000,103200,106200,47003409
20181023 00:00,106400,107000,104500,104500,38089035
20181024 00:00,105700,110500,105200,107400,59165552
20181025 00:00,106000,108900,105400,108400,36866593
20181026 00:00,108500,109800,107400,109200,27519309
20181029 00:00,110800,111200,107100,107900,35265959
20181030 00:00,109300,110500,108900,109500,33086049
20181031 00:00,109900,110300,108700,109800,21737114
20181101 00:00,110500,110900,108600,108900,23505322
20181102 00:00,111000,112500,109400,111800,47788920
20181105 00:00,111500,112500,110800,111400,17012759
20181106 00:00,111300,111500,110000,110300,18422477
20181107 00:00,110900,111000,108700,109000,20843864
20181108 00:00,110500,111000,109000,110600,19991683
20181109 00:00,109900,110300,107000,107500,25570050
20181112 00:00,107700,109500,107500,108000,27015827
20181113 00:00,106800,109000,106800,108200,20708729
20181114 00:00,108700,108700,106800,107000,17998183
20181115 00:00,107200,108100,106500,107700,16580059
20181116 00:00,107700,108500,107100,107600,21394417
20181119 00:00,108600,109000,107700,108800,21384793
20181120 00:00,108700,108900,106500,106900,21883780
20181121 00:00,106100,107200,106100,106600,16027458
20181122 00:00,107300,107300,105700,106400,14008305
20181123 00:00,106000,106600,105000,105000,14715010
20181126 00:00,106600,106600,104300,105000,14377396
20181127 00:00,105000,106100,104500,104900,15084666
20181128 00:00,105600,106200,105000,105800,18339621
20181129 00:00,106400,107500,105400,106300,20685685
20181130 00:00,106500,107500,106200,107100,28572651
20181203 00:00,109900,110500,108400,110200,43049070
20181204 00:00,110000,110800,109700,110800,20811293
20181205 00:00,109900,111000,109600,110000,25491217
20181206 00:00,108200,109300,108200,109000,23597997
20181207 00:00,109400,110300,108800,108900,10580550
20181210 00:00,107700,109000,107700,108300,15927563
20181211 00:00,108400,109000,106900,107200,17234222
20181212 00:00,108900,108900,107000,107300,12448791
20181213 00:00,107600,108600,107300,108000,19792340
20181214 00:00,107400,108000,105900,106200,24163831
20181217 00:00,106500,107800,106200,107800,19746228
20181218 00:00,106800,108200,105400,105700,19451677
20181219 00:00,105900,106500,105400,105400,13603633
20181220 00:00,105300,105900,101100,102500,30069914
20181221 00:00,102300,102400,100000,100700,20885862
20181224 00:00,99800,100400,98600,99100,22779882
20181225 00:00,97700,98600,96000,97900,34810397
20181226 00:00,98100,98800,96400,96700,20569202
20181227 00:00,97700,98000,96600,96600,27347564
20181228 00:00,97200,99500,97100,98000,27404028
20190102 00:00,97400,97900,95800,97000,23762822
20190103 00:00,97000,98200,96600,98100,18654262
20190104 00:00,97300,100000,97000,99600,27172844
20190107 00:00,100900,100900,99200,99800,23597376
20190108 00:00,100300,100300,99100,99600,15104933
20190109 00:00,100600,101600,99800,99900,23163720
20190110 00:00,99400,100200,99200,99600,15923566
20190111 00:00,100300,101500,99600,100500,19069069
20190114 00:00,100300,101000,100100,100600,20352840
20190115 00:00,101000,101500,100500,101100,15632125
20190116 00:00,101000,101500,100700,101300,12988340
20190117 00:00,101700,102800,100700,101700,22766048
20190118 00:00,102900,104400,102200,104300,29087141
20190121 00:00,103600,104600,103000,103500,18947789
20190122 00:00,103800,103800,102300,102500,16250557
20190123 00:00,102900,103400,102500,102700,16520327
20190124 00:00,103400,103900,102700,103800,15006699
20190125 00:00,104500,105600,103800,105000,19696587
20190128 00:00,105300,106600,103900,104200,21769073
20190129 00:00,103900,106300,103800,105800,23768004
20190130 00:00,105900,106400,104700,105000,16054256
20190131 00:00,105900,107300,105100,107300,25131034
20190201 00:00,108200,108200,106200,107700,19119343
20190211 00:00,106200,107300,106200,107000,20216568
20190212 00:00,107100,107300,106300,107200,16769601
20190213 00:00,107400,109300,106800,108600,30248695
20190214 00:00,108500,109100,108000,108200,19815286
20190215 00:00,107800,108500,106600,106600,17758789
20190218 00:00,107500,108700,107000,108400,20102219
20190219 00:00,108500,109600,107800,108000,25952745
20190220 00:00,109200,109200,108100,108300,22286311
20190221 00:00,108300,109300,107500,107900,25402390
20190222 00:00,107600,110100,107600,110100,25907438
20190225 00:00,110300,119500,110300,119200,93712264
20190226 00:00,119100,121500,116000,116500,83643265
20190227 00:00,117100,120700,116700,118300,71201603
20190228 00:00,118300,119200,116800,117400,39393414
20190301 00:00,118100,120600,116000,120200,63254621
20190304 00:00,121200,123800,119500,120200,85024777
20190305 00:00,120100,120400,118700,119800,54564202
20190306 00:00,119900,121500,118600,120200,53693164
20190307 00:00,120300,120400,118700,118800,52618824
20190308 00:00,117200,117200,113600,115000,52670531
20190311 00:00,114400,115900,113600,114700,39922020
20190312 00:00,115900,116900,114000,114400,52211807
20190313 00:00,114100,115600,113000,114400,41373014
20190314 00:00,114600,115800,114300,114600,34337899
20190315 00:00,114700,116000,114300,114300,33769320
20190318 00:00,114500,116000,113700,115900,43879562
20190319 00:00,116300,116700,115100,115500,27500231
20190320 00:00,115200,116400,114900,115500,27325424
20190321 00:00,115600,115900,114400,114600,35037035
20190322 00:00,114900,115100,113100,113900,35436446
20190325 00:00,112800,112900,110100,110300,57716577
20190326 00:00,111100,111400,110300,110900,30795722
20190327 00:00,111100,112400,110400,110800,42124489
20190328 00:00,110300,110500,109000,110300,29296120
20190329 00:00,109800,113000,109800,112800,60526266
20190401 00:00,113600,115200,112900,114400,70637405
20190402 00:00,115000,115200,114100,114400,46714710
20190403 00:00,113700,115400,113400,115000,50271029
20190404 00:00,115500,117100,115400,117100,75232527
20190408 00:00,117900,119600,116500,117200,77870373
20190409 00:00,117200,117500,114900,115400,56895992
20190410 00:00,115000,115600,114200,114800,41027539
20190411 00:00,114700,115900,113500,114700,50172794
20190412 00:00,114700,115600,114300,114900,26273690
20190415 00:00,116700,117700,114600,114700,70509167
20190416 00:00,114600,119900,114300,119500,100665400
20190417 00:00,119600,120900,118800,119100,68157211
20190418 00:00,119100,120500,118400,119100,43048980
20190419 00:00,120100,122000,118600,120100,56013041
20190422 00:00,120200,120700,116800,117100,53389418
20190423 00:00,116800,118000,116300,117000,33847719
20190424 00:00,117600,117700,115100,116200,38201108
20190425 00:00,115600,116900,114800,115400,40876129
20190426 00:00,114300,115600,112800,113200,42469581
20190429 00:00,113500,115400,113400,114800,38586938
20190430 00:00,117000,120900,117000,119700,123474738
20190506 00:00,117500,118600,115400,118000,124545414
20190507 00:00,118200,119400,116000,118000,85489922
20190508 00:00,116400,117800,114900,115100,58500103
20190509 00:00,114800,115600,111000,111200,64128049
20190510 00:00,112300,114200,110600,113200,48550722
20190513 00:00,112000,114000,111500,113100,40284963
20190514 00:00,111800,114400,111700,112100,41888998
20190515 00:00,112800,114200,112300,113200,34404465
20190516 00:00,112800,113600,112200,113000,34141755
20190517 00:00,113200,113500,112000,112400,38399831
20190520 00:00,112800,114400,112500,113400,34904438
20190521 00:00,113300,114500,113100,113200,32975873
20190522 00:00,113200,113400,111200,111600,40000391
20190523 00:00,111200,111500,109500,111000,36312689
20190524 00:00,111700,112200,110000,111100,24160265
20190527 00:00,110900,112600,109600,112200,35087915
20190528 00:00,111900,113000,110200,112900,72278135
20190529 00:00,111700,112900,110700,111200,40860970
20190530 00:00,111800,111800,110300,111100,26650033
20190531 00:00,111100,112300,110500,111300,36976728
20190603 00:00,111700,112900,111300,112800,30492063
20190604 00:00,112900,113700,112600,113500,25077393
20190605 00:00,114300,115200,113500,114100,31423641
20190606 00:00,115100,115100,113800,114700,26427215
20190610 00:00,115700,117000,115300,116100,43183779
20190611 00:00,113500,114500,112700,114200,52266217
20190612 00:00,114200,117000,114000,116000,50635228
20190613 00:00,115700,117900,115000,117000,46966016
20190614 00:00,117400,118700,117100,117900,47385174
20190617 00:00,117800,119200,117500,117700,35220103
20190618 00:00,118200,119000,117200,118200,28965124
20190619 00:00,120400,120700,118100,118800,44927745
20190620 00:00,119500,123200,118500,122000,71647496
20190621 00:00,121800,123000,120300,120900,55381180
20190624 00:00,120900,121300,119600,120300,34195336
20190625 00:00,119800,119800,115100,116600,80359367
20190626 00:00,115600,117300,115500,116600,36973199
20190627 00:00,116800,118400,115500,116400,47997783
20190628 00:00,116700,116800,115400,116800,29545173
20190701 00:00,118600,119200,116900,117100,54887882
20190702 00:00,117200,117400,115700,116100,51165729
20190703 00:00,116200,116300,115100,115600,36567085
20190704 00:00,116100,116700,115700,116200,30369201
20190705 00:00,116300,116400,115300,115700,25753241
20190708 00:00,115600,115700,113100,113600,34710676
20190709 00:00,114000,114300,113300,113700,21885404
20190710 00:00,114300,114300,113100,113500,23409890
20190711 00:00,114300,114600,113400,114000,23285835
20190712 00:00,113900,116200,113900,115200,34816996
20190715 00:00,114000,115400,112200,115000,40305603
20190716 00:00,115000,115700,114400,115500,21606007
20190717 00:00,114900,115700,114600,114800,17480372
20190718 00:00,115300,115300,114500,114900,18260034
20190719 00:00,115100,116300,114900,115800,19619622
20190722 00:00,115400,116300,114700,114800,25617875
20190723 00:00,114300,115600,114300,114900,17927898
20190724 00:00,115400,116800,115300,115900,24112288
20190725 00:00,115700,119600,115700,118800,55900219
20190726 00:00,118300,119400,118100,118700,30368988
20190729 00:00,119000,119400,118000,118600,21465011
20190730 00:00,118400,120000,118400,118600,33731002
20190731 00:00,118100,119400,117300,118700,30650758
20190801 00:00,117600,118500,116300,116500,32471702
20190802 00:00,114800,115600,114100,114800,38976091
20190805 00:00,114200,114600,112300,112400,42719073
20190806 00:00,111000,112300,109700,110900,45203853
20190807 00:00,111400,111600,110500,110700,31462085
20190808 00:00,111500,113100,111100,112600,33258085
20190809 00:00,113100,114100,112600,113700,40637993
20190812 00:00,113300,114500,113100,114300,34989082
20190813 00:00,114000,114000,112900,113300,18839979
20190814 00:00,114200,114800,112800,112800,19874457
20190815 00:00,111600,113200,111200,112900,19101192
20190816 00:00,112500,113400,112100,112200,24823561
20190819 00:00,112200,113800,110800,113800,38253341
20190820 00:00,113000,114700,112800,113700,23758050
20190821 00:00,113500,114400,113400,114100,14656537
20190822 00:00,114300,114500,113700,114300,15866836
20190823 00:00,113900,115900,113800,115900,33655377
20190826 00:00,113900,114400,111500,113000,41845176
20190827 00:00,113700,115700,113000,113000,66247458
20190828 00:00,113700,114000,113000,113200,25525597
20190829 00:00,113000,113500,111800,112300,28049594
20190830 00:00,113400,113700,112200,112800,25424004
20190902 00:00,113000,114200,112400,113400,27749879
20190903 00:00,113900,114100,113100,113500,16286609
20190904 00:00,114000,115000,113600,114900,30670961
20190905 00:00,115000,117400,115000,116200,46828000
20190906 00:00,116800,117000,115800,116900,34392057
20190909 00:00,117800,117900,116800,117500,40059368
20190910 00:00,117900,118600,116900,118500,37041097
20190911 00:00,118500,120000,118500,119500,39063654
20190912 00:00,120800,120900,119200,120000,26104824
20190916 00:00,119900,120100,118300,119300,25489116
20190917 00:00,119600,120100,117700,118100,33558932
20190918 00:00,119400,120000,118700,119300,31387271
20190919 00:00,120000,120000,118800,119400,23742171
20190920 00:00,119900,119900,118500,119500,40109279
20190923 00:00,119000,119200,116800,117500,27710795
20190924 00:00,118100,118600,117300,117500,21870962
20190925 00:00,117500,119500,116900,118100,30136356
20190926 00:00,118800,121800,118400,119700,72726461
20190927 00:00,119500,119900,117600,119000,36807878
20190930 00:00,118500,120700,118100,118400,35947577
20191008 00:00,118000,120300,118000,119000,32415886
20191009 00:00,118200,121300,118000,119900,42209602
20191010 00:00,120200,120400,119100,119600,27261229
20191011 00:00,120500,124500,120000,124500,92030800
20191014 00:00,125900,132200,125200,129400,123970103
20191015 00:00,129500,131400,128600,130900,73394591
20191016 00:00,130800,133300,129000,130800,67002223
20191017 00:00,130700,132500,130300,131700,47869313
20191018 00:00,132400,132900,127200,127800,64992896
20191021 00:00,128000,130300,127500,129100,38996287
20191022 00:00,130300,130500,127700,129300,31396257
20191023 00:00,128900,129500,127700,128600,32821414
20191024 00:00,129800,132400,129500,130900,103158806
20191025 00:00,130900,130900,127800,129000,97876357
20191028 00:00,127500,128800,126500,127000,72380466
20191029 00:00,127400,128500,126200,127700,52604090
20191030 00:00,127500,127900,125200,125900,53734730
20191031 00:00,126800,127000,125000,125100,33347533
20191101 00:00,125000,128300,124400,127500,62705733
20191104 00:00,127500,128900,126900,127400,49737996
20191105 00:00,127400,131900,126900,129500,74274389
20191106 00:00,129500,131000,128600,129200,46023920
20191107 00:00,129500,129500,127100,127600,46267281
20191108 00:00,128000,128100,125600,125700,48841866
20191111 00:00,124800,124800,122900,122900,38594267
20191112 00:00,123100,123600,121700,122400,39239395
20191113 00:00,122100,122900,121500,122300,32274979
20191114 00:00,122300,122700,121000,121400,28943647
20191115 00:00,122200,122600,121200,121500,27324299
20191118 00:00,121700,123500,121300,122400,28796529
20191119 00:00,122000,123100,121800,122300,29370803
20191120 00:00,121700,122200,120100,120400,38092059
20191121 00:00,120000,120400,119100,119600,34617175
20191122 00:00,120100,120600,119400,119900,29531099
20191125 00:00,120300,121400,120000,120700,25153256
20191126 00:00,121500,121700,119800,120600,59633264
20191127 00:00,120700,120700,119000,119900,28703956
20191128 00:00,120000,120100,119200,119600,17797225
20191129 00:00,119300,120700,118900,119100,24566935
20191202 00:00,119600,119700,118200,118700,22163020
20191203 00:00,118100,119000,117700,118600,19557865
20191204 00:00,117800,118300,117000,117500,24734662
20191205 00:00,117900,118900,117600,118900,24976130
20191206 00:00,119200,119500,118300,119200,20654438
20191209 00:00,119000,119300,118500,119000,17349258
20191210 00:00,118800,119100,118600,118600,15324640
20191211 00:00,118800,119900,118500,119800,33409045
20191212 00:00,119900,119900,118800,119000,27021203
20191213 00:00,119800,121200,119400,121200,59520554
20191216 00:00,121200,121500,120000,121300,37971632
20191217 00:00,121700,125100,121000,123900,57435605
20191218 00:00,123600,125000,123400,124000,34565268
20191219 00:00,124000,125000,123800,124100,23789907
20191220 00:00,124100,125500,123800,124200,40150148
20191223 00:00,124600,124600,121700,122000,37033891
20191224 00:00,122100,122900,122000,122800,21671029
20191225 00:00,122900,122900,122000,122400,13678175
20191226 00:00,122600,123200,122300,122900,15739054
20191227 00:00,122500,124300,122500,123200,27932109
20191230 00:00,122700,123600,121200,123400,41051555
20191231 00:00,123200,123800,122100,123700,31953628
20200102 00:00,124700,126400,124500,124700,51629079
20200103 00:00,125700,126300,124700,126000,38018810
20200106 00:00,125200,126500,124200,124600,41001193
20200107 00:00,125100,126000,124600,125000,28421482
20200108 00:00,124100,124500,122500,123200,35240536
20200109 00:00,123900,124300,123500,123700,26151448
20200110 00:00,123700,124200,123100,123900,18321252
20200113 00:00,124000,124100,123100,124100,20715566
20200114 00:00,124000,126900,123900,124300,29994561
20200115 00:00,124100,124500,122500,122500,31897217
20200116 00:00,122800,123100,121600,122000,22454876
20200117 00:00,122200,122900,121600,122300,17593111
20200120 00:00,122600,122700,121900,122500,23734609
20200121 00:00,122000,122500,120400,120800,31787474
20200122 00:00,117000,118400,116500,117700,78133556
20200123 00:00,117500,117500,113200,113500,76534796
20200203 00:00,102200,106900,102200,104700,95367382
20200204 00:00,105100,107400,104800,106600,66783767
20200205 00:00,106900,107800,105800,107000,45046658
20200206 00:00,108100,108600,106500,107900,38023801
20200207 00:00,107300,109100,106700,108600,31896956
20200210 00:00,107600,108400,107100,107700,34032121
20200211 00:00,108200,109500,107800,108600,34856302
20200212 00:00,108400,108800,107600,108600,26313927
20200213 00:00,108200,108800,107600,107600,22630613
20200214 00:00,107600,108800,107400,108600,22360549
20200217 00:00,108800,112100,108600,111800,41343320
20200218 00:00,110900,111800,110400,110600,30162703
20200219 00:00,110800,112400,110400,111100,25100157
20200220 00:00,111700,112700,110600,112300,36656416
20200221 00:00,112300,113900,112100,113000,38949418
20200224 00:00,112300,113400,111000,111600,44738622
20200225 00:00,110700,111500,110100,110900,48324564
20200226 00:00,110100,113300,110100,112000,51906287
20200227 00:00,112000,113000,111300,112100,33029824
20200228 00:00,111100,111800,108500,108500,50137988
20200302 00:00,109500,111000,109200,110400,39245056
20200303 00:00,111300,112300,110400,110600,39332460
20200304 00:00,110100,111000,109500,110300,34628358
20200305 00:00,110800,113200,110300,113200,73047882
20200306 00:00,112300,112800,111100,111200,41587820
20200309 00:00,110000,110000,107500,107800,59495242
20200310 00:00,107100,109600,107000,108700,44761737
20200311 00:00,109300,109300,107700,107700,31688826
20200312 00:00,107500,107500,106100,106400,32632350
20200313 00:00,104000,107300,102800,107000,57457109
20200316 00:00,107000,107800,105000,105100,47649924
20200317 00:00,106800,106900,102900,104300,42139008
20200318 00:00,104000,105000,102000,102100,33176646
20200319 00:00,101900,103400,98600,99400,55707113
20200320 00:00,101200,101800,99600,100900,42609358
20200323 00:00,99500,99500,98200,98400,28286030
20200324 00:00,100300,101300,99800,100600,28990754
20200325 00:00,102000,102700,101200,101500,32172278
20200326 00:00,101000,103700,100800,102300,30921803
20200327 00:00,103500,103800,102000,102400,27107951
20200330 00:00,101800,102800,101100,102800,26046018
20200331 00:00,103000,103600,101300,101500,26144854
20200401 00:00,101100,102600,100900,100900,22479192
20200402 00:00,100900,102000,100700,102000,17042135
20200403 00:00,101300,102100,101200,101500,14842382
20200407 00:00,103000,103300,102300,102800,23825611
20200408 00:00,102500,102900,101800,102400,17952255
20200409 00:00,102600,102900,101800,102000,13569586
20200410 00:00,102200,102400,101500,102100,16625528
20200413 00:00,101500,102200,101000,101100,11966986
20200414 00:00,101700,102500,101200,102500,17792926
20200415 00:00,102000,102700,101500,101800,14945608
20200416 00:00,101000,101800,101000,101600,14403197
20200417 00:00,101800,102300,101500,102000,22744411
20200420 00:00,101500,101900,100900,101100,23503715
20200421 00:00,100700,101200,100100,100300,17557525
20200422 00:00,100200,100700,99800,100700,15802441
20200423 00:00,101000,101000,100100,100600,16878643
20200424 00:00,100600,100900,100100,100600,16973113
20200427 00:00,101500,104200,101500,103400,50342806
20200428 00:00,103600,103800,102200,103300,29222578
20200429 00:00,103500,106100,103300,106100,35056836
20200430 00:00,105800,107900,105600,106300,30906971
20200506 00:00,104400,104900,103600,104600,41378362
20200507 00:00,104500,104600,103700,103900,26211656
20200508 00:00,104400,104900,104000,104400,20927670
20200511 00:00,104400,105400,104200,104300,21472495
20200512 00:00,104400,104800,103400,103400,19405945
20200513 00:00,103100,103900,102800,103800,15574310
20200514 00:00,103200,103600,102700,103000,15892376
20200515 00:00,103600,103800,102600,102800,13753770
20200518 00:00,102800,104300,102500,103200,15675941
20200519 00:00,104500,104500,103400,103500,12576997
20200520 00:00,103700,104200,103300,104100,20046300
20200521 00:00,104400,104400,103300,103300,14361684
20200522 00:00,103000,103400,101400,101400,23722915
20200525 00:00,103000,103100,101300,102700,15722012
20200526 00:00,103200,103200,102500,102700,14372249
20200527 00:00,102800,103800,102500,103500,20145712
20200528 00:00,103600,105500,103600,105300,38263189
20200529 00:00,104500,105700,104500,105700,30659227
20200601 00:00,106300,107200,105700,106500,28612841
20200602 00:00,105800,107400,105800,106800,25922545
20200603 00:00,107500,108700,107000,107000,27352188
20200604 00:00,108000,108000,106400,106400,17559033
20200605 00:00,106800,106900,105600,106700,20958291
20200608 00:00,106400,107200,106000,106100,18251152
20200609 00:00,106200,107200,105800,106800,17263160
20200610 00:00,107100,107100,105800,105800,16693480
20200611 00:00,105800,106100,104500,104800,25171455
20200612 00:00,105800,105800,104300,105500,25514482
20200615 00:00,104100,104900,103500,103500,25497883
20200616 00:00,104400,105000,104000,104500,17682742
20200617 00:00,104400,105100,104300,104700,16148594
20200618 00:00,104200,105700,103900,105000,20856551
20200619 00:00,105600,106800,105000,106100,39814479
20200622 00:00,105700,106600,105300,105500,24611903
20200623 00:00,105100,105700,104700,104800,19602212
20200624 00:00,105400,106100,105000,106000,22873884
20200629 00:00,106300,107300,104900,105700,27875619
20200630 00:00,105900,106400,105400,105800,22886764
20200701 00:00,105900,107600,105500,107400,36690710
20200702 00:00,107300,110500,107000,110500,60951268
20200703 00:00,110800,112600,110200,111900,82238477
20200706 00:00,113000,123100,112900,122000,149558001
20200707 00:00,124500,126900,121000,121100,131469759
20200708 00:00,121700,124400,120300,121400,104879230
20200709 00:00,122600,122600,119400,119900,91311738
20200710 00:00,119800,120900,115500,116000,78611864
20200713 00:00,116000,118500,115600,116600,96564333
20200714 00:00,116100,116900,113300,113800,79944260
20200715 00:00,114700,114700,111400,111800,92438310
20200716 00:00,112500,114800,112000,112000,96614162
20200717 00:00,113700,113900,111700,112700,68639480
20200720 00:00,113200,115700,112700,115200,78766518
20200721 00:00,115900,116100,114000,115400,55004587
20200722 00:00,115500,117500,115000,116200,98687637
20200723 00:00,109900,109900,106100,108400,86806896
20200724 00:00,107800,108000,104000,104200,72886391
20200727 00:00,105500,105500,103200,103700,44655910
20200728 00:00,104600,105400,103500,103900,32599274
20200729 00:00,103500,105400,103200,105100,45256602
20200730 00:00,105100,105300,104000,104000,40443481
20200731 00:00,104100,105200,103100,103600,65368427
20200803 00:00,104000,104800,103700,104100,56272005
20200804 00:00,104600,107200,104300,106600,88522454
20200805 00:00,106400,106400,104500,105100,46011280
20200806 00:00,105700,106300,104100,105300,42484232
20200807 00:00,105100,105300,103600,104300,44271966
20200810 00:00,104200,105700,103900,105200,48973967
20200811 00:00,105800,106800,104500,104700,63673224
20200812 00:00,104900,106000,104600,105600,43268629
20200813 00:00,106000,106100,105000,105100,25798477
20200814 00:00,105300,106000,104800,105900,37584530
20200817 00:00,105900,109800,105700,108400,98742699
20200818 00:00,108500,108500,106300,106900,54091961
20200819 00:00,106900,107400,105700,105800,43448106
20200820 00:00,105600,105700,104300,104700,53539028
20200821 00:00,105600,105600,104500,105000,31451520
20200824 00:00,105700,105700,104400,104600,38982822
20200825 00:00,104800,105100,104100,104500,37897250
20200826 00:00,104400,104500,103500,103700,39278732
20200827 00:00,103800,104000,103200,103500,30462492
20200828 00:00,103500,104600,103100,104600,53131203
20200831 00:00,104600,105100,103200,103600,80037356
20200901 00:00,103100,103600,102600,102900,53931233
20200902 00:00,102800,102900,101200,101800,56787081
20200903 00:00,101900,102300,101100,101200,40832020
20200904 00:00,100700,101500,100100,100700,38443982
20200907 00:00,100700,101600,100100,100100,58564585
20200908 00:00,100700,100900,100100,100500,52972540
20200909 00:00,100100,100800,100000,100100,49418500
20200910 00:00,100600,100600,99400,99600,54169916
20200911 00:00,99500,99600,98500,99200,49947642
20200914 00:00,99500,99500,98600,99000,38851230
20200915 00:00,99100,99200,98500,98600,46601549
20200916 00:00,98700,99000,98000,98600,51470657
20200917 00:00,98700,98900,98000,98300,43171675
20200918 00:00,98400,99400,98000,99400,95230581
20200921 00:00,99400,99700,98300,98400,55998716
20200922 00:00,98100,98400,96900,97000,65952098
20200923 00:00,97100,97200,96200,96300,41909587
20200924 00:00,96100,96200,94600,95000,53858739
20200925 00:00,95000,95300,94600,94700,29487505
20200928 00:00,94900,95300,94600,94600,26257827
20200929 00:00,95000,95200,94300,94300,32988266
20200930 00:00,94500,94900,93500,93900,39006807
20201009 00:00,94400,94800,94000,94200,39772687
20201012 00:00,94500,96300,94200,95900,66671637
20201013 00:00,95800,95900,95200,95400,28059097
20201014 00:00,95400,95600,95000,95300,42969217
20201015 00:00,95400,97200,95300,96200,66146732
20201016 00:00,96100,97700,96000,97200,74850236
20201019 00:00,97300,99300,96400,96500,84532385
20201020 00:00,96300,96500,95100,95800,46687029
20201021 00:00,95800,97000,95100,97000,61622129
20201022 00:00,96700,97600,95900,96500,47288884
20201023 00:00,96300,97900,96200,97000,70954476
20201026 00:00,97200,97500,95900,96000,52711443
20201027 00:00,95900,95900,94800,94800,38062780
20201028 00:00,94800,95200,93800,94000,45881367
20201029 00:00,93500,94500,93400,93700,43707348
20201030 00:00,93800,94500,92500,92600,56060864
20201102 00:00,92800,93300,92200,92500,46542251
20201103 00:00,93100,94000,92800,93000,67876111
20201104 00:00,93500,94000,92800,93400,50256088
20201105 00:00,94600,94600,93300,93600,55873229
20201106 00:00,93700,94300,93300,93900,63919592
20201109 00:00,94200,94800,93900,94300,88937655
20201110 00:00,94700,95900,94400,94600,84217864
20201111 00:00,94900,95800,94400,95600,64171805
20201112 00:00,95200,95300,94300,94300,51891050
20201113 00:00,94100,94100,93300,93600,44910112
20201116 00:00,93800,94600,93700,94500,31878052
20201117 00:00,94600,95300,94400,95300,47293970
20201118 00:00,95300,97700,95000,97000,109417513
20201119 00:00,97000,97800,96400,97400,63840056
20201120 00:00,96800,97200,96100,96700,46631360
20201123 00:00,96600,99200,96300,99000,92618240
20201124 00:00,99200,99700,98200,98500,61221709
20201125 00:00,99000,99900,98100,98100,61216111
20201126 00:00,98400,99900,97600,99800,71595543
20201127 00:00,100100,102000,99600,102000,113388037
20201130 00:00,103000,105300,100600,100600,203498922
20201201 00:00,100800,103500,100100,103000,107812159
20201202 00:00,102600,103900,101900,102500,78702779
20201203 00:00,102300,102800,101600,102400,57195735
20201204 00:00,102400,102500,100500,101700,47336450
20201207 00:00,101100,101700,99000,99900,57810545
20201208 00:00,99700,100600,99300,99800,31522398
20201209 00:00,99800,100900,99100,99100,44090061
20201210 00:00,99100,99600,97600,98200,39400878
20201211 00:00,98400,98800,96900,97000,48386569
20201214 00:00,97500,98000,96800,97500,38743836
20201215 00:00,97300,97400,96000,97100,39323070
20201216 00:00,97200,97800,96400,96500,47998904
20201217 00:00,96400,97900,95900,97700,42901555
20201218 00:00,97400,97900,96900,97600,31884462
20201221 00:00,97000,97700,96500,97500,31965504
20201222 00:00,97500,97500,95500,96100,50418001
20201223 00:00,96000,96400,94800,95500,38656338
20201224 00:00,95500,96600,95100,95500,24871912
20201225 00:00,95600,96100,95100,95800,22420976
20201228 00:00,95500,96300,95000,95700,33765935
20201229 00:00,95900,96200,95200,95300,44150648
20201230 00:00,95200,95400,94400,95000,54885564
20201231 00:00,95100,96900,94900,96800,65992362
20210104 00:00,96400,97300,95500,96900,62906939
20210105 00:00,96800,96800,95200,96800,53859177
20210106 00:00,96200,98300,96200,98200,61881321
20210107 00:00,98300,99300,96600,98100,57090442
20210108 00:00,98300,99000,97300,98300,55801455
20210111 00:00,98300,99400,96800,96900,75984056
20210112 00:00,97000,97900,95800,97800,56732878
20210113 00:00,97500,98800,97200,98400,57145173
20210114 00:00,98300,99600,97600,98700,55338565
20210115 00:00,99800,102300,99200,99200,143067603
20210118 00:00,99200,101200,98700,100800,96389498
20210119 00:00,100700,102200,99800,101600,82816180
20210120 00:00,101300,101800,99600,99800,66608913
20210121 00:00,99900,100700,99300,99700,53622907
20210122 00:00,99600,99700,97600,97900,61879785
20210125 00:00,97700,97800,96700,97200,51705648
20210126 00:00,96900,97800,96600,96800,39877611
20210127 00:00,96700,98800,96600,97300,55174457
20210128 00:00,97300,97400,96100,96600,52360924
20210129 00:00,96900,101300,96500,99600,115257482
20210201 00:00,99400,104800,99000,104400,181883788
20210202 00:00,103500,104700,101500,102200,131403970
20210203 00:00,101900,104300,100600,102600,131150745
20210204 00:00,102100,104100,101200,102800,92016450
20210205 00:00,102800,108200,102500,107200,195506162
20210208 00:00,107100,108100,105100,107200,137089506
20210209 00:00,107000,107400,105400,106800,99871998
20210210 00:00,106700,108500,105600,106900,105092241
20210218 00:00,108000,110200,107400,108300,143397923
20210219 00:00,108300,111200,107700,109700,122926300
20210222 00:00,109200,109500,107000,107100,127379414
20210223 00:00,107100,109900,107100,107800,93327786
20210224 00:00,108100,108900,105500,106000,97783999
20210225 00:00,106600,108500,106000,108000,89855495
20210226 00:00,107200,108200,105400,105400,85386093
20210301 00:00,105900,106400,105000,105800,54746126
20210302 00:00,106100,107000,103600,104700,74763149
20210303 00:00,104500,109200,104300,109200,113570860
20210304 00:00,108000,109200,107600,108800,75412865
20210305 00:00,108700,109400,106900,108600,72154782
20210308 00:00,109800,110200,107100,107500,80153097
20210309 00:00,107800,109000,106500,107300,83584061
20210310 00:00,107600,107900,106300,107200,50512161
20210311 00:00,108000,109700,107600,109000,76816962
20210312 00:00,108900,110300,108200,109000,79235629
20210315 00:00,108800,112400,108800,111200,113524449
20210316 00:00,110500,112400,110100,111100,65502259
20210317 00:00,111000,111200,108900,109200,57821851
20210318 00:00,109700,110500,109000,110300,50943550
20210319 00:00,110100,110500,105600,106500,103359887
20210322 00:00,106200,108800,106200,107500,66031003
20210323 00:00,107600,108300,106800,107800,47127710
20210324 00:00,107700,108100,106300,106800,44132642
20210325 00:00,107200,107800,106100,106300,43547662
20210326 00:00,106800,107300,106100,106200,40882734
20210329 00:00,106000,106000,104000,104800,92366772
20210330 00:00,106500,110100,106200,110100,173447215
20210331 00:00,110100,110400,108700,109900,66813691
20210401 00:00,109900,110100,108100,108900,47781207
20210402 00:00,109400,109500,106700,107600,65365057
20210406 00:00,107600,107900,106800,107000,33911224
20210407 00:00,107400,107500,105800,106500,60988540
20210408 00:00,106300,107000,105600,106600,42047850
20210409 00:00,106400,106400,105300,105900,38683022
20210412 00:00,105800,107500,105200,107300,57023744
20210413 00:00,107400,108200,106700,107600,52756234
20210414 00:00,108200,108200,105700,105900,45686754
20210415 00:00,105800,106100,103800,104300,53172372
20210416 00:00,104500,105500,104200,105400,32895624
20210419 00:00,105500,106400,104500,105800,50203914
20210420 00:00,105500,105800,104800,105000,29450563
20210421 00:00,104700,106200,104600,105800,45439718
20210422 00:00,106000,106000,104000,104300,41793378
20210423 00:00,104200,104700,103800,104300,24825285
20210426 00:00,104500,105000,102800,103000,46387212
20210427 00:00,103300,103400,102400,102700,25042540
20210428 00:00,103300,103300,101800,102500,35321183
20210429 00:00,102800,105500,102600,105400,48194627
20210430 00:00,102800,102800,99600,100500,156103445
20210506 00:00,99700,101800,99700,101000,61139167
20210507 00:00,101000,101500,99900,100300,72345288
20210510 00:00,100600,100600,98800,99500,61516454
20210511 00:00,99200,100700,99000,100500,42333780
20210512 00:00,100400,102000,100200,101200,52012085
20210513 00:00,100900,101700,100100,100900,47212565
20210514 00:00,101000,102000,100300,101900,47681403
20210517 00:00,102000,102900,101300,102100,46363314
20210518 00:00,101800,102300,101500,102200,19093505
20210519 00:00,101900,102000,100700,101200,29273907
20210520 00:00,101000,101800,100200,101600,35395264
20210521 00:00,102000,102200,100700,100900,28618932
20210524 00:00,100800,101400,100500,100900,23518901
20210525 00:00,101000,103300,100600,103200,75417564
20210526 00:00,103100,104200,102800,103500,54984815
20210527 00:00,103200,104300,102600,102900,52063330
20210528 00:00,103300,103600,102500,103500,34593293
20210531 00:00,103400,103400,102200,102700,37255726
20210601 00:00,102300,102600,101800,101900,41880384
20210602 00:00,102100,102300,101300,102200,35830478
20210603 00:00,102100,103200,101800,102300,52244908
20210604 00:00,102500,103800,101900,102300,71052432
20210607 00:00,102600,102700,102000,102300,36301400
20210608 00:00,102400,103300,101800,103100,50838116
20210609 00:00,102900,103500,102100,102100,56095091
20210610 00:00,102100,103100,102000,102300,45685432
20210611 00:00,102400,102800,101100,101700,58030251
20210615 00:00,101500,101500,100100,100300,46955773
20210616 00:00,100400,101400,100100,100500,32171081
20210617 00:00,100500,101200,100300,100400,29689848
20210618 00:00,100400,101000,100000,101000,44451210
20210621 00:00,100600,100900,100100,100400,39815744
20210622 00:00,100600,101200,100000,100000,45184564
20210623 00:00,100100,100300,99600,99900,34400099
20210624 00:00,100000,100500,99700,100200,31652661
20210625 00:00,100200,101100,100100,100800,48335388
20210628 00:00,100600,100700,99900,100100,32597114
20210629 00:00,100100,100400,99800,99800,32733370
20210630 00:00,100000,100200,99700,100000,21580051
20210701 00:00,100100,100600,99900,100300,36999138
20210702 00:00,100100,100500,99200,99300,51535129
20210705 00:00,99500,99600,98500,99200,44806863
20210706 00:00,99100,100100,98800,99900,37737379
20210707 00:00,100100,100400,99400,100300,35666988
20210708 00:00,100500,100500,99200,99400,30745176
20210709 00:00,99300,100100,99000,99100,34590087
20210712 00:00,99600,99900,99000,99100,33415612
20210713 00:00,99400,99900,98800,99600,34611654
20210714 00:00,99700,99700,98000,98300,52207557
20210715 00:00,98300,99600,98100,99400,45903396
20210716 00:00,100100,100800,99600,99800,45557802
20210719 00:00,99800,100300,98500,100100,53049438
20210720 00:00,100100,100200,99400,99900,36834727
20210721 00:00,95100,96400,95100,95500,58450876
20210722 00:00,95800,97200,95600,96400,43977169
20210723 00:00,96000,96700,95700,95800,30090322
20210726 00:00,95700,95800,93000,93400,51742715
20210727 00:00,93600,94300,90900,91500,53279860
20210728 00:00,91600,93600,91600,92100,46335875
20210729 00:00,92500,92800,91000,91200,43587733
20210730 00:00,91300,91300,90100,90300,35697122
20210802 00:00,90300,92400,89700,91300,45713350
20210803 00:00,91300,91400,90400,91200,33014050
20210804 00:00,91200,91400,90500,90700,25214494
20210805 00:00,90600,91200,90400,90500,24267799
20210806 00:00,90500,90800,90000,90800,22486126
20210809 00:00,90600,92500,90500,91700,37461914
20210810 00:00,91800,92300,91000,92000,34370935
20210811 00:00,91800,92900,91600,92100,37382098
20210812 00:00,92100,92200,91600,91700,22978467
20210813 00:00,91600,92300,91400,91800,21925988
20210816 00:00,91900,92700,91600,92200,27369511
20210817 00:00,92300,92900,91700,91900,38016760
20210818 00:00,92000,93900,91600,93300,43424745
20210819 00:00,93400,93400,91900,92300,36391371
20210820 00:00,92500,93000,91800,92700,35374387
20210823 00:00,93000,93100,92000,92000,32418942
20210824 00:00,92200,93000,91700,92100,40815968
20210825 00:00,92300,92400,91600,91900,34063999
20210826 00:00,91800,92000,91300,91400,29439149
20210827 00:00,91600,92200,91400,91700,27618817
20210830 00:00,90500,90800,89200,89600,80410279
20210831 00:00,89800,90500,89300,90500,44633690
20210901 00:00,90300,92300,90100,91800,58211312
20210902 00:00,92000,92400,91600,92300,40122727
20210903 00:00,92400,93300,91600,92400,50781588
20210906 00:00,92200,93100,92000,92100,35627742
20210907 00:00,92100,93900,91600,93400,64051787
20210908 00:00,93400,93900,92900,93400,40941784
20210909 00:00,93200,93400,92500,93000,31951355
20210910 00:00,93200,94800,93100,94100,57250718
20210913 00:00,93800,94300,93400,93900,29373307
20210914 00:00,93900,94300,91700,92100,53934721
20210915 00:00,92100,92600,91300,91900,38064766
20210916 00:00,92000,92300,91100,91200,49199895
20210917 00:00,91100,91700,90800,91100,30233529
20210922 00:00,90000,90800,89600,90300,35054148
20210923 00:00,91000,91500,90100,90300,39639967
20210924 00:00,90400,90800,89900,90200,39925596
20210927 00:00,90200,90500,89400,90200,41708355
20210928 00:00,89800,90900,89800,90300,33340762
20210929 00:00,90100,90900,89700,90200,40008268
20210930 00:00,90300,90500,89800,90000,29190245
20211008 00:00,90500,91500,90300,90800,39080557
20211011 00:00,91200,92500,91000,91500,46632488
20211012 00:00,91200,91900,90900,91400,35725751
20211013 00:00,91400,91500,90500,90700,22538281
20211014 00:00,90700,90900,90200,90400,22584606
20211015 00:00,90500,91100,90200,90700,27525449
20211018 00:00,90600,91000,89800,90200,25964695
20211019 00:00,90300,90700,90100,90100,28636166
20211020 00:00,90300,90600,89900,90200,27482428
20211021 00:00,90500,90900,90100,90400,44074576
20211022 00:00,90700,91300,90200,90700,38669415
20211025 00:00,90300,90600,90200,90300,26585515
20211026 00:00,90600,90900,90100,90300,30751828
20211027 00:00,90100,90200,89600,89900,34197280
20211028 00:00,89900,90100,89500,89600,28165181
20211029 00:00,89600,90000,89300,89400,35990731
20211101 00:00,86900,87800,86000,87200,64940974
20211102 00:00,87100,87500,85000,85400,70034623
20211103 00:00,85900,85900,85100,85300,29785185
20211104 00:00,85300,85400,85000,85100,26148859
20211105 00:00,85100,85400,84900,85300,22913355
20211108 00:00,84800,85300,84600,84900,24353008
20211109 00:00,85000,85500,84900,85400,19548518
20211110 00:00,85300,85300,84400,84800,27478869
20211111 00:00,84800,86200,84700,86200,31419321
20211112 00:00,86400,86500,85800,86500,20498205
20211115 00:00,86600,87500,86500,87500,27625801
20211116 00:00,87000,87400,86300,87300,24030066
20211117 00:00,86700,87200,86500,86500,19301599
20211118 00:00,86100,86600,85300,85600,20465395
20211119 00:00,85600,87000,85500,86500,20471995
20211122 00:00,86300,86600,85900,86000,20983745
20211123 00:00,86100,87000,86100,86300,21502374
20211124 00:00,86100,86900,85900,86800,19342692
20211125 00:00,86800,86900,86100,86400,13169070
20211126 00:00,86100,86200,85500,85600,21199061
20211129 00:00,85700,85900,85000,85900,23746400
20211130 00:00,85400,85900,85100,85100,30900124
20211201 00:00,85300,85800,85100,85600,19333856
20211202 00:00,85600,86100,85200,85800,22906201
20211203 00:00,85800,86000,85200,85900,23848744
20211206 00:00,85900,86400,85700,86000,33882029
20211207 00:00,86900,87000,86000,86800,40016290
20211208 00:00,87000,87000,86300,86700,28605916
20211209 00:00,86900,88000,86600,87500,51186201
20211210 00:00,87300,87800,87200,87700,42494890
20211213 00:00,87900,88100,86200,86500,56234006
20211214 00:00,86400,86500,85400,85700,49389318
20211215 00:00,85400,85800,85300,85500,20664239
20211216 00:00,85600,86100,85500,86000,26899524
20211217 00:00,86100,86200,85600,85600,27269580
20211220 00:00,85500,86100,85500,85800,27786123
20211221 00:00,85500,86500,85500,86100,26310957
20211222 00:00,86200,86400,85700,85700,21618063
20211223 00:00,85800,86000,85600,85800,18901873
20211224 00:00,85800,85900,85300,85400,18252048
20211227 00:00,85400,85700,85300,85600,19527735
20211228 00:00,85600,85900,85400,85700,29833707
20211229 00:00,85700,85800,85300,85400,20050130
20211230 00:00,85400,85800,85300,85400,23272484
20211231 00:00,85400,85700,85300,85300,22929621
20220104 00:00,85400,85800,85200,85700,37707647
20220105 00:00,85700,86800,85600,86400,55459135
20220106 00:00,86600,86600,85600,85700,41031062
20220107 00:00,85700,87300,85700,87100,63018297
20220110 00:00,87200,87800,86600,87200,34055312
20220111 00:00,87400,87800,86900,87300,42646106
20220112 00:00,87500,87500,86300,86900,41240670
20220113 00:00,87300,88500,86900,87200,48923692
20220114 00:00,87200,87200,85700,85900,51060652
20220117 00:00,85700,86300,85700,85700,22177975
20220118 00:00,85800,86600,85500,86300,39995195
20220119 00:00,86300,86600,86100,86400,26257662
20220120 00:00,86600,88200,86400,88000,82842044
20220121 00:00,87800,88000,87200,87600,47572539
20220124 00:00,87900,87900,86600,86900,32489722
20220125 00:00,86800,86800,85600,85600,43312412
20220126 00:00,85700,85900,85400,85700,23481959
20220127 00:00,85500,85600,84500,84500,56281031
20220128 00:00,84800,85100,84100,84100,43993766
20220207 00:00,84800,85500,84400,85200,39988312
20220208 00:00,85300,86700,85100,86500,47572520
20220209 00:00,86400,87100,86200,86400,36223235
20220210 00:00,86600,87100,86200,86900,28716174
20220211 00:00,87000,87600,86700,87400,37682874
20220214 00:00,86900,87100,85800,86000,34727078
20220215 00:00,85900,86300,85200,85500,31680750
20220216 00:00,85800,86400,85600,85900,28609574
20220217 00:00,86000,86300,85600,85600,24533221
20220218 00:00,85500,86700,85300,86700,34384620
20220221 00:00,86400,86400,85500,86000,24334270
20220222 00:00,85700,85900,85300,85800,32497174
20220223 00:00,85900,85900,85300,85400,29476392
20220224 00:00,85400,85500,84000,84400,47703559
20220225 00:00,84400,84800,84100,84300,32239910
20220228 00:00,84400,84500,83600,83900,23393262
20220301 00:00,83900,84600,83900,84400,23540305
20220302 00:00,84100,84600,84000,84200,16708051
20220303 00:00,84400,85000,84300,84600,19864647
20220304 00:00,84400,84400,83600,84000,26395729
20220307 00:00,83800,84000,82800,82900,37177243
20220308 00:00,82900,83000,80500,80800,46688059
20220309 00:00,81100,81300,77600,79000,46035702
20220310 00:00,80100,80500,79200,79200,25181489
20220311 00:00,78900,80200,77700,80100,33286005
20220314 00:00,79500,80000,79000,79100,22770866
20220315 00:00,79200,79300,76100,76300,48962295
20220316 00:00,76900,78000,75200,77700,41520083
20220317 00:00,78500,78500,77100,77400,41495556
20220318 00:00,77300,79100,77100,79000,53179530
20220321 00:00,78400,78400,77300,77600,38823962
20220322 00:00,77700,78800,77500,78300,28224469
20220323 00:00,78300,78400,77700,78000,25553686
20220324 00:00,77800,78300,77600,78000,16687677
20220325 00:00,78000,78600,77800,78000,16474442
20220328 00:00,78000,78700,77100,78600,28783984
20220329 00:00,78300,78600,78000,78200,22516978
20220330 00:00,78400,79200,78200,79200,29854369
20220331 00:00,78900,80200,78600,80000,25969772
20220401 00:00,79500,80700,79400,80700,31881345
20220406 00:00,80000,81800,80000,81700,42546117
20220407 00:00,81600,81800,80600,80700,31712143
20220408 00:00,80700,81200,80200,81100,24089173
20220411 00:00,81100,81100,79700,80100,30015679
20220412 00:00,80200,81500,79800,81100,31331939
20220413 00:00,80900,81400,80500,81000,18501150
20220414 00:00,81100,81500,81000,81100,18973150
20220415 00:00,81100,81800,80900,81500,21811956
20220418 00:00,81200,81400,80100,80300,21022369
20220419 00:00,80400,81400,80300,81400,24564490
20220420 00:00,81300,81500,80800,81100,19143935
20220421 00:00,80800,81600,79900,80700,29228035
20220422 00:00,80100,81200,80100,80900,27612017
20220425 00:00,80200,81000,78100,78200,53311550
20220426 00:00,78400,79900,77900,78700,38204259
20220427 00:00,79100,79500,78100,78300,38688614
20220428 00:00,78600,79900,78600,79900,45175169
20220429 00:00,79800,80600,78600,80300,44512846
20220505 00:00,80300,80800,79600,79900,29133140
20220506 00:00,79400,79800,78200,78500,31795578
20220509 00:00,78500,78600,78000,78200,16035420
20220510 00:00,78000,78900,77100,78500,32991018
20220511 00:00,78400,79000,78100,78600,25116815
20220512 00:00,78300,79100,78300,78700,22352229
20220513 00:00,79100,80500,79000,80500,37343358
20220516 00:00,80500,80700,79300,79700,20990826
20220517 00:00,80100,80400,79500,80200,18714191
20220518 00:00,79800,80100,79200,79500,19463913
20220519 00:00,79200,79800,78900,79100,19904191
20220520 00:00,79400,80500,79200,80400,32699572
20220523 00:00,80600,80600,79500,79500,25527572
20220524 00:00,79600,79700,78700,78800,26028514
20220525 00:00,79200,79300,78500,78800,21003364
20220526 00:00,78900,79200,78400,79000,23401589
20220527 00:00,79200,80100,78800,80000,31755338
20220530 00:00,80100,80200,78700,78800,35696257
20220531 00:00,79000,79800,78800,79400,31750884
20220601 00:00,79400,79400,78900,79100,18401941
20220602 00:00,78900,79100,78700,78900,18931116
20220606 00:00,78700,79000,78200,78600,33010527
20220607 00:00,78400,78900,78300,78800,30623076
20220608 00:00,78700,78800,78300,78600,39555666
20220609 00:00,78600,79600,78400,79500,60606956
20220610 00:00,79300,80500,78900,79300,123446198
20220613 00:00,79100,79300,77400,77700,104597235
20220614 00:00,77400,78900,77300,78700,55047795
20220615 00:00,78600,81300,78500,80300,112759058
20220616 00:00,80500,80800,79200,79200,56889689
20220617 00:00,79100,80000,78900,79700,35612494
20220620 00:00,79500,79800,79100,79100,30065154
20220621 00:00,79200,79800,79200,79700,23245677
20220622 00:00,79600,79700,79100,79200,20635582
20220623 00:00,79400,79700,79100,79700,23255144
20220624 00:00,79700,79800,79300,79500,23665322
20220627 00:00,79500,80100,79400,79700,24067719
20220628 00:00,79700,80400,79600,80400,25729078
20220629 00:00,80100,80600,80000,80500,30299747
20220630 00:00,80500,80600,80000,80100,23369617
20220701 00:00,80100,80400,79800,79900,17846787
20220704 00:00,79900,80000,79400,79600,18222009
20220705 00:00,79600,80000,79400,79800,21322243
20220706 00:00,79700,79800,78700,79000,28829658
20220707 00:00,78800,79200,78600,78700,18636395
20220708 00:00,79000,79000,78700,78800,12379190
20220711 00:00,78700,79000,78600,78700,16195472
20220712 00:00,78600,79400,78600,79100,19889798
20220713 00:00,79300,79400,78500,78500,30506523
20220714 00:00,78400,78600,77500,77900,40565878
20220715 00:00,77600,78000,76500,76700,47127632
20220718 00:00,76800,77900,76800,77900,25164232
20220719 00:00,77900,78200,77700,78100,28872304
20220720 00:00,78500,78500,77700,77900,39713402
20220721 00:00,74000,74100,73300,73300,41541585
20220722 00:00,73400,73800,73400,73500,19660796
20220725 00:00,73300,73800,73300,73500,17093960
20220726 00:00,73600,73900,73400,73800,18730569
20220727 00:00,73600,73700,73300,73400,17036417
20220728 00:00,73500,73700,73200,73300,21524372
20220729 00:00,73500,73500,72300,72600,43873316
20220801 00:00,72600,72800,72100,72300,24438011
20220802 00:00,72200,72200,70700,71400,40986083
20220803 00:00,71300,71700,70700,70700,28144846
20220804 00:00,70900,71000,70600,70900,21294463
20220805 00:00,70900,71800,70800,71500,22554203
20220808 00:00,71700,71800,71200,71200,12981219
20220809 00:00,71300,71500,71000,71200,13023820
20220810 00:00,71200,71300,70800,70900,11674742
20220811 00:00,71200,71900,71000,71800,21910821
20220812 00:00,71900,72600,71700,72400,22253354
20220815 00:00,72400,72900,72000,72100,20451392
20220816 00:00,72100,72600,71800,71900,17910142
20220817 00:00,72100,73000,71800,72800,20980840
20220818 00:00,72700,72700,71900,72100,12991819
20220819 00:00,71800,72800,71800,72000,17544569
20220822 00:00,71800,72400,71600,72300,13776616
20220823 00:00,72100,72200,71700,71700,15047471
20220824 00:00,71700,72200,71400,71500,16855765
20220825 00:00,71600,72200,71500,72000,15772556
20220826 00:00,72300,72600,71800,72200,17576235
20220829 00:00,71600,72100,71200,71500,27600324
20220830 00:00,71400,72000,71300,71900,22541928
20220831 00:00,71700,72800,71500,72700,39566130
20220901 00:00,72300,72900,72000,72300,23298388
20220902 00:00,72400,72700,72000,72100,19975499
20220905 00:00,71800,72700,71400,72600,26646247
20220906 00:00,72500,73000,72400,72600,21866681
20220907 00:00,72300,72600,72200,72200,16568470
20220908 00:00,72400,72700,72200,72400,14478347
20220909 00:00,72700,73400,72400,73100,32423037
20220913 00:00,72800,73600,72700,73500,23795140
20220914 00:00,72900,73400,72700,72800,18649011
20220915 00:00,72900,73700,72800,73200,31940343
20220916 00:00,73000,73200,71400,71400,33979138
20220919 00:00,71600,72000,71000,71600,22388073
20220920 00:00,71600,71800,71000,71100,22247046
20220921 00:00,71000,71600,70800,71300,20026161
20220922 00:00,71100,71400,70800,71200,19540404
20220923 00:00,71200,71800,70900,71600,21806262
20220926 00:00,71200,71700,70500,70600,29503476
20220927 00:00,70400,70900,70200,70700,20128163
20220928 00:00,70500,71200,70200,70800,25197590
20220929 00:00,71100,71300,69500,69900,37072647
20220930 00:00,70200,70700,69900,70400,21572691
20221010 00:00,70400,70900,70100,70300,20028296
20221011 00:00,70700,70800,70000,70100,18613647
20221012 00:00,70100,70500,69600,70500,20354488
20221013 00:00,70300,70400,69700,70000,24107256
20221014 00:00,70300,70700,70100,70300,27342763
20221017 00:00,70500,70500,70000,70200,20616536
20221018 00:00,70400,70600,70100,70200,21908675
20221019 00:00,70200,70400,69700,69700,17988215
20221020 00:00,69700,70000,69600,69700,19765093
20221021 00:00,69900,70200,69100,69200,24567888
20221024 00:00,69300,69400,68000,68100,38610105
20221025 00:00,68800,68800,68000,68400,26539881
20221026 00:00,68300,68600,68000,68200,20377311
20221027 00:00,68300,68700,68100,68200,21293652
20221028 00:00,68400,68700,67500,68000,28234295
20221031 00:00,67300,67500,66300,66400,32237373
20221101 00:00,66800,67400,66500,67400,27035074
20221102 00:00,67000,67400,66600,67100,24034116
20221103 00:00,67100,67100,66400,66600,21251911
20221104 00:00,66500,68000,66400,67900,32665677
20221107 00:00,67500,68300,67400,68100,16269623
20221108 00:00,68300,68300,67700,67900,15282862
20221109 00:00,67700,68200,67700,67900,13127494
20221110 00:00,67500,68000,67400,67800,12601008
20221111 00:00,68300,69800,68300,69400,40237053
20221114 00:00,69800,70900,69600,70300,43777420
20221115 00:00,70100,70900,70000,70600,25212063
20221116 00:00,70300,70600,70100,70300,17398102
20221117 00:00,70200,70200,69500,69800,22026825
20221118 00:00,69900,70000,69100,69100,22662930
20221121 00:00,69000,69100,68300,68800,22374965
20221122 00:00,68900,70400,68900,70200,33424530
20221123 00:00,70100,71200,69900,70500,36694389
20221124 00:00,70600,71400,70300,70300,21534531
20221125 00:00,70400,71800,70400,71700,43033799
20221128 00:00,71000,71000,69800,70700,37873189
20221129 00:00,71000,73000,70800,72700,68171227
20221130 00:00,72400,73000,72200,72200,32346981
20221201 00:00,72800,73400,72100,72200,30040435
20221202 00:00,72500,72500,71700,72300,25722026
20221205 00:00,72800,73700,72400,73600,47367357
20221206 00:00,73200,73900,73000,73600,30550306
20221207 00:00,73500,74000,73000,73400,31176550
20221208 00:00,73200,73900,73100,73800,25551776
20221209 00:00,73700,73900,73000,73200,38192346
20221212 00:00,73100,73600,72300,72600,26708550
20221213 00:00,72700,73500,72500,73200,18253626
20221214 00:00,73700,73700,72600,73200,16180635
20221215 00:00,72800,73200,72300,72400,17471770
20221216 00:00,72500,73500,72300,73500,31704629
20221219 00:00,73700,73700,72100,72400,20432546
20221220 00:00,72300,72800,71300,71400,24800259
20221221 00:00,72200,72400,71300,71900,17252934
20221222 00:00,72800,73100,72000,72400,18662641
20221223 00:00,71900,72700,71700,71900,12958464
20221226 00:00,71900,72100,70800,71000,20138533
20221227 00:00,71300,72900,71200,72200,24065192
20221228 00:00,72200,73000,72000,73000,20901364
20221229 00:00,72700,72900,71800,72400,18367088
20221230 00:00,72300,73000,72200,72800,20352397
20230103 00:00,72700,72800,71700,72300,25892521
20230104 00:00,72700,73500,72300,73100,30947081
20230105 00:00,73700,73800,73000,73500,30162154
20230106 00:00,73500,73800,73100,73400,20312881
20230109 00:00,73800,73800,73000,73400,19612260
20230110 00:00,73500,73500,72800,72800,16194647
20230111 00:00,73100,73400,72700,73000,19215541
20230112 00:00,73300,73400,72400,72700,16849908
20230113 00:00,72900,73500,72700,73400,21770211
20230116 00:00,73500,73800,72800,73300,36816941
20230117 00:00,73400,73500,72700,73000,24222613
20230118 00:00,73100,73300,72700,73100,24494551
20230119 00:00,73100,73300,72600,73300,16713352
20230120 00:00,73400,73600,73200,73600,20986958
20230130 00:00,74300,74300,73700,74000,31810739
20230131 00:00,74200,74500,73700,73700,28438220
20230201 00:00,74000,74000,73300,73600,18659542
20230202 00:00,73900,73900,73200,73600,21900191
20230203 00:00,73300,73500,72700,72700,29885527
20230206 00:00,72500,72500,72100,72500,22786780
20230207 00:00,72700,72700,72200,72400,15481821
20230208 00:00,72400,72700,72200,72300,13095025
20230209 00:00,72300,72800,72200,72600,10895965
20230210 00:00,72500,72700,72200,72400,11944106
20230213 00:00,72200,72600,71800,72300,20449779
20230214 00:00,72400,72600,72300,72400,11929853
20230215 00:00,72400,72500,71900,72000,15467693
20230216 00:00,72100,72600,71800,71900,18798353
20230217 00:00,71900,72200,71300,71300,21148914
20230220 00:00,71600,72700,71500,72600,25613504
20230221 00:00,72600,73000,72300,72900,16234446
20230222 00:00,72800,72900,72400,72400,12971392
20230223 00:00,72500,72800,72300,72300,11436536
20230224 00:00,72200,72600,71800,71800,16681114
20230227 00:00,71600,72000,71600,71600,15800639
20230228 00:00,71800,72000,71400,71800,17448100
20230301 00:00,71700,72700,71700,72600,25661325
20230302 00:00,72300,72900,72300,72700,17070002
20230303 00:00,72900,73600,72600,73500,31094168
20230306 00:00,73500,73700,73100,73300,24939950
20230307 00:00,73200,74600,73000,73100,56642781
20230308 00:00,73000,73200,72500,73100,19059038
20230309 00:00,73100,73400,72500,72700,18993344
20230310 00:00,72400,72600,71500,71500,27843826
20230313 00:00,70500,70900,70300,70600,51314997
20230314 00:00,70600,70700,70000,70200,32453388
20230315 00:00,70700,71000,70600,70800,25072976
20230316 00:00,70800,71700,70500,71200,28501314
20230317 00:00,71400,72200,71000,71100,36328142
20230320 00:00,71000,72200,71000,71300,26292154
20230321 00:00,71600,72000,71300,71300,18977675
20230322 00:00,71500,71900,71400,71800,16988375
20230323 00:00,71500,72200,71400,72100,21506296
20230324 00:00,71900,72500,71800,72100,25687826
20230327 00:00,72300,72300,71500,71500,19141397
20230328 00:00,71600,71900,71400,71800,16641290
20230329 00:00,72300,72300,71600,71600,12685806
20230330 00:00,71800,72100,71200,71900,22504756
20230331 00:00,71900,72400,71700,71900,20048925
20230403 00:00,71900,72100,71600,71900,20246596
20230404 00:00,71900,72200,71600,72100,25718197
20230406 00:00,72100,72200,71800,71800,14740291
20230407 00:00,71900,72400,71600,72300,17465820
20230410 00:00,72100,72400,71900,72100,17548307
20230411 00:00,72300,72300,71800,71800,20191251
20230412 00:00,72000,72300,71700,72100,19475694
20230413 00:00,72200,72900,72000,72500,25779019
20230414 00:00,72800,73100,72500,72700,25074604
20230417 00:00,72600,74000,72600,73900,36027756
20230418 00:00,73800,75900,73700,75400,77412335
20230419 00:00,74900,75800,74300,75300,52269783
20230420 00:00,75000,76900,75000,76800,72340661
20230421 00:00,76700,77300,75700,75900,50258973
20230424 00:00,75900,76400,74700,74900,43348471
20230425 00:00,75300,76200,75200,75600,42805282
20230426 00:00,75600,75600,74200,74600,50919367
20230427 00:00,74800,75100,74200,74800,49269460
20230428 00:00,74700,76500,74700,76000,38841289
20230504 00:00,74800,77500,73500,76800,75866605
20230505 00:00,76800,79000,76600,77600,67991125
20230508 00:00,77700,81700,77600,80700,143117862
20230509 00:00,81400,82200,79400,79600,122058988
20230510 00:00,79300,79500,76500,77000,87338919
20230511 00:00,77200,78000,76500,76700,43135406
20230512 00:00,77000,77100,75800,76200,55003725
20230515 00:00,76200,77100,75100,76900,49175572
20230516 00:00,77000,77800,76400,76700,41397733
20230517 00:00,76700,76900,75800,76100,29442573
20230518 00:00,76400,77500,76100,76800,38714402
20230519 00:00,76700,76700,75200,75400,35072548
20230522 00:00,75800,76000,75200,75400,21174297
20230523 00:00,75400,75900,74500,74500,29213715
20230524 00:00,74300,74400,72900,72900,45145900
20230525 00:00,72600,73300,72400,73100,34408974
20230526 00:00,73100,73600,72500,73200,18912850
20230529 00:00,73200,74600,73100,74100,29624085
20230530 00:00,74200,74400,73000,73700,26942819
20230531 00:00,73700,73700,72900,73500,26569353
20230601 00:00,73300,73500,72600,72800,30606250
20230602 00:00,72900,73600,72900,73500,20697156
20230605 00:00,73500,74300,73100,74100,21286683
20230606 00:00,74100,75300,73600,73800,33736363
20230607 00:00,74000,75000,74000,74600,21593403
20230608 00:00,74900,75900,74300,75700,27634633
20230609 00:00,75700,76000,75300,75600,22288077
20230612 00:00,75400,75400,74300,74300,20300133
20230613 00:00,74300,74800,74000,74600,15724325
20230614 00:00,74800,75100,74000,74000,17986091
20230615 00:00,74300,74900,73900,74500,20936996
20230616 00:00,74500,74700,73900,74300,26908579
20230619 00:00,74100,74200,73400,73400,17368652
20230620 00:00,73600,73700,72900,72900,20417397
20230621 00:00,72900,73700,72700,72700,20122147
20230626 00:00,72700,72800,71400,71600,34007942
20230627 00:00,71500,72300,71400,71900,18412655
20230628 00:00,72000,72200,71500,72100,15806614
20230629 00:00,72100,72500,71800,71800,21627405
20230630 00:00,71700,72700,71700,72400,19425283
20230703 00:00,72500,73300,72500,73200,20873751
20230704 00:00,73000,73300,72300,72800,17447358
20230705 00:00,72600,72800,72100,72500,11396554
20230706 00:00,72500,72700,71900,72100,14827400
20230707 00:00,72100,72500,71800,72200,14748837
20230710 00:00,72200,72500,72000,72200,11410653
20230711 00:00,72600,72900,72300,72800,14074191
20230712 00:00,72800,73200,72500,72500,14414543
20230713 00:00,73000,74000,72700,74000,26925447
20230714 00:00,74200,74500,73800,74400,19569658
20230717 00:00,74400,74500,73500,74200,13992076
20230718 00:00,74200,74200,73700,73900,12026567
20230719 00:00,73600,74300,73600,74100,18189577
20230720 00:00,74300,74800,74000,74200,26686817
20230721 00:00,71000,71500,70700,71200,27661416
20230724 00:00,70800,71600,70700,71300,25840210
20230725 00:00,71800,72900,71700,72700,31444763
20230726 00:00,72800,73400,72600,72900,22818033
20230727 00:00,73300,74000,72900,73700,26198753
20230728 00:00,73300,75200,73300,75000,46528827
20230731 00:00,75500,76400,75200,76000,52804227
20230801 00:00,75800,76300,75400,76000,30934266
20230802 00:00,75600,75900,74300,74800,42654533
20230803 00:00,75200,75800,74400,75600,29329503
20230804 00:00,75900,76500,75400,75800,34256817
20230807 00:00,75700,75700,74900,75200,26012874
20230808 00:00,74700,75500,74300,75200,27001247
20230809 00:00,75000,75500,74700,75500,17792571
20230810 00:00,74500,74600,73500,74200,52865300
20230811 00:00,74400,74400,72300,72300,37051127
20230814 00:00,71800,72000,70500,71000,44245535
20230815 00:00,71200,71900,70900,71700,31218657
20230816 00:00,71500,71900,71200,71400,22953985
20230817 00:00,71300,71400,70500,71000,37202484
20230818 00:00,71000,71700,70700,70700,28150555
20230821 00:00,70600,71100,69600,69600,42517681
20230822 00:00,69800,70400,69700,70100,32939985
20230823 00:00,70100,70900,69800,70200,30151367
20230824 00:00,70300,70600,69800,69900,24604979
20230825 00:00,69900,70900,69700,70500,24703830
20230828 00:00,73000,73200,71200,71500,66648091
20230829 00:00,72000,72000,70300,70700,50437460
20230830 00:00,71000,71000,70100,70300,28718303
20230831 00:00,70300,70900,69800,69800,32933152
20230901 00:00,69900,70400,69900,70100,21792955
20230904 00:00,70600,71400,70300,71100,36814307
20230905 00:00,71000,71200,70300,70400,22326770
20230906 00:00,70200,70900,70200,70900,16736457
20230907 00:00,70900,71000,70200,70400,20271873
20230908 00:00,70300,70500,70000,70000,18416554
20230911 00:00,70200,70900,70000,70400,24884950
20230912 00:00,70300,70700,70300,70600,20976211
20230913 00:00,70900,71000,70400,70500,20049817
20230914 00:00,70800,71200,70600,71100,35579855
20230915 00:00,71200,71600,70700,71200,34081942
20230918 00:00,70900,71000,70300,70700,22282093
20230919 00:00,70800,71300,70500,71300,28234575
20230920 00:00,71200,71500,70800,71300,16303047
20230921 00:00,71300,71700,70900,71000,27306965
20230922 00:00,71000,71800,70700,71800,32181271
20230925 00:00,71800,72000,71300,71600,30717443
20230926 00:00,71700,71900,71200,71500,21886050
20230927 00:00,71900,71900,71100,71300,32067290
20230928 00:00,71500,71700,71000,71000,22435320
20231009 00:00,70800,70800,70000,70300,27763130
20231010 00:00,71300,71400,70100,70100,24095561
20231011 00:00,70600,70800,70100,70200,24057412
20231012 00:00,70900,71700,70600,71400,36346964
20231013 00:00,71100,71500,70800,71000,19650410
20231016 00:00,71200,71300,70400,70700,24907733
20231017 00:00,70900,71000,70500,70900,19029143
20231018 00:00,70700,71100,70500,70500,21485721
20231019 00:00,70400,70500,68300,68400,61679771
20231020 00:00,68100,69300,68000,68700,31067950
20231023 00:00,68700,68900,68000,68300,23824321
20231024 00:00,68500,68600,68100,68200,28129297
20231025 00:00,68600,69300,68300,69300,26841192
20231026 00:00,69300,70200,68900,69600,24739484
20231027 00:00,69600,70200,69400,69900,19465758
20231030 00:00,68600,68900,67700,68000,52388866
20231031 00:00,67900,68400,67800,68200,26173217
20231101 00:00,68300,68800,68000,68600,28272210
20231102 00:00,69000,69500,68600,69400,24611088
20231103 00:00,69400,69500,68900,68900,22202536
20231106 00:00,68900,69600,68900,69400,19432835
20231107 00:00,69200,69400,68900,69100,15913010
20231108 00:00,69000,69200,68700,69000,17761233
20231109 00:00,69000,69600,68800,69300,21910350
20231110 00:00,69100,69600,68600,68800,20458993
20231113 00:00,68800,69000,68200,68800,14168068
20231114 00:00,68700,69100,68700,68800,13777480
20231115 00:00,69300,69900,69100,69600,24340030
20231116 00:00,69700,69800,69200,69300,14412881
20231117 00:00,69400,69400,68500,68600,20775396
20231120 00:00,68800,69200,68300,69100,18326582
20231121 00:00,69400,70000,69200,69600,29684278
20231122 00:00,69700,69900,69400,69400,17540802
20231123 00:00,69300,69600,68900,69300,15742059
20231124 00:00,69300,69800,69200,69500,20165282
20231127 00:00,69600,69700,68600,69000,23107698
20231128 00:00,69200,69200,68600,68700,18249280
20231129 00:00,68800,68800,68000,68200,28416567
20231130 00:00,68200,68900,68200,68500,31711200
20231201 00:00,68500,69000,68200,68500,28946191
20231204 00:00,68600,68700,68100,68100,18858701
20231205 00:00,68200,68200,66900,67100,34604936
20231206 00:00,67000,67100,66100,66100,39833177
20231207 00:00,66100,66400,65300,66100,30541661
20231208 00:00,66000,66800,65800,66700,29519687
20231211 00:00,66400,67200,65300,67200,33616409
20231212 00:00,66800,67300,66400,67100,17003582
20231213 00:00,67000,67500,66700,67100,28683394
20231214 00:00,67000,67200,66300,66400,19863107
20231215 00:00,66600,67000,65700,65700,33702985
20231218 00:00,65700,66100,65100,65800,27523762
20231219 00:00,65800,65900,65300,65600,18988512
20231220 00:00,65800,66200,65300,65300,19369874
20231221 00:00,65200,65900,64900,65700,28140927
20231222 00:00,65700,66100,65300,65800,23589282
20231225 00:00,65600,66100,65500,65800,12904349
20231226 00:00,65700,66000,65400,65600,11934542
20231227 00:00,65600,66100,65100,66000,18422704
20231228 00:00,66000,66900,65900,66800,34802733
20231229 00:00,66600,67000,66100,66200,33801429
20240102 00:00,66300,66500,66000,66000,22066700
20240103 00:00,65900,66500,65900,66400,18203654
20240104 00:00,66400,66700,65500,66200,28885978
20240105 00:00,66000,67600,65900,66800,44421387
20240108 00:00,66800,67100,65600,65900,37520337
20240109 00:00,66000,66400,65400,66100,30741897
20240110 00:00,66100,66300,65700,65700,22240946
20240111 00:00,65600,65900,65200,65300,35914708
20240112 00:00,65200,65600,65000,65000,34624053
20240115 00:00,65000,65400,64700,65100,28694155
20240116 00:00,64900,66000,64900,65900,53186496
20240117 00:00,65800,66200,65200,65300,48249869
20240118 00:00,65300,65800,63600,65600,73994422
20240119 00:00,65200,66200,64700,65900,57640079
20240122 00:00,65800,66700,65300,65900,67173480
20240123 00:00,65800,66500,65000,66200,33298531
20240124 00:00,66400,67300,66000,67100,53746498
20240125 00:00,67300,68000,67000,67700,50256871
20240126 00:00,67800,69100,67500,68700,70997933
20240129 00:00,68600,69700,68500,69000,55269921
20240130 00:00,69000,69500,68200,68300,40737046
20240131 00:00,68100,68800,67400,68300,45661999
20240201 00:00,68300,68800,67800,68000,44252421
20240202 00:00,68200,69200,67200,68400,59482913
20240205 00:00,68400,69200,67600,68900,82713695
20240206 00:00,68900,70000,68600,70000,71683218
20240207 00:00,70200,70300,68500,69400,83731296
20240208 00:00,69500,69700,68200,69600,67164744
20240219 00:00,69800,71300,69500,71200,57869788
20240220 00:00,71300,71500,70600,71000,32408954
20240221 00:00,71100,73200,70900,72400,58809554
20240222 00:00,72400,72700,71800,72100,33665209
20240223 00:00,72100,73300,72000,72800,37939600
20240226 00:00,72600,72800,70900,71000,42483070
20240227 00:00,70700,71500,70600,71400,24862246
20240228 00:00,71200,71600,70800,71000,35826714
20240229 00:00,71100,71700,70900,71500,34288217
20240301 00:00,71300,71600,71000,71100,29431801
20240304 00:00,71200,71200,70500,70700,27855963
20240305 00:00,70500,71800,70400,71600,41756232
20240306 00:00,71700,72200,71200,71200,25918749
20240307 00:00,71200,72000,71100,71400,24690348
20240308 00:00,71200,71700,71100,71200,19861794
20240311 00:00,71300,71700,70600,71100,26195498
20240312 00:00,71100,71500,70800,71000,29030476
20240313 00:00,71200,71200,70300,70400,25948461
20240314 00:00,70400,70900,70300,70400,18703556
20240315 00:00,70400,70900,70300,70900,29599544
20240318 00:00,70600,71300,70600,70900,26558472
20240319 00:00,70800,70800,70100,70100,22848715
20240320 00:00,70100,70600,69800,70300,19542993
20240321 00:00,70600,71300,70300,71000,41924870
20240322 00:00,70800,71200,69600,70400,35960453
20240325 00:00,70600,70900,70100,70600,24439536
20240326 00:00,70900,71500,70700,71500,35111522
20240327 00:00,71400,72300,71100,71700,41943066
20240328 00:00,71900,72000,71100,71700,34535966
20240329 00:00,71300,71900,71100,71300,18138885
20240401 00:00,71500,72400,71400,72300,36028832
20240402 00:00,72400,73100,72200,72700,35095170
20240403 00:00,72300,72800,71900,72300,25254107
20240408 00:00,72300,73200,71900,72800,32764493
20240409 00:00,72900,73200,72500,72600,20335543
20240410 00:00,72600,73300,72300,72700,22436726
20240411 00:00,72300,72800,71900,72400,25364241
20240412 00:00,72000,72600,71200,71300,32809731
20240415 00:00,71200,73000,71200,73000,48310304
20240416 00:00,72500,73200,72100,72600,40203325
20240417 00:00,72600,73500,71800,73400,43151857
20240418 00:00,73400,74600,73100,73300,46822476
20240419 00:00,73200,74000,72600,73400,38004160
20240422 00:00,73600,74300,72800,72900,32694690
20240423 00:00,73200,74000,72500,73400,44055644
20240424 00:00,73800,74000,73000,73600,24758859
20240425 00:00,73300,74200,73100,74100,24676934
20240426 00:00,74100,74800,73500,74200,45846571
20240429 00:00,73900,75200,73000,74200,39317757
20240430 00:00,75800,78400,75600,77000,105472788
20240506 00:00,78200,78900,77500,78500,85937325
20240507 00:00,78500,78600,77200,78200,46269505
20240508 00:00,78100,78500,77800,78000,30377893
20240509 00:00,78000,78500,77600,78000,33942090
20240510 00:00,78100,79500,78000,79400,52211612
20240513 00:00,79300,79800,78700,79600,40422120
20240514 00:00,79700,79800,78600,78800,39843641
20240515 00:00,79000,79300,78400,78900,31039103
20240516 00:00,79200,80500,78800,80200,60658707
20240517 00:00,80400,81600,80000,81600,69438051
20240520 00:00,82000,83500,81500,83200,88144991
20240521 00:00,83100,84200,82600,84200,53146295
20240522 00:00,84100,86200,83800,85300,71173213
20240523 00:00,85200,86000,84800,85200,61212293
20240524 00:00,85100,85900,84100,84400,60740601
20240527 00:00,84500,85600,84300,85400,52858689
20240528 00:00,85800,86400,85100,85400,40047322
20240529 00:00,85300,85900,84500,84900,40802385
20240530 00:00,84700,85500,83600,84000,56701595
20240531 00:00,84500,84500,83100,83400,53797304
20240603 00:00,83000,83300,81900,82800,60213694
20240604 00:00,82800,83400,82300,83200,39800453
20240605 00:00,83300,83400,82600,82900,31295787
20240606 00:00,83100,83500,82400,82500,34149589
20240607 00:00,83200,83800,82000,83100,41451677
20240611 00:00,83400,83600,81100,81500,41132394
20240612 00:00,81500,81700,80400,81100,38617741
20240613 00:00,81000,82000,80900,81300,40433704
20240614 00:00,81000,81800,79900,81400,44463016
20240617 00:00,81500,81600,80300,81000,36278423
20240618 00:00,81000,81500,80200,80900,32876191
20240619 00:00,81000,82600,80900,82200,40605109
20240620 00:00,81800,82600,81500,82000,25662317
20240621 00:00,82000,82300,81200,81700,40011366
20240624 00:00,81900,82000,80300,81500,37046666
20240625 00:00,81800,82500,80900,82000,39818093
20240626 00:00,82000,82300,81300,82100,33563736
20240627 00:00,82100,83000,81300,82200,44561528
20240628 00:00,82200,82900,81700,82300,37799680
20240701 00:00,82200,83000,82000,82800,28732962
20240702 00:00,82700,85400,82700,85300,57345810
20240703 00:00,85300,86000,84800,85300,46409668
20240704 00:00,85900,86300,84800,85000,44412066
20240705 00:00,85400,85500,82900,83400,51997018
20240708 00:00,83400,84900,82600,84300,45320796
20240709 00:00,84700,86600,84100,86400,54534187
20240710 00:00,86400,87200,86000,86900,40604560
20240711 00:00,87100,87300,85600,86000,34946181
20240712 00:00,86300,88500,86100,88400,57267692
20240715 00:00,88300,89100,88000,88800,46191487
20240716 00:00,88700,89500,88200,88600,44680322
20240717 00:00,89000,90700,88600,90400,88119289
20240718 00:00,87500,87800,86100,87700,66209504
20240719 00:00,87900,87900,86200,87300,61941334
20240722 00:00,87100,87300,85200,85800,63228917
20240723 00:00,86200,86900,85900,85900,41181512
20240724 00:00,86100,86800,85400,85500,37551729
20240725 00:00,85800,85800,83200,85200,60156087
20240726 00:00,84800,85200,82400,83300,49358978
20240729 00:00,83300,85700,83000,85300,46463848
20240730 00:00,85400,85400,83600,83900,40584273
20240731 00:00,84500,84600,83500,84000,43429641
20240801 00:00,84000,86100,83400,85700,54560150
20240802 00:00,85600,86000,84000,84700,31361531
20240805 00:00,84700,85200,83500,83800,41178838
20240806 00:00,84300,84500,81900,82400,41604073
20240807 00:00,82300,83700,82200,83100,26542223
20240808 00:00,83600,84500,82900,83800,27669055
20240809 00:00,84100,86000,84100,85300,39120101
20240812 00:00,85100,86300,84900,85800,29249959
20240813 00:00,85600,86700,85400,85900,27211550
20240814 00:00,86300,86500,85400,85700,21145686
20240815 00:00,85100,87500,85100,87400,45066216
20240816 00:00,87400,88600,87000,88500,37566933
20240819 00:00,88600,90300,88400,90200,58937989
20240820 00:00,90100,90700,88800,89100,50188819
20240821 00:00,89100,90400,88200,89600,43628079
20240822 00:00,89600,90700,89300,90100,36264260
20240823 00:00,90100,90400,89000,90000,31698749
20240826 00:00,90000,90000,88300,88800,51444628
20240827 00:00,88700,89400,88200,88800,30683375
20240828 00:00,89200,89300,87600,88200,32528523
20240829 00:00,88200,88300,85300,85500,50949648
20240830 00:00,85400,86200,83800,84300,68354443
20240902 00:00,83700,85000,83500,83900,42178596
20240903 00:00,83800,84300,82000,82500,41257157
20240904 00:00,82900,83700,82300,83200,34187190
20240905 00:00,83800,84100,82300,83200,36176713
20240906 00:00,83300,85100,83200,84300,32293701
20240909 00:00,84400,84700,83200,83800,34290373
20240910 00:00,83800,85300,82900,85000,39694136
20240911 00:00,84800,84900,82100,82500,29395961
20240912 00:00,82100,84900,81900,84700,43128108
20240913 00:00,85000,85100,83200,83500,28411141
20240918 00:00,83500,84500,82600,83200,20139428
20240919 00:00,83700,85300,83000,85200,39163824
20240920 00:00,84900,85700,84300,85100,42872330
20240923 00:00,85300,86500,84600,86300,30023895
20240924 00:00,87500,90900,86600,90900,89208035
20240925 00:00,92700,95500,92500,94900,119063522
20240926 00:00,95000,98400,94300,98400,89839005
20240927 00:00,99900,100800,96000,98700,57039467
20240930 00:00,100600,102900,98200,101300,188375605
20241008 00:00,108800,110200,102000,105000,192133102
20241009 00:00,105000,105000,99100,99100,116072715
20241010 00:00,100600,104900,100500,103100,101639927
20241011 00:00,103700,105200,100200,101600,58937652
20241014 00:00,103100,105400,102500,104000,88307795
20241015 00:00,104500,105300,102500,102500,62939733
20241016 00:00,101500,104600,101500,103400,52614974
20241017 00:00,103400,104800,102200,102200,45576672
20241018 00:00,101800,103300,100200,101500,62206282
20241021 00:00,101800,102200,99500,101600,64523034
20241022 00:00,101600,102700,100100,101300,42803387
20241023 00:00,101200,102500,101000,101800,33566174
20241024 00:00,101200,102500,101200,101400,24017341
20241025 00:00,101400,102000,100700,100800,28419908
20241028 00:00,101000,101000,99500,100600,31702745
20241029 00:00,100100,101500,99700,99900,34069864
20241030 00:00,99900,101200,99100,99400,42037416
20241031 00:00,100100,100500,97100,98400,60021367
20241101 00:00,98600,100000,97700,99400,43939258
20241104 00:00,99700,100000,98400,99900,33773247
20241105 00:00,99700,100600,99100,100600,41474815
20241106 00:00,100400,101400,99000,99500,74208723
20241107 00:00,99400,102800,99200,102800,64397191
20241108 00:00,103300,103600,100300,100600,53764728
20241111 00:00,99000,101200,96600,97200,80000294
20241112 00:00,97300,98200,96600,96600,49682703
20241113 00:00,96300,97400,96000,96300,43872201
20241114 00:00,96100,97100,95700,96500,45451896
20241115 00:00,96100,97000,95000,95400,48821231
20241118 00:00,96500,101000,96400,98300,100696552
20241119 00:00,98500,100500,96700,97900,73998208
20241120 00:00,97700,98500,96900,97100,45465799
20241121 00:00,97100,97700,96800,97200,29612755
20241122 00:00,97200,97500,94700,94800,44359024
20241125 00:00,96100,96100,93100,93300,60921995
20241126 00:00,93200,93300,92200,93100,48983389
20241127 00:00,93100,94700,91800,94300,43007443
20241128 00:00,94900,95400,93300,94400,39154733
20241129 00:00,95200,96100,94300,94600,46540742
20241202 00:00,94500,95000,93700,94900,46604260
20241203 00:00,94600,96500,94100,96500,41926355
20241204 00:00,96500,97800,95500,97500,51193385
20241205 00:00,96800,97800,96300,96400,29173571
20241206 00:00,96200,97900,96200,97000,40629685
20241209 00:00,96500,97500,96300,96600,32582928
20241210 00:00,98200,99200,97100,98000,58338643
20241211 00:00,98000,98400,96200,96300,48762796
20241212 00:00,96500,98200,95900,98200,49651526
20241213 00:00,97600,98000,96000,96600,67266875
20241216 00:00,96200,97500,96200,96400,34183618
20241217 00:00,96500,97000,95000,95300,41185694
20241218 00:00,95600,96800,95100,95400,39798741
20241219 00:00,95100,95600,94200,95300,42987772
20241220 00:00,95700,97200,95500,95800,49298094
20241223 00:00,96300,100800,96000,99300,116444693
20241224 00:00,98900,101700,98900,101300,84438152
20241225 00:00,101300,103900,101300,103500,72739600
20241226 00:00,103500,103900,101600,103400,61152236
20241227 00:00,103300,103900,101200,103600,69506374
20241230 00:00,103400,104900,103100,104700,78477805
20241231 00:00,104300,105600,102800,102900,57783443
20250102 00:00,103000,104200,100500,101300,78907129
20250103 00:00,101200,102200,100200,100600,50693944
20250106 00:00,101300,102000,98100,101500,79801276
20250107 00:00,101100,103000,101100,102700,40265146
20250108 00:00,102600,103700,102000,103000,48237450
20250109 00:00,103300,103300,101300,101900,39221854
20250110 00:00,102300,102800,100300,101300,31933534
20250113 00:00,100600,101300,98500,100000,38217749
20250114 00:00,100300,102100,99400,101600,38658714
20250115 00:00,101600,103900,101300,102100,38460814
20250116 00:00,102900,103100,101300,102100,33768888
20250117 00:00,102500,103000,100800,102700,41663218
20250120 00:00,103200,104500,102300,103700,37442622
20250121 00:00,103600,104800,102700,103700,30852134
20250122 00:00,103300,103800,100100,100300,58374206
20250123 00:00,101100,103700,100600,103100,65580692
20250124 00:00,102600,104900,101700,103900,72463834
20250127 00:00,104200,107000,104000,106500,59488208
20250205 00:00,106600,106900,104000,104100,51723455
20250206 00:00,103800,105000,103000,104300,38598431
20250207 00:00,104300,104500,103000,103400,45600119
20250210 00:00,103200,104400,102300,102700,41234671
20250211 00:00,102900,103800,102300,103000,34651727
20250212 00:00,103200,104200,102400,104100,33100308
20250213 00:00,103900,104400,103000,103100,48454342
20250214 00:00,103500,104300,102500,104100,56300581
20250217 00:00,104400,104600,102000,102700,52311132
20250218 00:00,102600,105400,102100,105000,62783988
20250219 00:00,104500,105900,104200,104400,42364339
20250220 00:00,104200,104900,103400,103900,27223599
20250221 00:00,103900,104300,102300,102900,50391537
20250224 00:00,102700,103100,101900,102100,43741415
20250225 00:00,102000,102500,100700,101000,37159866
20250226 00:00,101500,103200,101200,101800,55536705
20250227 00:00,102200,102600,101100,102400,37999169
20250228 00:00,102300,103000,101700,101700,44651100
20250303 00:00,101900,102200,100800,101500,43010899
20250304 00:00,101000,101900,101000,101000,29769782
20250305 00:00,101400,102600,100500,102500,41686357
20250306 00:00,102500,102600,100800,101300,43499424
20250307 00:00,101500,101900,100600,101400,37005882
20250310 00:00,101000,101400,100100,101000,43594496
20250311 00:00,100400,101200,100300,101200,35208198
20250312 00:00,101200,101800,100100,101200,42868920
20250313 00:00,101600,102500,101200,102200,46714351
20250314 00:00,102800,104900,102400,104200,78422138
20250317 00:00,105500,106600,103900,106000,59251416
20250318 00:00,106300,107200,105200,106400,40970582
20250319 00:00,105900,106800,105600,106500,34604830
20250320 00:00,106400,106900,106000,106600,29548507
20250321 00:00,106300,107200,104100,104700,56344163
20250324 00:00,104200,106300,104200,106100,46449659
20250325 00:00,106500,106900,105000,106100,37875416
20250326 00:00,106000,106100,104500,104700,36660981
20250327 00:00,105000,106600,104700,105500,42508671
20250328 00:00,105300,105700,104100,104400,36572944
20250331 00:00,104700,106300,103500,104300,49360687
20250401 00:00,104300,104600,102200,103500,63920348
20250402 00:00,102900,105600,102900,104600,45625673
20250403 00:00,102900,105000,102900,104800,36919313
20250407 00:00,102700,102800,94600,96500,142399646
20250408 00:00,97700,102900,97500,102000,149422915
20250409 00:00,101900,101900,98600,100100,99714563
20250410 00:00,101800,101800,99100,100000,78108087
20250411 00:00,100600,101200,99200,100700,56246196
20250414 00:00,100400,102200,100000,101800,62154163
20250415 00:00,101800,104800,101700,104700,68556308
20250416 00:00,104500,106000,103500,106000,74094520
20250417 00:00,106000,107500,104300,107500,70420291
20250418 00:00,107000,108700,106600,108100,48024169
20250421 00:00,107800,108800,105600,105700,50053475
20250422 00:00,105600,107400,105500,107100,46047223
20250423 00:00,107100,107500,105800,106700,33992733
20250424 00:00,106900,108500,106700,107400,39754164
20250425 00:00,107500,108000,105700,105900,45447179
20250428 00:00,106000,107400,105900,107400,48382197
20250429 00:00,106600,108700,106500,108300,52112683
20250430 00:00,108200,110300,106000,109600,92838022
20250506 00:00,110000,111900,108000,111700,97264620
20250507 00:00,113600,113800,110800,113700,71916086
20250508 00:00,113500,116900,113300,116300,77598543
20250509 00:00,116500,118800,116200,118000,82148077
20250512 00:00,118300,119800,116500,117100,106436592
20250513 00:00,117300,121500,116700,120800,85038009
20250514 00:00,119900,121900,119600,121500,72183353
20250515 00:00,121700,123500,120900,122900,64989861
20250516 00:00,123100,123800,120500,121000,61049671
20250519 00:00,122000,122500,119700,120000,63137397
20250520 00:00,120200,123400,120100,122700,80013453
20250521 00:00,122700,124200,122000,122700,41672064
20250522 00:00,122200,125300,121900,124300,63895089
20250523 00:00,123900,124800,122200,122300,57961597
20250526 00:00,121900,122500,119900,120500,86375810
20250527 00:00,121100,122500,120500,121900,51170123
20250528 00:00,122000,123300,121300,122200,45763183
20250529 00:00,122100,122700,121700,121700,39604139
20250530 00:00,122000,124100,121700,123300,74173919
20250603 00:00,123100,125700,122300,125400,83435308
20250604 00:00,124800,125300,123300,123800,54685133
20250605 00:00,124200,124500,122800,123200,37014523
20250606 00:00,123300,123900,122100,123200,43240203
20250609 00:00,123100,123400,121000,123100,56578144
20250610 00:00,122800,124500,122600,123600,49879732
20250611 00:00,123600,124200,122400,123500,44114064
20250612 00:00,123500,125000,122300,124600,47676653
20250613 00:00,125000,125500,122800,123400,61844935
20250616 00:00,123400,126000,122100,125800,51085389
20250617 00:00,125800,126500,124500,125400,37369806
20250618 00:00,125600,128300,125100,127800,69853954
20250619 00:00,127800,128400,126400,127400,43768050
20250620 00:00,127800,130200,127300,130200,69793426
20250623 00:00,129800,133600,128800,133100,81059193
20250624 00:00,133100,135400,131600,133100,84287565
20250625 00:00,133100,135200,132000,134600,56329911
20250626 00:00,134000,136500,133000,136200,66332882
20250627 00:00,136300,139900,134400,135500,145112686
20250630 00:00,134000,139800,132500,138800,95051500
20250701 00:00,138800,143300,138700,141800,87707054
20250702 00:00,142000,144000,141000,142000,68484199
20250703 00:00,142100,142800,140900,141800,50965551
20250704 00:00,141500,147500,141400,145800,93567870
20250707 00:00,146600,148000,145100,146000,64970474
20250708 00:00,145800,146200,141500,142300,113914556
20250709 00:00,142000,143000,141200,141700,81762955
20250710 00:00,141700,143400,141300,142000,115968328
20250711 00:00,141700,142400,138000,138000,161683677
20250714 00:00,137500,141500,137500,141100,114977276
20250715 00:00,141500,142000,138300,139300,76673245
20250716 00:00,135400,136000,132600,134800,81426935
20250717 00:00,134800,135800,134000,134400,47080750
20250718 00:00,134700,136500,133900,134600,56174733
20250721 00:00,134600,135400,133600,134800,55881659
20250722 00:00,134600,135100,132000,132300,91190502
20250723 00:00,132000,134900,132000,133300,67673356
20250724 00:00,133700,133700,130500,130600,97343311
20250725 00:00,130300,132300,130300,130700,65621788
20250728 00:00,131200,132000,130300,130800,76297474
20250729 00:00,130700,131200,127800,127900,78919964
20250730 00:00,128400,129300,127300,128800,72158148
20250731 00:00,128700,129000,127100,128100,68538701
20250801 00:00,128200,129800,125800,129200,79386102
20250804 00:00,129000,134500,129000,131300,99782728
20250805 00:00,131500,137800,131400,137500,133646594
20250806 00:00,137500,138500,136300,137900,84891798
20250807 00:00,140800,140800,136600,139300,96558141
20250808 00:00,139600,142900,139100,141700,96742884
20250811 00:00,141000,142000,138500,139800,89510437
20250812 00:00,139700,141200,138700,138900,76628234
20250813 00:00,139800,140300,138000,138300,79039619
20250814 00:00,138300,139800,137900,138700,71279949
20250815 00:00,138500,139500,135500,135900,93067809
20250818 00:00,135300,137200,134700,136400,83579911
20250819 00:00,136400,137600,135800,136900,49497253
20250820 00:00,136900,138700,136000,137200,60322243
20250821 00:00,137000,138600,135900,137800,57468516
20250822 00:00,138100,139500,137700,139400,64098054
20250825 00:00,139000,140500,137600,140300,63137208
20250826 00:00,140000,141500,138200,140300,59365845
20250827 00:00,139500,140000,137000,137500,76975407
20250828 00:00,136500,139400,134400,138600,95618144
20250829 00:00,138100,139900,136300,136300,128276384
20250901 00:00,136800,139000,134500,134900,116131640
20250902 00:00,134300,137500,133900,137300,79527127
20250903 00:00,137300,138700,136100,137800,75418875
20250904 00:00,137000,138500,135000,137700,101214019
20250905 00:00,137400,137800,134700,136900,79038636
20250908 00:00,136900,139800,135300,135800,123553472
20250909 00:00,136900,140200,136200,140200,117067240
20250910 00:00,140600,140700,138300,139700,83617788
20250911 00:00,139300,141700,138800,141200,83259271
20250912 00:00,141400,142500,134500,136000,137797397
20250915 00:00,135100,136900,133700,134300,84060835
20250916 00:00,134100,134400,131300,131600,88505780
20250917 00:00,131500,132500,129500,129600,66621805
20250918 00:00,129600,130100,126800,127500,106507276
20250919 00:00,126900,129000,125600,128100,79638295
20250922 00:00,127800,128000,125000,125400,49180587
20250923 00:00,125100,126500,123600,124500,77159109
20250924 00:00,124500,125400,120600,122200,102755861
20250925 00:00,122300,125500,121300,124300,128885102
20250926 00:00,123700,124800,119000,122500,84171099
20250929 00:00,122500,122600,119500,120600,86111735
20250930 00:00,120700,121100,118100,119000,90383609
20251009 00:00,117500,118700,116300,118000,81279059
20251010 00:00,117900,120300,116800,118400,93757429
20251013 00:00,119700,126000,117800,125100,209588223
20251014 00:00,124500,128700,123100,127700,146399373
20251015 00:00,127500,132400,126300,131700,122625265
20251016 00:00,131600,135300,131100,133200,99838590
20251017 00:00,132900,134400,131100,133200,81693218
20251020 00:00,132700,132700,129300,129900,80678774
20251021 00:00,129900,133000,129200,129900,154403206
20251022 00:00,129700,131500,128100,130300,119621745
20251023 00:00,130300,131000,128400,129700,80652260
20251024 00:00,129900,131000,128300,129800,183342863
20251027 00:00,129200,130600,128300,129700,151665963
20251028 00:00,130100,130700,122300,123900,159866315
20251029 00:00,123100,123600,117500,118100,165619780
20251030 00:00,117900,118300,116200,116400,122375784
20251031 00:00,117200,117400,114900,114900,143534203
20251103 00:00,114900,116400,113700,114100,123384169
20251104 00:00,114000,116300,113600,116200,134964340
20251105 00:00,116400,119600,115800,118600,162186560
20251106 00:00,118000,118000,115900,116600,127867343
20251107 00:00,116400,117500,115900,117000,93125152
20251110 00:00,116500,118000,116100,116900,90615790
20251111 00:00,116700,117300,116000,116700,78910662
20251112 00:00,116900,119200,116600,116800,150937630
20251113 00:00,116600,117200,115100,116600,121769523
20251114 00:00,116100,117700,116100,116200,113543245
20251117 00:00,116000,116500,113500,113700,98485526
20251118 00:00,113500,114500,112500,114500,56503139
20251119 00:00,114300,116200,114000,115600,93264386
20251120 00:00,115400,118100,114900,117000,116125007
20251121 00:00,117000,117400,115000,115200,100248709
20251124 00:00,115400,116500,114900,115300,94815363
20251125 00:00,115300,116400,114500,116100,55709457
20251126 00:00,116300,116700,114500,114800,60876972
20251127 00:00,114200,117800,113100,116200,93698611
20251128 00:00,116000,117000,114600,114800,79682706
20251201 00:00,114100,115500,113700,115400,68000214
20251202 00:00,115100,115800,114300,114500,50331401
20251203 00:00,114200,115000,113000,113000,65916685
20251204 00:00,113300,113300,111500,112500,45066850
20251205 00:00,112300,113200,111400,112600,56770710
20251208 00:00,112600,114300,112300,113900,89418386
20251209 00:00,114100,114300,113100,113200,58585930
20251210 00:00,113200,113300,111400,112800,70831411
20251211 00:00,113000,114500,112200,114400,107586743
20251212 00:00,114100,116100,113500,116100,145372658
20251215 00:00,115900,117500,115000,116600,111508150
20251216 00:00,116700,117200,114200,115500,86733417
20251217 00:00,115400,116700,114500,115400,60894791
20251218 00:00,115900,117900,114800,117800,69201006
20251219 00:00,117200,118000,116500,116900,67815119
20251222 00:00,116500,116900,115400,116400,49907269
20251223 00:00,116700,118800,116200,118300,61488273
20251224 00:00,118300,119000,117500,118100,46510627
20251225 00:00,118000,118600,117400,117700,30326271
20251226 00:00,117700,118200,117100,117200,29816927
20251229 00:00,117400,122200,116800,121700,87875772
20251230 00:00,121700,124100,121000,123900,74051075
20251231 00:00,123500,124500,121400,124400,82445909