DATE,PCREDIT8
2006-10-08,2.9543
2006-10-09,2.9549
2006-10-10,2.9531
2006-10-11,2.9559
2006-10-12,2.9550
2006-10-13,2.9543
2006-10-16,2.9546
2006-10-17,2.9550
2006-10-18,2.9560
2006-10-19,2.9556
2006-10-20,2.9553
2006-10-23,2.9552
2006-10-24,2.9552
2006-10-25,2.9552
2006-10-26,2.9552
2006-10-27,2.9556
2006-10-30,2.9554
2006-10-31,2.9554
2006-11-01,2.9554
2006-11-02,2.9554
2006-11-03,2.9554
2006-11-06,2.9566
2006-11-07,2.9577
2006-11-08,2.9597
2006-11-09,2.9622
2006-11-10,2.9652
2006-11-13,2.9702
2006-11-14,2.9772
2006-11-15,2.9809
2006-11-16,2.9831
2006-11-17,2.9848
2006-11-20,2.9860
2006-11-21,2.9912
2006-11-22,2.9939
2006-11-23,2.9955
2006-11-24,2.9968
2006-11-27,2.9976
2006-11-28,2.9984
2006-11-29,2.9992
2006-11-30,2.9996
2006-12-01,2.9998
2006-12-04,3.0001
2006-12-05,3.0006
2006-12-06,3.0008
2006-12-07,3.0008
2006-12-08,3.0010
2006-12-11,3.0012
2006-12-12,3.0013
2006-12-13,3.0013
2006-12-14,3.0014
2006-12-15,3.0015
2006-12-18,3.0016
2006-12-19,3.0017
2006-12-20,3.0017
2006-12-21,3.0018
2006-12-22,3.0019
2006-12-25,3.0019
2006-12-26,3.0020
2006-12-27,3.0020
2006-12-28,3.0020
2006-12-29,3.0020
2006-12-30,3.0021
2006-12-31,3.0021
2007-01-04,3.0022
2007-01-05,3.0023
2007-01-08,3.0023
2007-01-09,3.0024
2007-01-10,3.0025
2007-01-11,3.0024
2007-01-12,3.0024
2007-01-15,3.0024
2007-01-16,3.0024
2007-01-17,3.0024
2007-01-18,3.0024
2007-01-19,3.0024
2007-01-22,3.0024
2007-01-23,3.0024
2007-01-24,3.0024
2007-01-25,3.0025
2007-01-26,3.0025
2007-01-29,3.0025
2007-01-30,3.0025
2007-01-31,3.0025
2007-02-01,3.0025
2007-02-02,3.0025
2007-02-05,3.0025
2007-02-06,3.0025
2007-02-07,3.0025
2007-02-08,3.0025
2007-02-09,3.0025
2007-02-12,3.0026
2007-02-13,3.0026
2007-02-14,3.0027
2007-02-15,3.0027
2007-02-16,3.0027
2007-02-17,3.0027
2007-02-25,3.0028
2007-02-26,3.0028
2007-02-27,3.0028
2007-02-28,3.0028
2007-03-01,3.0028
2007-03-02,3.0028
2007-03-05,3.0028
2007-03-06,3.0028
2007-03-07,3.0028
2007-03-08,3.0028
2007-03-09,3.0028
2007-03-12,3.0028
2007-03-13,3.0151
2007-03-14,3.0302
2007-03-15,3.0455
2007-03-16,3.0533
2007-03-19,3.0790
2007-03-20,3.0967
2007-03-21,3.1096
2007-03-22,3.1202
2007-03-23,3.1304
2007-03-26,3.1386
2007-03-27,3.1504
2007-03-28,3.1589
2007-03-29,3.1665
2007-03-30,3.1783
2007-04-02,3.1841
2007-04-03,3.1880
2007-04-04,3.1900
2007-04-05,3.1907
2007-04-06,3.1943
2007-04-09,3.1973
2007-04-10,3.2003
2007-04-11,3.2032
2007-04-12,3.2051
2007-04-13,3.2054
2007-04-16,3.2071
2007-04-17,3.2091
2007-04-18,3.2097
2007-04-19,3.2128
2007-04-20,3.2163
2007-04-23,3.2190
2007-04-24,3.2213
2007-04-25,3.2232
2007-04-26,3.2225
2007-04-27,3.2216
2007-04-28,3.2180
2007-04-29,3.2157
2007-04-30,3.2147
2007-05-08,3.2142
2007-05-09,3.2137
2007-05-10,3.2152
2007-05-11,3.2172
2007-05-14,3.2186
2007-05-15,3.2193
2007-05-16,3.2230
2007-05-17,3.2220
2007-05-18,3.2215
2007-05-21,3.2614
2007-05-22,3.3003
2007-05-23,3.3322
2007-05-24,3.3608
2007-05-25,3.3722
2007-05-28,3.3848
2007-05-29,3.3914
2007-05-30,3.3954
2007-05-31,3.3985
2007-06-01,3.3993
2007-06-04,3.3999
2007-06-05,3.4028
2007-06-06,3.4043
2007-06-07,3.4073
2007-06-08,3.4088
2007-06-11,3.4098
2007-06-12,3.4112
2007-06-13,3.4139
2007-06-14,3.4167
2007-06-15,3.4202
2007-06-18,3.4202
2007-06-19,3.4203
2007-06-20,3.4214
2007-06-21,3.4246
2007-06-22,3.4286
2007-06-25,3.4307
2007-06-26,3.4340
2007-06-27,3.4359
2007-06-28,3.4404
2007-06-29,3.4447
2007-07-02,3.4477
2007-07-03,3.4516
2007-07-04,3.4555
2007-07-05,3.4595
2007-07-06,3.4627
2007-07-09,3.4662
2007-07-10,3.4691
2007-07-11,3.4725
2007-07-12,3.4757
2007-07-13,3.4770
2007-07-16,3.4811
2007-07-17,3.4830
2007-07-18,3.4852
2007-07-19,3.4860
2007-07-20,3.4866
2007-07-23,3.5429
2007-07-24,3.5659
2007-07-25,3.5786
2007-07-26,3.5861
2007-07-27,3.5880
2007-07-30,3.5907
2007-07-31,3.5931
2007-08-01,3.5970
2007-08-02,3.5992
2007-08-03,3.6011
2007-08-06,3.6013
2007-08-07,3.6009
2007-08-08,3.6038
2007-08-09,3.6026
2007-08-10,3.6016
2007-08-13,3.6023
2007-08-14,3.6032
2007-08-15,3.6045
2007-08-16,3.6052
2007-08-17,3.6057
2007-08-20,3.6069
2007-08-21,3.6061
2007-08-22,3.6741
2007-08-23,3.6955
2007-08-24,3.7078
2007-08-27,3.7188
2007-08-28,3.7278
2007-08-29,3.7371
2007-08-30,3.7470
2007-08-31,3.7536
2007-09-03,3.7574
2007-09-04,3.7603
2007-09-05,3.7657
2007-09-06,3.7704
2007-09-07,3.7808
2007-09-10,3.7883
2007-09-11,3.7919
2007-09-12,3.7969
2007-09-13,3.8019
2007-09-14,3.8130
2007-09-17,3.8890
2007-09-18,3.9285
2007-09-19,3.9549
2007-09-20,3.9750
2007-09-21,3.9909
2007-09-24,4.0109
2007-09-25,4.0255
2007-09-26,4.0360
2007-09-27,4.0465
2007-09-28,4.0519
2007-09-29,4.0552
2007-09-30,4.0554
2007-10-08,4.0581
2007-10-09,4.0693
2007-10-10,4.0974
2007-10-11,4.1042
2007-10-12,4.1175
2007-10-15,4.1284
2007-10-16,4.1348
2007-10-17,4.1421
2007-10-18,4.1486
2007-10-19,4.1545
2007-10-22,4.1614
2007-10-23,4.1718
2007-10-24,4.1729
2007-10-25,4.1798
2007-10-26,4.1833
2007-10-29,4.1857
2007-10-30,4.1956
2007-10-31,4.2048
2007-11-01,4.2187
2007-11-02,4.2271
2007-11-05,4.2294
2007-11-06,4.2362
2007-11-07,4.2602
2007-11-08,4.2763
2007-11-09,4.3023
2007-11-12,4.3130
2007-11-13,4.3231
2007-11-14,4.3359
2007-11-15,4.3507
2007-11-16,4.3642
2007-11-19,4.3703
2007-11-20,4.3838
2007-11-21,4.3975
2007-11-22,4.4068
2007-11-23,4.4178
2007-11-26,4.4214
2007-11-27,4.4247
2007-11-28,4.4332
2007-11-29,4.4421
2007-11-30,4.4505
2007-12-03,4.4522
2007-12-04,4.4654
2007-12-05,4.4636
2007-12-06,4.4654
2007-12-07,4.4697
2007-12-10,4.4733
2007-12-11,4.4772
2007-12-12,4.4804
2007-12-13,4.4851
2007-12-14,4.4884
2007-12-17,4.4927
2007-12-18,4.4965
2007-12-19,4.5019
2007-12-20,4.5087
2007-12-21,4.5321
2007-12-24,4.5501
2007-12-25,4.5582
2007-12-26,4.5629
2007-12-27,4.5697
2007-12-28,4.5751
2007-12-29,4.5825
2008-01-02,4.5853
2008-01-03,4.5884
2008-01-04,4.5905
2008-01-07,4.5930
2008-01-08,4.5989
2008-01-09,4.6057
2008-01-10,4.6110
2008-01-11,4.6166
2008-01-14,4.6208
2008-01-15,4.6252
2008-01-16,4.6287
2008-01-17,4.6322
2008-01-18,4.6350
2008-01-21,4.6370
2008-01-22,4.6414
2008-01-23,4.6461
2008-01-24,4.6491
2008-01-25,4.6508
2008-01-28,4.6517
2008-01-29,4.6546
2008-01-30,4.6569
2008-01-31,4.6600
2008-02-01,4.6615
2008-02-02,4.6621
2008-02-03,4.6629
2008-02-04,4.6646
2008-02-05,4.6639
2008-02-13,4.6656
2008-02-14,4.6664
2008-02-15,4.6684
2008-02-18,4.6684
2008-02-19,4.6705
2008-02-20,4.6781
2008-02-21,4.6802
2008-02-22,4.6841
2008-02-25,4.6874
2008-02-26,4.6896
2008-02-27,4.6914
2008-02-28,4.6937
2008-02-29,4.6953
2008-03-03,4.6960
2008-03-04,4.6966
2008-03-05,4.6977
2008-03-06,4.6989
2008-03-07,4.6998
2008-03-10,4.7014
2008-03-11,4.7035
2008-03-12,4.7054
2008-03-13,4.7066
2008-03-14,4.7079
2008-03-17,4.7086
2008-03-18,4.7087
2008-03-19,4.7086
2008-03-20,4.7057
2008-03-21,4.7065
2008-03-24,4.7051
2008-03-25,4.7041
2008-03-26,4.7006
2008-03-27,4.6998
2008-03-28,4.7002
2008-03-31,4.7014
2008-04-01,4.7034
2008-04-02,4.7038
2008-04-03,4.7032
2008-04-07,4.7033
2008-04-08,4.7040
2008-04-09,4.7046
2008-04-10,4.7051
2008-04-11,4.7042
2008-04-14,4.7022
2008-04-15,4.7031
2008-04-16,4.7034
2008-04-17,4.7029
2008-04-18,4.7033
2008-04-21,4.7028
2008-04-22,4.7025
2008-04-23,4.7024
2008-04-24,4.7025
2008-04-25,4.7025
2008-04-28,4.7028
2008-04-29,4.7030
2008-04-30,4.7027
2008-05-04,4.7018
2008-05-05,4.7023
2008-05-06,4.7024
2008-05-07,4.7042
2008-05-08,4.7041
2008-05-09,4.7047
2008-05-12,4.7055
2008-05-13,4.7056
2008-05-14,4.7063
2008-05-15,4.7062
2008-05-16,4.7048
2008-05-19,4.7062
2008-05-20,4.7068
2008-05-21,4.7080
2008-05-22,4.7098
2008-05-23,4.7111
2008-05-26,4.7097
2008-05-27,4.7112
2008-05-28,4.7114
2008-05-29,4.7103
2008-05-30,4.7097
2008-06-02,4.7100
2008-06-03,4.7086
2008-06-04,4.7095
2008-06-05,4.7086
2008-06-06,4.7095
2008-06-10,4.7102
2008-06-11,4.7132
2008-06-12,4.7145
2008-06-13,4.7161
2008-06-16,4.7160
2008-06-17,4.7146
2008-06-18,4.7140
2008-06-19,4.7133
2008-06-20,4.7122
2008-06-23,4.7123
2008-06-24,4.7114
2008-06-25,4.7110
2008-06-26,4.7110
2008-06-27,4.7115
2008-06-30,4.7124
2008-07-01,4.7126
2008-07-02,4.7136
2008-07-03,4.7130
2008-07-04,4.7126
2008-07-07,4.7135
2008-07-08,4.7133
2008-07-09,4.7117
2008-07-10,4.7106
2008-07-11,4.7097
2008-07-14,4.7092
2008-07-15,4.7085
2008-07-16,4.7077
2008-07-17,4.7069
2008-07-18,4.7071
2008-07-21,4.7067
2008-07-22,4.7062
2008-07-23,4.7058
2008-07-24,4.7058
2008-07-25,4.7056
2008-07-28,4.7061
2008-07-29,4.7065
2008-07-30,4.7063
2008-07-31,4.7070
2008-08-01,4.7073
2008-08-04,4.7077
2008-08-05,4.7077
2008-08-06,4.7074
2008-08-07,4.7072
2008-08-08,4.7066
2008-08-11,4.7065
2008-08-12,4.7064
2008-08-13,4.7065
2008-08-14,4.7059
2008-08-15,4.7056
2008-08-18,4.7051
2008-08-19,4.7054
2008-08-20,4.7050
2008-08-21,4.7052
2008-08-22,4.7058
2008-08-25,4.7049
2008-08-26,4.7045
2008-08-27,4.7037
2008-08-28,4.7036
2008-08-29,4.7036
2008-09-01,4.7040
2008-09-02,4.7041
2008-09-03,4.7048
2008-09-04,4.7038
2008-09-05,4.7035
2008-09-08,4.7043
2008-09-09,4.7031
2008-09-10,4.7030
2008-09-11,4.7026
2008-09-12,4.7025
2008-09-16,4.6928
2008-09-17,4.6847
2008-09-18,4.6852
2008-09-19,4.6801
2008-09-22,4.6792
2008-09-23,4.6772
2008-09-24,4.6757
2008-09-25,4.6748
2008-09-26,4.6742
2008-09-27,4.6726
2008-09-28,4.6720
2008-10-06,4.6719
2008-10-07,4.6686
2008-10-08,4.6653
2008-10-09,4.6230
2008-10-10,4.6045
2008-10-13,4.5941
2008-10-14,4.5874
2008-10-15,4.5796
2008-10-16,4.5722
2008-10-17,4.5661
2008-10-20,4.5596
2008-10-21,4.5557
2008-10-22,4.5520
2008-10-23,4.5491
2008-10-24,4.5458
2008-10-27,4.5387
2008-10-28,4.5318
2008-10-29,4.5252
2008-10-30,4.4759
2008-10-31,4.4482
2008-11-03,4.4389
2008-11-04,4.4262
2008-11-05,4.4118
2008-11-06,4.4045
2008-11-07,4.3950
2008-11-10,4.3848
2008-11-11,4.3754
2008-11-12,4.3645
2008-11-13,4.3497
2008-11-14,4.3346
2008-11-17,4.3143
2008-11-18,4.2894
2008-11-19,4.2611
2008-11-20,4.2250
2008-11-21,4.1794
2008-11-24,4.1470
2008-11-25,4.1178
2008-11-26,4.0874
2008-11-27,3.3213
2008-11-28,3.2570
2008-12-01,3.1986
2008-12-02,3.1575
2008-12-03,3.1294
2008-12-04,3.1001
2008-12-05,3.0623
2008-12-08,3.0280
2008-12-09,3.0002
2008-12-10,2.9780
2008-12-11,2.9497
2008-12-12,2.9091
2008-12-15,2.8858
2008-12-16,2.8526
2008-12-17,2.8189
2008-12-18,2.7901
2008-12-19,2.7623
2008-12-22,2.7410
2008-12-23,2.6424
2008-12-24,2.5614
2008-12-25,2.5016
2008-12-26,2.4582
2008-12-29,2.4202
2008-12-30,2.3885
2008-12-31,2.3597
2009-01-04,2.3341
2009-01-05,2.3003
2009-01-06,2.2768
2009-01-07,2.2512
2009-01-08,2.2293
2009-01-09,2.2003
2009-01-12,2.1855
2009-01-13,2.1647
2009-01-14,2.1539
2009-01-15,2.1339
2009-01-16,2.1147
2009-01-19,2.0902
2009-01-20,2.0699
2009-01-21,2.0543
2009-01-22,2.0367
2009-01-23,2.0252
2009-01-24,2.0190
2009-02-01,2.0057
2009-02-02,1.9967
2009-02-03,1.9875
2009-02-04,1.9807
2009-02-05,1.9770
2009-02-06,1.9695
2009-02-09,1.9603
2009-02-10,1.9541
2009-02-11,1.9498
2009-02-12,1.9472
2009-02-13,1.9454
2009-02-16,1.9437
2009-02-17,1.9432
2009-02-18,1.9407
2009-02-19,1.9399
2009-02-20,1.9380
2009-02-23,1.9369
2009-02-24,1.9350
2009-02-25,1.9316
2009-02-26,1.9301
2009-02-27,1.9275
2009-03-02,1.9248
2009-03-03,1.9230
2009-03-04,1.9223
2009-03-05,1.9195
2009-03-06,1.9182
2009-03-09,1.9141
2009-03-10,1.9119
2009-03-11,1.9111
2009-03-12,1.9101
2009-03-13,1.9088
2009-03-16,1.9037
2009-03-17,1.9005
2009-03-18,1.8979
2009-03-19,1.8951
2009-03-20,1.8935
2009-03-23,1.8897
2009-03-24,1.8866
2009-03-25,1.8835
2009-03-26,1.8809
2009-03-27,1.8796
2009-03-30,1.8779
2009-03-31,1.8754
2009-04-01,1.8739
2009-04-02,1.8734
2009-04-03,1.8719
2009-04-07,1.8689
2009-04-08,1.8664
2009-04-09,1.8633
2009-04-10,1.8604
2009-04-13,1.8588
2009-04-14,1.8572
2009-04-15,1.8550
2009-04-16,1.8543
2009-04-17,1.8538
2009-04-20,1.8542
2009-04-21,1.8554
2009-04-22,1.8556
2009-04-23,1.8511
2009-04-24,1.8519
2009-04-27,1.8520
2009-04-28,1.8521
2009-04-29,1.8529
2009-04-30,1.8524
2009-05-04,1.8513
2009-05-05,1.8517
2009-05-06,1.8528
2009-05-07,1.8533
2009-05-08,1.8537
2009-05-11,1.8536
2009-05-12,1.8541
2009-05-13,1.8530
2009-05-14,1.8525
2009-05-15,1.8513
2009-05-18,1.8516
2009-05-19,1.8510
2009-05-20,1.8509
2009-05-21,1.8509
2009-05-22,1.8504
2009-05-25,1.8522
2009-05-26,1.8531
2009-05-27,1.8529
2009-05-31,1.8527
2009-06-01,1.8519
2009-06-02,1.8519
2009-06-03,1.8528
2009-06-04,1.8532
2009-06-05,1.8526
2009-06-08,1.8535
2009-06-09,1.8530
2009-06-10,1.8535
2009-06-11,1.8534
2009-06-12,1.8533
2009-06-15,1.8533
2009-06-16,1.8534
2009-06-17,1.8534
2009-06-18,1.8544
2009-06-19,1.8602
2009-06-22,1.8639
2009-06-23,1.8655
2009-06-24,1.8663
2009-06-25,1.8666
2009-06-26,1.8672
2009-06-29,1.8678
2009-06-30,1.8688
2009-07-01,1.8698
2009-07-02,1.8709
2009-07-03,1.8712
2009-07-06,1.8727
2009-07-07,1.8762
2009-07-08,1.8780
2009-07-09,1.8948
2009-07-10,1.9096
2009-07-13,1.9233
2009-07-14,1.9331
2009-07-15,1.9434
2009-07-16,1.9548
2009-07-17,1.9735
2009-07-20,1.9909
2009-07-21,2.0187
2009-07-22,2.0340
2009-07-23,2.0453
2009-07-24,2.0526
2009-07-27,2.0619
2009-07-28,2.0708
2009-07-29,2.0807
2009-07-30,2.0920
2009-07-31,2.1009
2009-08-03,2.1128
2009-08-04,2.1216
2009-08-05,2.1276
2009-08-06,2.1334
2009-08-07,2.1408
2009-08-10,2.1479
2009-08-11,2.1534
2009-08-12,2.1575
2009-08-13,2.1607
2009-08-14,2.1662
2009-08-17,2.1718
2009-08-18,2.1749
2009-08-19,2.1769
2009-08-20,2.1788
2009-08-21,2.1799
2009-08-24,2.1799
2009-08-25,2.1790
2009-08-26,2.1789
2009-08-27,2.1785
2009-08-28,2.1783
2009-08-31,2.1798
2009-09-01,2.1806
2009-09-02,2.1813
2009-09-03,2.1822
2009-09-04,2.1817
2009-09-07,2.1817
2009-09-08,2.1822
2009-09-09,2.1826
2009-09-10,2.1826
2009-09-11,2.1834
2009-09-14,2.1837
2009-09-15,2.1855
2009-09-16,2.1878
2009-09-17,2.1906
2009-09-18,2.1917
2009-09-21,2.1940
2009-09-22,2.1951
2009-09-23,2.1963
2009-09-24,2.1971
2009-09-25,2.1978
2009-09-27,2.1979
2009-09-28,2.1979
2009-09-29,2.1982
2009-09-30,2.2000
2009-10-09,2.2022
2009-10-10,2.2039
2009-10-12,2.2078
2009-10-13,2.2086
2009-10-14,2.2089
2009-10-15,2.2112
2009-10-16,2.2139
2009-10-19,2.2152
2009-10-20,2.2175
2009-10-21,2.2191
2009-10-22,2.2204
2009-10-23,2.2207
2009-10-26,2.2209
2009-10-27,2.2213
2009-10-28,2.2216
2009-10-29,2.2219
2009-10-30,2.2221
2009-11-02,2.2226
2009-11-03,2.2231
2009-11-04,2.2233
2009-11-05,2.2245
2009-11-06,2.2245
2009-11-09,2.2251
2009-11-10,2.2269
2009-11-11,2.2275
2009-11-12,2.2277
2009-11-13,2.2277
2009-11-16,2.2302
2009-11-17,2.2320
2009-11-18,2.2337
2009-11-19,2.2361
2009-11-20,2.2367
2009-11-23,2.2369
2009-11-24,2.2374
2009-11-25,2.2376
2009-11-26,2.2377
2009-11-27,2.2369
2009-11-30,2.2383
2009-12-01,2.2388
2009-12-02,2.2392
2009-12-03,2.2397
2009-12-04,2.2400
2009-12-07,2.2400
2009-12-08,2.2409
2009-12-09,2.2417
2009-12-10,2.2429
2009-12-11,2.2442
2009-12-14,2.2451
2009-12-15,2.2465
2009-12-16,2.2480
2009-12-17,2.2487
2009-12-18,2.2491
2009-12-21,2.2492
2009-12-22,2.2492
2009-12-23,2.2497
2009-12-24,2.2500
2009-12-25,2.2501
2009-12-28,2.2501
2009-12-29,2.2502
2009-12-30,2.2502
2009-12-31,2.2502
2010-01-04,2.2502
2010-01-05,2.2501
2010-01-06,2.2501
2010-01-07,2.2551
2010-01-08,2.2594
2010-01-11,2.2629
2010-01-12,2.2682
2010-01-13,2.2802
2010-01-14,2.2869
2010-01-15,2.2916
2010-01-18,2.2960
2010-01-19,2.3027
2010-01-20,2.3120
2010-01-21,2.3176
2010-01-22,2.3213
2010-01-25,2.3238
2010-01-26,2.3261
2010-01-27,2.3286
2010-01-28,2.3311
2010-01-29,2.3326
2010-02-01,2.3332
2010-02-02,2.3339
2010-02-03,2.3336
2010-02-04,2.3340
2010-02-05,2.3348
2010-02-08,2.3359
2010-02-09,2.3370
2010-02-10,2.3378
2010-02-11,2.3445
2010-02-12,2.3473
2010-02-20,2.3510
2010-02-21,2.3492
2010-02-22,2.3497
2010-02-23,2.3489
2010-02-24,2.3496
2010-02-25,2.3500
2010-02-26,2.3501
2010-03-01,2.3510
2010-03-02,2.3518
2010-03-03,2.3522
2010-03-04,2.3525
2010-03-05,2.3524
2010-03-08,2.3521
2010-03-09,2.3520
2010-03-10,2.3520
2010-03-11,2.3521
2010-03-12,2.3524
2010-03-15,2.3520
2010-03-16,2.3521
2010-03-17,2.3521
2010-03-18,2.3526
2010-03-19,2.3525
2010-03-22,2.3530
2010-03-23,2.3535
2010-03-24,2.3530
2010-03-25,2.3528
2010-03-26,2.3525
2010-03-29,2.3533
2010-03-30,2.3526
2010-03-31,2.3525
2010-04-01,2.3525
2010-04-02,2.3523
2010-04-06,2.3522
2010-04-07,2.3556
2010-04-08,2.3583
2010-04-09,2.3595
2010-04-12,2.3607
2010-04-13,2.3610
2010-04-14,2.3619
2010-04-15,2.3624
2010-04-16,2.3632
2010-04-19,2.3633
2010-04-20,2.3619
2010-04-21,2.3615
2010-04-22,2.3636
2010-04-23,2.3650
2010-04-26,2.3656
2010-04-27,2.3655
2010-04-28,2.3655
2010-04-29,2.3664
2010-04-30,2.3665
2010-05-04,2.3668
2010-05-05,2.3678
2010-05-06,2.3682
2010-05-07,2.3677
2010-05-10,2.3684
2010-05-11,2.3702
2010-05-12,2.3680
2010-05-13,2.3685
2010-05-14,2.3695
2010-05-17,2.3698
2010-05-18,2.3677
2010-05-19,2.3695
2010-05-20,2.3698
2010-05-21,2.3679
2010-05-24,2.3749
2010-05-25,2.3810
2010-05-26,2.3958
2010-05-27,2.4012
2010-05-28,2.4140
2010-05-31,2.4238
2010-06-01,2.4498
2010-06-02,2.4571
2010-06-03,2.4669
2010-06-04,2.4741
2010-06-07,2.4767
2010-06-08,2.4823
2010-06-09,2.4874
2010-06-10,2.4930
2010-06-11,2.4997
2010-06-12,2.5023
2010-06-13,2.5188
2010-06-17,2.5201
2010-06-18,2.5261
2010-06-21,2.5326
2010-06-22,2.5436
2010-06-23,2.5497
2010-06-24,2.5574
2010-06-25,2.5676
2010-06-28,2.5997
2010-06-29,2.6123
2010-06-30,2.6183
2010-07-01,2.6138
2010-07-02,2.6082
2010-07-05,2.6059
2010-07-06,2.6081
2010-07-07,2.6033
2010-07-08,2.6011
2010-07-09,2.6136
2010-07-12,2.6183
2010-07-13,2.6192
2010-07-14,2.6187
2010-07-15,2.6161
2010-07-16,2.6158
2010-07-19,2.6140
2010-07-20,2.6138
2010-07-21,2.6145
2010-07-22,2.6138
2010-07-23,2.6154
2010-07-26,2.6149
2010-07-27,2.6147
2010-07-28,2.6138
2010-07-29,2.6126
2010-07-30,2.6129
2010-08-02,2.6130
2010-08-03,2.6123
2010-08-04,2.6121
2010-08-05,2.6122
2010-08-06,2.6130
2010-08-09,2.6140
2010-08-10,2.6139
2010-08-11,2.6158
2010-08-12,2.6166
2010-08-13,2.6173
2010-08-16,2.6192
2010-08-17,2.6204
2010-08-18,2.6205
2010-08-19,2.6227
2010-08-20,2.6235
2010-08-23,2.6241
2010-08-24,2.6243
2010-08-25,2.6238
2010-08-26,2.6276
2010-08-27,2.6336
2010-08-30,2.6417
2010-08-31,2.6455
2010-09-01,2.6456
2010-09-02,2.6443
2010-09-03,2.6424
2010-09-06,2.6441
2010-09-07,2.6449
2010-09-08,2.6451
2010-09-09,2.6451
2010-09-10,2.6463
2010-09-13,2.6495
2010-09-14,2.6520
2010-09-15,2.6536
2010-09-16,2.6555
2010-09-17,2.6580
2010-09-19,2.6592
2010-09-20,2.6597
2010-09-21,2.6611
2010-09-25,2.6652
2010-09-26,2.6700
2010-09-27,2.6711
2010-09-28,2.6736
2010-09-29,2.6755
2010-09-30,2.6793
2010-10-08,2.6781
2010-10-09,2.6776
2010-10-11,2.6785
2010-10-12,2.6811
2010-10-13,2.6831
2010-10-14,2.6843
2010-10-15,2.6847
2010-10-18,2.6847
2010-10-19,2.6855
2010-10-20,2.7946
2010-10-21,2.8392
2010-10-22,2.8644
2010-10-25,2.8839
2010-10-26,2.8939
2010-10-27,2.9066
2010-10-28,2.9142
2010-10-29,2.9212
2010-11-01,2.9257
2010-11-02,2.9310
2010-11-03,2.9339
2010-11-04,2.9347
2010-11-05,2.9348
2010-11-08,2.9389
2010-11-09,2.9430
2010-11-10,2.9458
2010-11-11,2.9568
2010-11-12,2.9663
2010-11-15,2.9725
2010-11-16,2.9758
2010-11-17,2.9762
2010-11-18,2.9765
2010-11-19,2.9798
2010-11-22,2.9916
2010-11-23,3.0103
2010-11-24,3.0241
2010-11-25,3.0367
2010-11-26,3.0618
2010-11-29,3.0786
2010-11-30,3.0967
2010-12-01,3.1103
2010-12-02,3.1237
2010-12-03,3.1381
2010-12-06,3.1449
2010-12-07,3.1510
2010-12-08,3.1568
2010-12-09,3.1646
2010-12-10,3.1743
2010-12-13,3.1815
2010-12-14,3.1905
2010-12-15,3.2062
2010-12-16,3.2150
2010-12-17,3.2230
2010-12-20,3.2574
2010-12-21,3.2955
2010-12-22,3.3239
2010-12-23,3.3617
2010-12-24,3.3950
2010-12-27,3.5246
2010-12-28,3.5767
2010-12-29,3.5950
2010-12-30,3.6169
2010-12-31,3.6312
2011-01-04,3.6383
2011-01-05,3.6461
2011-01-06,3.6521
2011-01-07,3.6620
2011-01-10,3.6774
2011-01-11,3.6895
2011-01-12,3.6929
2011-01-13,3.6992
2011-01-14,3.7076
2011-01-17,3.7155
2011-01-18,3.7196
2011-01-19,3.7344
2011-01-20,3.7539
2011-01-21,3.7855
2011-01-24,3.8160
2011-01-25,3.8568
2011-01-26,3.9187
2011-01-27,3.9600
2011-01-28,4.0101
2011-01-30,4.0561
2011-01-31,4.0808
2011-02-01,4.0894
2011-02-09,4.2211
2011-02-10,4.2827
2011-02-11,4.3067
2011-02-12,4.3238
2011-02-14,4.3464
2011-02-15,4.3686
2011-02-16,4.3930
2011-02-17,4.4259
2011-02-18,4.4529
2011-02-21,4.4897
2011-02-22,4.5232
2011-02-23,4.5499
2011-02-24,4.5795
2011-02-25,4.5953
2011-02-28,4.6080
2011-03-01,4.6208
2011-03-02,4.6284
2011-03-03,4.6238
2011-03-04,4.6301
2011-03-07,4.6344
2011-03-08,4.6355
2011-03-09,4.6353
2011-03-10,4.6366
2011-03-11,4.6382
2011-03-14,4.6378
2011-03-15,4.6459
2011-03-16,4.6525
2011-03-17,4.6558
2011-03-18,4.6566
2011-03-21,4.6647
2011-03-22,4.6663
2011-03-23,4.6673
2011-03-24,4.6621
2011-03-25,4.6583
2011-03-28,4.6601
2011-03-29,4.6603
2011-03-30,4.6604
2011-03-31,4.6618
2011-04-01,4.6623
2011-04-02,4.6624
2011-04-06,4.7347
2011-04-07,4.7615
2011-04-08,4.7809
2011-04-11,4.7829
2011-04-12,4.7871
2011-04-13,4.7899
2011-04-14,4.7912
2011-04-15,4.7922
2011-04-18,4.8016
2011-04-19,4.8089
2011-04-20,4.8116
2011-04-21,4.8177
2011-04-22,4.8317
2011-04-25,4.8450
2011-04-26,4.8564
2011-04-27,4.8614
2011-04-28,4.8667
2011-04-29,4.8706
2011-05-03,4.8642
2011-05-04,4.8636
2011-05-05,4.8572
2011-05-06,4.8562
2011-05-09,4.8594
2011-05-10,4.8511
2011-05-11,4.8519
2011-05-12,4.8521
2011-05-13,4.8573
2011-05-16,4.8562
2011-05-17,4.8546
2011-05-18,4.8566
2011-05-19,4.8580
2011-05-20,4.8640
2011-05-23,4.8746
2011-05-24,4.8841
2011-05-25,4.8879
2011-05-26,4.8956
2011-05-27,4.8963
2011-05-30,4.9054
2011-05-31,4.8940
2011-06-01,4.8916
2011-06-02,4.8902
2011-06-03,4.8835
2011-06-07,4.8832
2011-06-08,4.8898
2011-06-09,4.9043
2011-06-10,4.9152
2011-06-13,4.9206
2011-06-14,4.9338
2011-06-15,4.9569
2011-06-16,4.9771
2011-06-17,4.9913
2011-06-20,5.0259
2011-06-21,5.0406
2011-06-22,5.0575
2011-06-23,5.0813
2011-06-24,5.1024
2011-06-27,5.1071
2011-06-28,5.1220
2011-06-29,5.1309
2011-06-30,5.1367
2011-07-01,5.1405
2011-07-04,5.1485
2011-07-05,5.1496
2011-07-06,5.1466
2011-07-07,5.1923
2011-07-08,5.1978
2011-07-11,5.2027
2011-07-12,5.2016
2011-07-13,5.2020
2011-07-14,5.2041
2011-07-15,5.2061
2011-07-18,5.2065
2011-07-19,5.2068
2011-07-20,5.2093
2011-07-21,5.2125
2011-07-22,5.2197
2011-07-25,5.2239
2011-07-26,5.2293
2011-07-27,5.2296
2011-07-28,5.2297
2011-07-29,5.2285
2011-08-01,5.2273
2011-08-02,5.2300
2011-08-03,5.2285
2011-08-04,5.2257
2011-08-05,5.2260
2011-08-08,5.2237
2011-08-09,5.2249
2011-08-10,5.2269
2011-08-11,5.2256
2011-08-12,5.2252
2011-08-15,5.2226
2011-08-16,5.2181
2011-08-17,5.2214
2011-08-18,5.2247
2011-08-19,5.2255
2011-08-22,5.2262
2011-08-23,5.2271
2011-08-24,5.2288
2011-08-25,5.2279
2011-08-26,5.2268
2011-08-29,5.2343
2011-08-30,5.2373
2011-08-31,5.2407
2011-09-01,5.2439
2011-09-02,5.2485
2011-09-05,5.2494
2011-09-06,5.2508
2011-09-07,5.2544
2011-09-08,5.2555
2011-09-09,5.2552
2011-09-13,5.2543
2011-09-14,5.2543
2011-09-15,5.2553
2011-09-16,5.2558
2011-09-19,5.2552
2011-09-20,5.2551
2011-09-21,5.2529
2011-09-22,5.2543
2011-09-23,5.2537
2011-09-26,5.2540
2011-09-27,5.2541
2011-09-28,5.2543
2011-09-29,5.2543
2011-09-30,5.2534
2011-10-08,5.2531
2011-10-09,5.2522
2011-10-10,5.2521
2011-10-11,5.2512
2011-10-12,5.2528
2011-10-13,5.2539
2011-10-14,5.2558
2011-10-17,5.2562
2011-10-18,5.2537
2011-10-19,5.2538
2011-10-20,5.2516
2011-10-21,5.2547
2011-10-24,5.2536
2011-10-25,5.2536
2011-10-26,5.2534
2011-10-27,5.2474
2011-10-28,5.2499
2011-10-31,5.2533
2011-11-01,5.2501
2011-11-02,5.2543
2011-11-03,5.2545
2011-11-04,5.2546
2011-11-07,5.2552
2011-11-08,5.2559
2011-11-09,5.2528
2011-11-10,5.2526
2011-11-11,5.2509
2011-11-14,5.2539
2011-11-15,5.2517
2011-11-16,5.2508
2011-11-17,5.2515
2011-11-18,5.2520
2011-11-21,5.2512
2011-11-22,5.2524
2011-11-23,5.2500
2011-11-24,5.2498
2011-11-25,5.2485
2011-11-28,5.2482
2011-11-29,5.2518
2011-11-30,5.2517
2011-12-01,5.2444
2011-12-02,5.2395
2011-12-05,5.2368
2011-12-06,5.2375
2011-12-07,5.2356
2011-12-08,5.2374
2011-12-09,5.2371
2011-12-12,5.2375
2011-12-13,5.2370
2011-12-14,5.2356
2011-12-15,5.2366
2011-12-16,5.2361
2011-12-19,5.2363
2011-12-20,5.2357
2011-12-21,5.2362
2011-12-22,5.2362
2011-12-23,5.2341
2011-12-26,5.2337
2011-12-27,5.2345
2011-12-28,5.2343
2011-12-29,5.2373
2011-12-30,5.2378
2011-12-31,5.2373
2012-01-04,5.2364
2012-01-05,5.2376
2012-01-06,5.2393
2012-01-09,5.2375
2012-01-10,5.2373
2012-01-11,5.2373
2012-01-12,5.2377
2012-01-13,5.2380
2012-01-16,5.2381
2012-01-17,5.2369
2012-01-18,5.2377
2012-01-19,5.2368
2012-01-20,5.2367
2012-01-21,5.2392
2012-01-29,5.2386
2012-01-30,5.2369
2012-01-31,5.2367
2012-02-01,5.2374
2012-02-02,5.2367
2012-02-03,5.2366
2012-02-06,5.2370
2012-02-07,5.2367
2012-02-08,5.2344
2012-02-09,5.2323
2012-02-10,5.2316
2012-02-13,5.2317
2012-02-14,5.2317
2012-02-15,5.2317
2012-02-16,5.2325
2012-02-17,5.2331
2012-02-20,5.2289
2012-02-21,5.2295
2012-02-22,5.2294
2012-02-23,5.2293
2012-02-24,5.2286
2012-02-27,5.2274
2012-02-28,5.2244
2012-02-29,5.2229
2012-03-01,5.2210
2012-03-02,5.2203
2012-03-05,5.2198
2012-03-06,5.2138
2012-03-07,5.2110
2012-03-08,5.2086
2012-03-09,5.2044
2012-03-12,5.2015
2012-03-13,5.2011
2012-03-14,5.2002
2012-03-15,5.2005
2012-03-16,5.1965
2012-03-19,5.1926
2012-03-20,5.1884
2012-03-21,5.1859
2012-03-22,5.1867
2012-03-23,5.1855
2012-03-26,5.1798
2012-03-27,5.1767
2012-03-28,5.1739
2012-03-29,5.1668
2012-03-30,5.1585
2012-03-31,5.1524
2012-04-01,5.1503
2012-04-05,5.1481
2012-04-06,5.1463
2012-04-09,5.1450
2012-04-10,5.1437
2012-04-11,5.1416
2012-04-12,5.1397
2012-04-13,5.1378
2012-04-16,5.1367
2012-04-17,5.1351
2012-04-18,5.1336
2012-04-19,5.1326
2012-04-20,5.1311
2012-04-23,5.1278
2012-04-24,5.1244
2012-04-25,5.1216
2012-04-26,5.1191
2012-04-27,5.1160
2012-04-28,5.1114
2012-05-02,5.1095
2012-05-03,5.1073
2012-05-04,5.1038
2012-05-07,5.1025
2012-05-08,5.1013
2012-05-09,5.1000
2012-05-10,5.0992
2012-05-11,5.0966
2012-05-14,5.0792
2012-05-15,5.0563
2012-05-16,5.0491
2012-05-17,5.0339
2012-05-18,5.0236
2012-05-21,5.0156
2012-05-22,5.0100
2012-05-23,5.0013
2012-05-24,4.9898
2012-05-25,4.9765
2012-05-28,4.9669
2012-05-29,4.9546
2012-05-30,4.9458
2012-05-31,4.9317
2012-06-01,4.9262
2012-06-04,4.9241
2012-06-05,4.9183
2012-06-06,4.9141
2012-06-07,4.9115
2012-06-08,4.8669
2012-06-11,4.8501
2012-06-12,4.8402
2012-06-13,4.8296
2012-06-14,4.8186
2012-06-15,4.8055
2012-06-18,4.7953
2012-06-19,4.7851
2012-06-20,4.7788
2012-06-21,4.7740
2012-06-25,4.7808
2012-06-26,4.7755
2012-06-27,4.7659
2012-06-28,4.7507
2012-06-29,4.7454
2012-07-02,4.7426
2012-07-03,4.7357
2012-07-04,4.7289
2012-07-05,4.7181
2012-07-06,4.6876
2012-07-09,4.6735
2012-07-10,4.6442
2012-07-11,4.6177
2012-07-12,4.5965
2012-07-13,4.5721
2012-07-16,4.5606
2012-07-17,4.5507
2012-07-18,4.5435
2012-07-19,4.5388
2012-07-20,4.5278
2012-07-23,4.5214
2012-07-24,4.5168
2012-07-25,4.5136
2012-07-26,4.5086
2012-07-27,4.5037
2012-07-30,4.4948
2012-07-31,4.4904
2012-08-01,4.4896
2012-08-02,4.4800
2012-08-03,4.4717
2012-08-06,4.4646
2012-08-07,4.4581
2012-08-08,4.4519
2012-08-09,4.4494
2012-08-10,4.4452
2012-08-13,4.4421
2012-08-14,4.4404
2012-08-15,4.4403
2012-08-16,4.4403
2012-08-17,4.4421
2012-08-20,4.4438
2012-08-21,4.4440
2012-08-22,4.4419
2012-08-23,4.4412
2012-08-24,4.4399
2012-08-27,4.4380
2012-08-28,4.4338
2012-08-29,4.4326
2012-08-30,4.4324
2012-08-31,4.4250
2012-09-03,4.4247
2012-09-04,4.4175
2012-09-05,4.4144
2012-09-06,4.4090
2012-09-07,4.4077
2012-09-10,4.4050
2012-09-11,4.4057
2012-09-12,4.4043
2012-09-13,4.4042
2012-09-14,4.4024
2012-09-17,4.4014
2012-09-18,4.4010
2012-09-19,4.4010
2012-09-20,4.4010
2012-09-21,4.4008
2012-09-24,4.4006
2012-09-25,4.4006
2012-09-26,4.4005
2012-09-27,4.4003
2012-09-28,4.4000
2012-09-29,4.4000
2012-10-08,4.4004
2012-10-09,4.4002
2012-10-10,4.4002
2012-10-11,4.4002
2012-10-12,4.4001
2012-10-15,4.4001
2012-10-16,4.4001
2012-10-17,4.4001
2012-10-18,4.4001
2012-10-19,4.4001
2012-10-22,4.4001
2012-10-23,4.4001
2012-10-24,4.4001
2012-10-25,4.4000
2012-10-26,4.4000
2012-10-29,4.4000
2012-10-30,4.4000
2012-10-31,4.4000
2012-11-01,4.4000
2012-11-02,4.4000
2012-11-05,4.4000
2012-11-06,4.4000
2012-11-07,4.4000
2012-11-08,4.4000
2012-11-09,4.4000
2012-11-12,4.4000
2012-11-13,4.4000
2012-11-14,4.4000
2012-11-15,4.4000
2012-11-16,4.4000
2012-11-19,4.4000
2012-11-20,4.4000
2012-11-21,4.4000
2012-11-22,4.4000
2012-11-23,4.4000
2012-11-26,4.4000
2012-11-27,4.4000
2012-11-28,4.4000
2012-11-29,4.4000
2012-11-30,4.4000
2012-12-03,4.4000
2012-12-04,4.4000
2012-12-05,4.4000
2012-12-06,4.4000
2012-12-07,4.4000
2012-12-10,4.4000
2012-12-11,4.4000
2012-12-12,4.4000
2012-12-13,4.4000
2012-12-14,4.4001
2012-12-17,4.4002
2012-12-18,4.4002
2012-12-19,4.4002
2012-12-20,4.4003
2012-12-21,4.4003
2012-12-24,4.4004
2012-12-25,4.4005
2012-12-26,4.4005
2012-12-27,4.4003
2012-12-28,4.4002
2012-12-31,4.4002
2013-01-04,4.4004
2013-01-05,4.4004
2013-01-06,4.4004
2013-01-07,4.4004
2013-01-08,4.4004
2013-01-09,4.4002
2013-01-10,4.4004
2013-01-11,4.4002
2013-01-14,4.4003
2013-01-15,4.4002
2013-01-16,4.4003
2013-01-17,4.4003
2013-01-18,4.4001
2013-01-21,4.4000
2013-01-22,4.4000
2013-01-23,4.4000
2013-01-24,4.4000
2013-01-25,4.4000
2013-01-28,4.4000
2013-01-29,4.4000
2013-01-30,4.4000
2013-01-31,4.4000
2013-02-01,4.4000
2013-02-04,4.4000
2013-02-05,4.4000
2013-02-06,4.4000
2013-02-07,4.4000
2013-02-08,4.4000
2013-02-16,4.4000
2013-02-17,4.4000
2013-02-18,4.4000
2013-02-19,4.4000
2013-02-20,4.4000
2013-02-21,4.4000
2013-02-22,4.4000
2013-02-25,4.4000
2013-02-26,4.4000
2013-02-27,4.4000
2013-02-28,4.4000
2013-03-01,4.4000
2013-03-04,4.4000
2013-03-05,4.4000
2013-03-06,4.4000
2013-03-07,4.4000
2013-03-08,4.4000
2013-03-11,4.4000
2013-03-12,4.4000
2013-03-13,4.4000
2013-03-14,4.4000
2013-03-15,4.4000
2013-03-18,4.4000
2013-03-19,4.4000
2013-03-20,4.4000
2013-03-21,4.4000
2013-03-22,4.4000
2013-03-25,4.4000
2013-03-26,4.4000
2013-03-27,4.4000
2013-03-28,4.4000
2013-03-29,4.4000
2013-04-01,4.4000
2013-04-02,4.4000
2013-04-03,4.4000
2013-04-07,4.4000
2013-04-08,4.4000
2013-04-09,4.4000
2013-04-10,4.4000
2013-04-11,4.4000
2013-04-12,4.4000
2013-04-15,4.4000
2013-04-16,4.4000
2013-04-17,4.4000
2013-04-18,4.4000
2013-04-19,4.4000
2013-04-22,4.4000
2013-04-23,4.4000
2013-04-24,4.4000
2013-04-25,4.4000
2013-04-26,4.4000
2013-04-27,4.4000
2013-04-28,4.4000
2013-05-02,4.4000
2013-05-03,4.4000
2013-05-06,4.4000
2013-05-07,4.4000
2013-05-08,4.4000
2013-05-09,4.4000
2013-05-10,4.4000
2013-05-13,4.4000
2013-05-14,4.4000
2013-05-15,4.4000
2013-05-16,4.4000
2013-05-17,4.4000
2013-05-20,4.4000
2013-05-21,4.4000
2013-05-22,4.4000
2013-05-23,4.4000
2013-05-24,4.4000
2013-05-27,4.4000
2013-05-28,4.4000
2013-05-29,4.4000
2013-05-30,4.4000
2013-05-31,4.4000
2013-06-03,4.4000
2013-06-04,4.4000
2013-06-05,4.4000
2013-06-06,4.4000
2013-06-07,4.4000
2013-06-08,4.4000
2013-06-09,4.4000
2013-06-13,4.4000
2013-06-14,4.4000
2013-06-17,4.4000
2013-06-18,4.4000
2013-06-19,4.4000
2013-06-20,4.4005
2013-06-21,4.4156
2013-06-24,4.4210
2013-06-25,4.4295
2013-06-26,4.4215
2013-06-27,4.4198
2013-06-28,4.4148
2013-07-01,4.4125
2013-07-02,4.4070
2013-07-03,4.4022
2013-07-04,4.4000
2013-07-05,4.4000
2013-07-08,4.4000
2013-07-09,4.4000
2013-07-10,4.4000
2013-07-11,4.4000
2013-07-12,4.4000
2013-07-15,4.4000
2013-07-16,4.4000
2013-07-17,4.4000
2013-07-18,4.4000
2013-07-19,4.4000
2013-07-22,4.4000
2013-07-23,4.4000
2013-07-24,4.4000
2013-07-25,4.4000
2013-07-26,4.4000
2013-07-29,4.4000
2013-07-30,4.4000
2013-07-31,4.4000
2013-08-01,4.4000
2013-08-02,4.4000
2013-08-05,4.4000
2013-08-06,4.4000
2013-08-07,4.4000
2013-08-08,4.4000
2013-08-09,4.4000
2013-08-12,4.4000
2013-08-13,4.4000
2013-08-14,4.4000
2013-08-15,4.4000
2013-08-16,4.4000
2013-08-19,4.4000
2013-08-20,4.4000
2013-08-21,4.4000
2013-08-22,4.4000
2013-08-23,4.4000
2013-08-26,4.4000
2013-08-27,4.4000
2013-08-28,4.4000
2013-08-29,4.4000
2013-08-30,4.4000
2013-09-02,4.4000
2013-09-03,4.4000
2013-09-04,4.4000
2013-09-05,4.4000
2013-09-06,4.4000
2013-09-09,4.4000
2013-09-10,4.4000
2013-09-11,4.4000
2013-09-12,4.4000
2013-09-13,4.4000
2013-09-16,4.4000
2013-09-17,4.4000
2013-09-18,4.4000
2013-09-22,4.4000
2013-09-23,4.4000
2013-09-24,4.4000
2013-09-25,4.4000
2013-09-26,4.4000
2013-09-27,4.4000
2013-09-29,4.4000
2013-09-30,4.4000
2013-10-08,4.4000
2013-10-09,4.4000
2013-10-10,4.4000
2013-10-11,4.4000
2013-10-12,4.4000
2013-10-14,4.4000
2013-10-15,4.4000
2013-10-16,4.4000
2013-10-17,4.4000
2013-10-18,4.4000
2013-10-21,4.4000
2013-10-22,4.4000
2013-10-23,4.4000
2013-10-24,4.4000
2013-10-25,4.4000
2013-10-28,4.4000
2013-10-29,4.4000
2013-10-30,4.4000
2013-10-31,4.4000
2013-11-01,4.4000
2013-11-04,4.4000
2013-11-05,4.4000
2013-11-06,4.4000
2013-11-07,4.4000
2013-11-08,4.4000
2013-11-11,4.4000
2013-11-12,4.4000
2013-11-13,4.4000
2013-11-14,4.4000
2013-11-15,4.4000
2013-11-18,4.4000
2013-11-19,4.4000
2013-11-20,4.4000
2013-11-21,4.4000
2013-11-22,4.4000
2013-11-25,4.4000
2013-11-26,4.4000
2013-11-27,4.4000
2013-11-28,4.4000
2013-11-29,4.4000
2013-12-02,4.4000
2013-12-03,4.4000
2013-12-04,4.4000
2013-12-05,4.4000
2013-12-06,4.4050
2013-12-09,4.4689
2013-12-10,4.5237
2013-12-11,4.5771
2013-12-12,4.6247
2013-12-13,4.6657
2013-12-16,4.7045
2013-12-17,4.7335
2013-12-18,4.7634
2013-12-19,4.8013
2013-12-20,4.8353
2013-12-23,4.8656
2013-12-24,4.8856
2013-12-25,4.9034
2013-12-26,4.9203
2013-12-27,4.9361
2013-12-30,4.9485
2013-12-31,4.9606
2014-01-02,4.9677
2014-01-03,4.9757
2014-01-06,4.9824
2014-01-07,4.9869
2014-01-08,4.9904
2014-01-09,4.9929
2014-01-10,4.9934
2014-01-13,4.9955
2014-01-14,4.9977
2014-01-15,4.9997
2014-01-16,4.9999
2014-01-17,5.0002
2014-01-20,5.0001
2014-01-21,5.0001
2014-01-22,5.0001
2014-01-23,5.0001
2014-01-24,5.0001
2014-01-26,5.0001
2014-01-27,5.0001
2014-01-28,5.0001
2014-01-29,5.0001
2014-01-30,5.0001
2014-02-07,5.0001
2014-02-08,5.0001
2014-02-10,5.0001
2014-02-11,5.0001
2014-02-12,5.0001
2014-02-13,5.0007
2014-02-14,5.0001
2014-02-17,5.0001
2014-02-18,5.0001
2014-02-19,5.0001
2014-02-20,5.0001
2014-02-21,5.0001
2014-02-24,5.0001
2014-02-25,5.0001
2014-02-26,5.0001
2014-02-27,5.0001
2014-02-28,5.0001
2014-03-03,5.0001
2014-03-04,5.0001
2014-03-05,5.0001
2014-03-06,5.0001
2014-03-07,5.0001
2014-03-10,5.0000
2014-03-11,5.0000
2014-03-12,5.0000
2014-03-13,5.0000
2014-03-14,5.0000
2014-03-17,5.0000
2014-03-18,5.0000
2014-03-19,5.0000
2014-03-20,5.0000
2014-03-21,5.0000
2014-03-24,5.0000
2014-03-25,5.0000
2014-03-26,5.0000
2014-03-27,5.0000
2014-03-28,5.0000
2014-03-31,5.0000
2014-04-01,5.0000
2014-04-02,5.0000
2014-04-03,5.0000
2014-04-04,5.0000
2014-04-08,5.0000
2014-04-09,5.0000
2014-04-10,5.0000
2014-04-11,5.0000
2014-04-14,5.0000
2014-04-15,5.0000
2014-04-16,5.0000
2014-04-17,5.0000
2014-04-18,5.0000
2014-04-21,5.0000
2014-04-22,5.0000
2014-04-23,5.0000
2014-04-24,5.0000
2014-04-25,5.0000
2014-04-28,5.0000
2014-04-29,5.0000
2014-04-30,5.0000
2014-05-04,5.0000
2014-05-05,5.0000
2014-05-06,5.0000
2014-05-07,5.0000
2014-05-08,5.0000
2014-05-09,5.0000
2014-05-12,5.0000
2014-05-13,5.0000
2014-05-14,5.0000
2014-05-15,5.0000
2014-05-16,5.0100
2014-05-19,5.0110
2014-05-20,5.0030
2014-05-21,5.0026
2014-05-22,5.0014
2014-05-23,5.0013
2014-05-26,5.0012
2014-05-27,5.0002
2014-05-28,5.0001
2014-05-29,5.0001
2014-05-30,5.0000
2014-06-03,5.0000
2014-06-04,5.0000
2014-06-05,5.0000
2014-06-06,5.0000
2014-06-09,5.0000
2014-06-10,5.0000
2014-06-11,5.0000
2014-06-12,5.0000
2014-06-13,5.0000
2014-06-16,5.0000
2014-06-17,5.0000
2014-06-18,5.0000
2014-06-19,5.0000
2014-06-20,5.0000
2014-06-23,5.0000
2014-06-24,5.0000
2014-06-25,5.0000
2014-06-26,5.0000
2014-06-27,5.0000
2014-06-30,5.0000
2014-07-01,5.0000
2014-07-02,5.0000
2014-07-03,5.0000
2014-07-04,5.0000
2014-07-07,5.0000
2014-07-08,5.0000
2014-07-09,5.0000
2014-07-10,5.0000
2014-07-11,5.0000
2014-07-14,5.0000
2014-07-15,5.0000
2014-07-16,5.0000
2014-07-17,5.0000
2014-07-18,5.0000
2014-07-21,5.0000
2014-07-22,5.0000
2014-07-23,5.0000
2014-07-24,5.0000
2014-07-25,5.0000
2014-07-28,5.0000
2014-07-29,5.0000
2014-07-30,5.0000
2014-07-31,5.0000
2014-08-01,5.0000
2014-08-04,5.0000
2014-08-05,5.0000
2014-08-06,5.0000
2014-08-07,5.0000
2014-08-08,5.0000
2014-08-11,5.0000
2014-08-12,5.0000
2014-08-13,5.0000
2014-08-14,5.0000
2014-08-15,5.0000
2014-08-18,5.0000
2014-08-19,5.0000
2014-08-20,5.0000
2014-08-21,5.0000
2014-08-22,5.0000
2014-08-25,5.0000
2014-08-26,5.0000
2014-08-27,5.0000
2014-08-28,5.0000
2014-08-29,5.0000
2014-09-01,5.0000
2014-09-02,5.0000
2014-09-03,5.0000
2014-09-04,5.0000
2014-09-05,5.0000
2014-09-09,5.0000
2014-09-10,5.0000
2014-09-11,5.0000
2014-09-12,5.0000
2014-09-15,5.0000
2014-09-16,5.0000
2014-09-17,5.0000
2014-09-18,4.9990
2014-09-19,4.9975
2014-09-22,4.9965
2014-09-23,4.9925
2014-09-24,4.9915
2014-09-25,4.9915
2014-09-26,4.9905
2014-09-28,4.9915
2014-09-29,4.9905
2014-09-30,4.9905
2014-10-08,4.9893
2014-10-09,4.9878
2014-10-10,4.9850
2014-10-11,4.9837
2014-10-13,4.9825
2014-10-14,4.9811
2014-10-15,4.9783
2014-10-16,4.9745
2014-10-17,4.9707
2014-10-20,4.9679
2014-10-21,4.9633
2014-10-22,4.9602
2014-10-23,4.9588
2014-10-24,4.9557
2014-10-27,4.9517
2014-10-28,4.9502
2014-10-29,4.9500
2014-10-30,4.9501
2014-10-31,4.9500
2014-11-03,4.9500
2014-11-04,4.9500
2014-11-05,4.9500
2014-11-06,4.9498
2014-11-07,4.9483
2014-11-10,4.9459
2014-11-11,4.9373
2014-11-12,4.9080
2014-11-13,4.8910
2014-11-14,4.8800
2014-11-17,4.8712
2014-11-18,4.8632
2014-11-19,4.8565
2014-11-20,4.8526
2014-11-21,4.8513
2014-11-24,4.8051
2014-11-25,4.7560
2014-11-26,4.7341
2014-11-27,4.7144
2014-11-28,4.6994
2014-12-01,4.6881
2014-12-02,4.6758
2014-12-03,4.6666
2014-12-04,4.6586
2014-12-05,4.6487
2014-12-08,4.6418
2014-12-09,4.6421
2014-12-10,4.6443
2014-12-11,4.6448
2014-12-12,4.6491
2014-12-15,4.6500
2014-12-16,4.6552
2014-12-17,4.6649
2014-12-18,4.6726
2014-12-19,4.6823
2014-12-22,4.6873
2014-12-23,4.6993
2014-12-24,4.7045
2014-12-25,4.7059
2014-12-26,4.7088
2014-12-29,4.7109
2014-12-30,4.7182
2014-12-31,4.7304
2015-01-04,4.7385
2015-01-05,4.7429
2015-01-06,4.7455
2015-01-07,4.7476
2015-01-08,4.7488
2015-01-09,4.7490
2015-01-12,4.7500
2015-01-13,4.7500
2015-01-14,4.7500
2015-01-15,4.7521
2015-01-16,4.7521
2015-01-19,4.7555
2015-01-20,4.7635
2015-01-21,4.7680
2015-01-22,4.7720
2015-01-23,4.7738
2015-01-26,4.7748
2015-01-27,4.7758
2015-01-28,4.7788
2015-01-29,4.7790
2015-01-30,4.7830
2015-02-02,4.7848
2015-02-03,4.7856
2015-02-04,4.7886
2015-02-05,4.7830
2015-02-06,4.7793
2015-02-09,4.7790
2015-02-10,4.7790
2015-02-11,4.7800
2015-02-12,4.7834
2015-02-13,4.7855
2015-02-15,4.7876
2015-02-16,4.7888
2015-02-17,4.7868
2015-02-25,4.7886
2015-02-26,4.7878
2015-02-27,4.7888
2015-02-28,4.7879
2015-03-02,4.7829
2015-03-03,4.7805
2015-03-04,4.7812
2015-03-05,4.7802
2015-03-06,4.7821
2015-03-09,4.7803
2015-03-10,4.7801
2015-03-11,4.7801
2015-03-12,4.7801
2015-03-13,4.7800
2015-03-16,4.7801
2015-03-17,4.7801
2015-03-18,4.7801
2015-03-19,4.7801
2015-03-20,4.7800
2015-03-23,4.7800
2015-03-24,4.7800
2015-03-25,4.7801
2015-03-26,4.7800
2015-03-27,4.7800
2015-03-30,4.7800
2015-03-31,4.7800
2015-04-01,4.7800
2015-04-02,4.7800
2015-04-03,4.7800
2015-04-07,4.7800
2015-04-08,4.7800
2015-04-09,4.7798
2015-04-10,4.7785
2015-04-13,4.7774
2015-04-14,4.7773
2015-04-15,4.7773
2015-04-16,4.7753
2015-04-17,4.7758
2015-04-20,4.7553
2015-04-21,4.7265
2015-04-22,4.6935
2015-04-23,4.6688
2015-04-24,4.6430
2015-04-27,4.6278
2015-04-28,4.6075
2015-04-29,4.5965
2015-04-30,4.5816
2015-05-04,4.5628
2015-05-05,4.5455
2015-05-06,4.5330
2015-05-07,4.5150
2015-05-08,4.5000
2015-05-11,4.4530
2015-05-12,4.4150
2015-05-13,4.3845
2015-05-14,4.3115
2015-05-15,4.2410
2015-05-18,4.1710
2015-05-19,4.1150
2015-05-20,4.0240
2015-05-21,3.9480
2015-05-22,3.8660
2015-05-25,3.6920
2015-05-26,3.5740
2015-05-27,3.5110
2015-05-28,3.4630
2015-05-29,3.4440
2015-06-01,3.4300
2015-06-02,3.4175
2015-06-03,3.4080
2015-06-04,3.4020
2015-06-05,3.4000
2015-06-08,3.4000
2015-06-09,3.4000
2015-06-10,3.4000
2015-06-11,3.4000
2015-06-12,3.4000
2015-06-15,3.4000
2015-06-16,3.4000
2015-06-17,3.4000
2015-06-18,3.4000
2015-06-19,3.4000
2015-06-23,3.4000
2015-06-24,3.4000
2015-06-25,3.4000
2015-06-26,3.4000
2015-06-29,3.3920
2015-06-30,3.3920
2015-07-01,3.3865
2015-07-02,3.3870
2015-07-03,3.3870
2015-07-06,3.3870
2015-07-07,3.3860
2015-07-08,3.3858
2015-07-09,3.3867
2015-07-10,3.3868
2015-07-13,3.3897
2015-07-14,3.3901
2015-07-15,3.3911
2015-07-16,3.3912
2015-07-17,3.3912
2015-07-20,3.3912
2015-07-21,3.3912
2015-07-22,3.3912
2015-07-23,3.3912
2015-07-24,3.3922
2015-07-27,3.3923
2015-07-28,3.3924
2015-07-29,3.3923
2015-07-30,3.3924
2015-07-31,3.3924
2015-08-03,3.3924
2015-08-04,3.3924
2015-08-05,3.3934
2015-08-06,3.3935
2015-08-07,3.3935
2015-08-10,3.3935
2015-08-11,3.3935
2015-08-12,3.3925
2015-08-13,3.3925
2015-08-14,3.3925
2015-08-17,3.3925
2015-08-18,3.3945
2015-08-19,3.3947
2015-08-20,3.3957
2015-08-21,3.3987
2015-08-24,3.4000
2015-08-25,3.4000
2015-08-26,3.4000
2015-08-27,3.4000
2015-08-28,3.4000
2015-08-31,3.4010
2015-09-01,3.4040
2015-09-02,3.4010
2015-09-06,3.4010
2015-09-07,3.4010
2015-09-08,3.4090
2015-09-09,3.4143
2015-09-10,3.4100
2015-09-11,3.4110
2015-09-14,3.4110
2015-09-15,3.4120
2015-09-16,3.4130
2015-09-17,3.4130
2015-09-18,3.4130
2015-09-21,3.4130
2015-09-22,3.4130
2015-09-23,3.4130
2015-09-24,3.4130
2015-09-25,3.4130
2015-09-28,3.4130
2015-09-29,3.4130
2015-09-30,3.4130
2015-10-08,3.4140
2015-10-09,3.4140
2015-10-10,3.4140
2015-10-12,3.4140
2015-10-13,3.4130
2015-10-14,3.4140
2015-10-15,3.4150
2015-10-16,3.4150
2015-10-19,3.4160
2015-10-20,3.4180
2015-10-21,3.4190
2015-10-22,3.4180
2015-10-23,3.4180
2015-10-26,3.3920
2015-10-27,3.3840
2015-10-28,3.3710
2015-10-29,3.3640
2015-10-30,3.3575
2015-11-02,3.3550
2015-11-03,3.3540
2015-11-04,3.3510
2015-11-05,3.3500
2015-11-06,3.3500
2015-11-09,3.3500
2015-11-10,3.3510
2015-11-11,3.3500
2015-11-12,3.3500
2015-11-13,3.3508
2015-11-16,3.3508
2015-11-17,3.3500
2015-11-18,3.3500
2015-11-19,3.3500
2015-11-20,3.3500
2015-11-23,3.3503
2015-11-24,3.3503
2015-11-25,3.3500
2015-11-26,3.3503
2015-11-27,3.3500
2015-11-30,3.3500
2015-12-01,3.3500
2015-12-02,3.3500
2015-12-03,3.3500
2015-12-04,3.3500
2015-12-07,3.3500
2015-12-08,3.3500
2015-12-09,3.3500
2015-12-10,3.3500
2015-12-11,3.3500
2015-12-14,3.3500
2015-12-15,3.3500
2015-12-16,3.3500
2015-12-17,3.3500
2015-12-18,3.3500
2015-12-21,3.3503
2015-12-22,3.3500
2015-12-23,3.3500
2015-12-24,3.3500
2015-12-25,3.3500
2015-12-28,3.3500
2015-12-29,3.3500
2015-12-30,3.3500
2015-12-31,3.3500
2016-01-04,3.3500
2016-01-05,3.3500
2016-01-06,3.3470
2016-01-07,3.3460
2016-01-08,3.3450
2016-01-11,3.3440
2016-01-12,3.3400
2016-01-13,3.3345
2016-01-14,3.3180
2016-01-15,3.2950
2016-01-18,3.2705
2016-01-19,3.2500
2016-01-20,3.2530
2016-01-21,3.2530
2016-01-22,3.2560
2016-01-25,3.2590
2016-01-26,3.2682
2016-01-27,3.2650
2016-01-28,3.2650
2016-01-29,3.2650
2016-02-01,3.2650
2016-02-02,3.2650
2016-02-03,3.2620
2016-02-04,3.2530
2016-02-05,3.2500
2016-02-06,3.2510
2016-02-14,3.2510
2016-02-15,3.2500
2016-02-16,3.2500
2016-02-17,3.2500
2016-02-18,3.2500
2016-02-19,3.2340
2016-02-22,3.2190
2016-02-23,3.2100
2016-02-24,3.2040
2016-02-25,3.1970
2016-02-26,3.1920
2016-02-29,3.1860
2016-03-01,3.1735
2016-03-02,3.1450
2016-03-03,3.1340
2016-03-04,3.1250
2016-03-07,3.1210
2016-03-08,3.1120
2016-03-09,3.1060
2016-03-10,3.1010
2016-03-11,3.0955
2016-03-14,3.0930
2016-03-15,3.0910
2016-03-16,3.0900
2016-03-17,3.0780
2016-03-18,3.0685
2016-03-21,3.0635
2016-03-22,3.0580
2016-03-23,3.0555
2016-03-24,3.0550
2016-03-25,3.0550
2016-03-28,3.0550
2016-03-29,3.0540
2016-03-30,3.0520
2016-03-31,3.0510
2016-04-01,3.0510
2016-04-05,3.0500
2016-04-06,3.0490
2016-04-07,3.0480
2016-04-08,3.0470
2016-04-11,3.0420
2016-04-12,3.0430
2016-04-13,3.0420
2016-04-14,3.0420
2016-04-15,3.0440
2016-04-18,3.0420
2016-04-19,3.0430
2016-04-20,3.0420
2016-04-21,3.0420
2016-04-22,3.0420
2016-04-25,3.0420
2016-04-26,3.0420
2016-04-27,3.0420
2016-04-28,3.0420
2016-04-29,3.0420
2016-05-03,3.0422
2016-05-04,3.0420
2016-05-05,3.0420
2016-05-06,3.0420
2016-05-09,3.0420
2016-05-10,3.0420
2016-05-11,3.0430
2016-05-12,3.0440
2016-05-13,3.0450
2016-05-16,3.0470
2016-05-17,3.0490
2016-05-18,3.0500
2016-05-19,3.0500
2016-05-20,3.0500
2016-05-23,3.0500
2016-05-24,3.0500
2016-05-25,3.0500
2016-05-26,3.0500
2016-05-27,3.0500
2016-05-30,3.0500
2016-05-31,3.0500
2016-06-01,3.0500
2016-06-02,3.0500
2016-06-03,3.0500
2016-06-06,3.0500
2016-06-07,3.0500
2016-06-08,3.0500
2016-06-12,3.0500
2016-06-13,3.0500
2016-06-14,3.0500
2016-06-15,3.0500
2016-06-16,3.0500
2016-06-17,3.0500
2016-06-20,3.0510
2016-06-21,3.0510
2016-06-22,3.0510
2016-06-23,3.0510
2016-06-24,3.0510
2016-06-27,3.0510
2016-06-28,3.0510
2016-06-29,3.0510
2016-06-30,3.0500
2016-07-01,3.0500
2016-07-04,3.0500
2016-07-05,3.0500
2016-07-06,3.0500
2016-07-07,3.0500
2016-07-08,3.0500
2016-07-11,3.0500
2016-07-12,3.0500
2016-07-13,3.0490
2016-07-14,3.0470
2016-07-15,3.0470
2016-07-18,3.0480
2016-07-19,3.0480
2016-07-20,3.0450
2016-07-21,3.0460
2016-07-22,3.0440
2016-07-25,3.0410
2016-07-26,3.0410
2016-07-27,3.0410
2016-07-28,3.0390
2016-07-29,3.0380
2016-08-01,3.0378
2016-08-02,3.0358
2016-08-03,3.0335
2016-08-04,3.0300
2016-08-05,3.0280
2016-08-08,3.0260
2016-08-09,3.0250
2016-08-10,3.0260
2016-08-11,3.0270
2016-08-12,3.0260
2016-08-15,3.0278
2016-08-16,3.0260
2016-08-17,3.0260
2016-08-18,3.0260
2016-08-19,3.0270
2016-08-22,3.0267
2016-08-23,3.0260
2016-08-24,3.0270
2016-08-25,3.0270
2016-08-26,3.0270
2016-08-29,3.0270
2016-08-30,3.0250
2016-08-31,3.0270
2016-09-01,3.0260
2016-09-02,3.0265
2016-09-05,3.0255
2016-09-06,3.0265
2016-09-07,3.0265
2016-09-08,3.0255
2016-09-09,3.0255
2016-09-12,3.0265
2016-09-13,3.0265
2016-09-14,3.0265
2016-09-18,3.0275
2016-09-19,3.0275
2016-09-20,3.0275
2016-09-21,3.0275
2016-09-22,3.0275
2016-09-23,3.0275
2016-09-26,3.0265
2016-09-27,3.0265
2016-09-28,3.0265
2016-09-29,3.0265
2016-09-30,3.0265
2016-10-08,3.0275
2016-10-09,3.0275
2016-10-10,3.0275
2016-10-11,3.0275
2016-10-12,3.0275
2016-10-13,3.0275
2016-10-14,3.0275
2016-10-17,3.0275
2016-10-18,3.0275
2016-10-19,3.0280
2016-10-20,3.0280
2016-10-21,3.0280
2016-10-24,3.0290
2016-10-25,3.0300
2016-10-26,3.0300
2016-10-27,3.0310
2016-10-28,3.0320
2016-10-31,3.0320
2016-11-01,3.0320
2016-11-02,3.0350
2016-11-03,3.0380
2016-11-04,3.0408
2016-11-07,3.0410
2016-11-08,3.0410
2016-11-09,3.0415
2016-11-10,3.0440
2016-11-11,3.0450
2016-11-14,3.0480
2016-11-15,3.0490
2016-11-16,3.0540
2016-11-17,3.0605
2016-11-18,3.0712
2016-11-21,3.0782
2016-11-22,3.0825
2016-11-23,3.0853
2016-11-24,3.0976
2016-11-25,3.1088
2016-11-28,3.1199
2016-11-29,3.1310
2016-11-30,3.1491
2016-12-01,3.1600
2016-12-02,3.1730
2016-12-05,3.1853
2016-12-06,3.2066
2016-12-07,3.2197
2016-12-08,3.2310
2016-12-09,3.2391
2016-12-12,3.2460
2016-12-13,3.2606
2016-12-14,3.2741
2016-12-15,3.2855
2016-12-16,3.2986
2016-12-19,3.3059
2016-12-20,3.3186
2016-12-21,3.3349
2016-12-22,3.3455
2016-12-23,3.3546
2016-12-26,3.3575
2016-12-27,3.3598
2016-12-28,3.3610
2016-12-29,3.3675
2016-12-30,3.3728
2017-01-03,3.3833
2017-01-04,3.3904
2017-01-05,3.4311
2017-01-06,3.4882
2017-01-09,3.5329
2017-01-10,3.5533
2017-01-11,3.5674
2017-01-12,3.5838
2017-01-13,3.6014
2017-01-16,3.6102
2017-01-17,3.6321
2017-01-18,3.6513
2017-01-19,3.6602
2017-01-20,3.6691
2017-01-22,3.6770
2017-01-23,3.6847
2017-01-24,3.6905
2017-01-25,3.7136
2017-01-26,3.7396
2017-02-03,3.7860
2017-02-04,3.8214
2017-02-06,3.8542
2017-02-07,3.8820
2017-02-08,3.9019
2017-02-09,3.9168
2017-02-10,3.9352
2017-02-13,3.9530
2017-02-14,3.9680
2017-02-15,3.9846
2017-02-16,3.9906
2017-02-17,4.0005
2017-02-20,4.0064
2017-02-21,4.0102
2017-02-22,4.0225
2017-02-23,4.0305
2017-02-24,4.0362
2017-02-27,4.0407
2017-02-28,4.0467
2017-03-01,4.0497
2017-03-02,4.0492
2017-03-03,4.0510
2017-03-06,4.0511
2017-03-07,4.0527
2017-03-08,4.0536
2017-03-09,4.0539
2017-03-10,4.0551
2017-03-13,4.0614
2017-03-14,4.0678
2017-03-15,4.0818
2017-03-16,4.1052
2017-03-17,4.1246
2017-03-20,4.1435
2017-03-21,4.1559
2017-03-22,4.1649
2017-03-23,4.1717
2017-03-24,4.1835
2017-03-27,4.1874
2017-03-28,4.1918
2017-03-29,4.1952
2017-03-30,4.2006
2017-03-31,4.2000
2017-04-01,4.2000
2017-04-05,4.2000
2017-04-06,4.2000
2017-04-07,4.2000
2017-04-10,4.2010
2017-04-11,4.2010
2017-04-12,4.2011
2017-04-13,4.2022
2017-04-14,4.2013
2017-04-17,4.2022
2017-04-18,4.2023
2017-04-19,4.2113
2017-04-20,4.2121
2017-04-21,4.2145
2017-04-24,4.2175
2017-04-25,4.2228
2017-04-26,4.2243
2017-04-27,4.2255
2017-04-28,4.2296
2017-05-02,4.2330
2017-05-03,4.2453
2017-05-04,4.2503
2017-05-05,4.2512
2017-05-08,4.2555
2017-05-09,4.2612
2017-05-10,4.2674
2017-05-11,4.2715
2017-05-12,4.2724
2017-05-15,4.2739
2017-05-16,4.2784
2017-05-17,4.2831
2017-05-18,4.2864
2017-05-19,4.2925
2017-05-22,4.3024
2017-05-23,4.3137
2017-05-24,4.3220
2017-05-25,4.3342
2017-05-26,4.3435
2017-05-27,4.3544
2017-05-31,4.3579
2017-06-01,4.3700
2017-06-02,4.3773
2017-06-05,4.3862
2017-06-06,4.3922
2017-06-07,4.3991
2017-06-08,4.4060
2017-06-09,4.4116
2017-06-12,4.4172
2017-06-13,4.4208
2017-06-14,4.4231
2017-06-15,4.4264
2017-06-16,4.4297
2017-06-19,4.4310
2017-06-20,4.4368
2017-06-21,4.4359
2017-06-22,4.4342
2017-06-23,4.4345
2017-06-26,4.4369
2017-06-27,4.4330
2017-06-28,4.4299
2017-06-29,4.4193
2017-06-30,4.4203
2017-07-03,4.4193
2017-07-04,4.4162
2017-07-05,4.4130
2017-07-06,4.4108
2017-07-07,4.4091
2017-07-10,4.4073
2017-07-11,4.4075
2017-07-12,4.4066
2017-07-13,4.4074
2017-07-14,4.4051
2017-07-17,4.4050
2017-07-18,4.4034
2017-07-19,4.4008
2017-07-20,4.3976
2017-07-21,4.3977
2017-07-24,4.3960
2017-07-25,4.3935
2017-07-26,4.3904
2017-07-27,4.3908
2017-07-28,4.3892
2017-07-31,4.3881
2017-08-01,4.3931
2017-08-02,4.3961
2017-08-03,4.3982
2017-08-04,4.3979
2017-08-07,4.3980
2017-08-08,4.3970
2017-08-09,4.3980
2017-08-10,4.3985
2017-08-11,4.3985
2017-08-14,4.3981
2017-08-15,4.3999
2017-08-16,4.4000
2017-08-17,4.4000
2017-08-18,4.4010
2017-08-21,4.4020
2017-08-22,4.4032
2017-08-23,4.4041
2017-08-24,4.4051
2017-08-25,4.4068
2017-08-28,4.4078
2017-08-29,4.4107
2017-08-30,4.4133
2017-08-31,4.4038
2017-09-01,4.4023
2017-09-04,4.4017
2017-09-05,4.4032
2017-09-06,4.4034
2017-09-07,4.4055
2017-09-08,4.4059
2017-09-11,4.4033
2017-09-12,4.4009
2017-09-13,4.4010
2017-09-14,4.3990
2017-09-15,4.4015
2017-09-18,4.4012
2017-09-19,4.4032
2017-09-20,4.4040
2017-09-21,4.4031
2017-09-22,4.4028
2017-09-25,4.4033
2017-09-26,4.4040
2017-09-27,4.4048
2017-09-28,4.4049
2017-09-29,4.4043
2017-09-30,4.4040
2017-10-09,4.4030
2017-10-10,4.4030
2017-10-11,4.4025
2017-10-12,4.4010
2017-10-13,4.4017
2017-10-16,4.4012
2017-10-17,4.4015
2017-10-18,4.4018
2017-10-19,4.4016
2017-10-20,4.4032
2017-10-23,4.4032
2017-10-24,4.4017
2017-10-25,4.4029
2017-10-26,4.4049
2017-10-27,4.4045
2017-10-30,4.4107
2017-10-31,4.4176
2017-11-01,4.4223
2017-11-02,4.4287
2017-11-03,4.4338
2017-11-06,4.4364
2017-11-07,4.4402
2017-11-08,4.4422
2017-11-09,4.4497
2017-11-10,4.4573
2017-11-13,4.4661
2017-11-14,4.4778
2017-11-15,4.5018
2017-11-16,4.5432
2017-11-17,4.5704
2017-11-20,4.5750
2017-11-21,4.5835
2017-11-22,4.5904
2017-11-23,4.5971
2017-11-24,4.6018
2017-11-27,4.6072
2017-11-28,4.6138
2017-11-29,4.6194
2017-11-30,4.6290
2017-12-01,4.6329
2017-12-04,4.6383
2017-12-05,4.6459
2017-12-06,4.6486
2017-12-07,4.6519
2017-12-08,4.6562
2017-12-11,4.6607
2017-12-12,4.6651
2017-12-13,4.6716
2017-12-14,4.6862
2017-12-15,4.6997
2017-12-18,4.6970
2017-12-19,4.6987
2017-12-20,4.7219
2017-12-21,4.7382
2017-12-22,4.7489
2017-12-25,4.7605
2017-12-26,4.7631
2017-12-27,4.7594
2017-12-28,4.7610
2017-12-29,4.7581
2018-01-02,4.7470
2018-01-03,4.7360
2018-01-04,4.7286
2018-01-05,4.7249
2018-01-08,4.7200
2018-01-09,4.7200
2018-01-10,4.7200
2018-01-11,4.7230
2018-01-12,4.7233
2018-01-15,4.7253
2018-01-16,4.7296
2018-01-17,4.7320
2018-01-18,4.7332
2018-01-19,4.7384
2018-01-22,4.7429
2018-01-23,4.7423
2018-01-24,4.7423
2018-01-25,4.7423
2018-01-26,4.7423
2018-01-29,4.7423
2018-01-30,4.7423
2018-01-31,4.7423
2018-02-01,4.7463
2018-02-02,4.7457
2018-02-05,4.7446
2018-02-06,4.7465
2018-02-07,4.7450
2018-02-08,4.7455
2018-02-09,4.7456
2018-02-11,4.7456
2018-02-12,4.7456
2018-02-13,4.7456
2018-02-14,4.7440
2018-02-22,4.7434
2018-02-23,4.7420
2018-02-24,4.7420
2018-02-26,4.7420
2018-02-27,4.7422
2018-02-28,4.7420
2018-03-01,4.7420
2018-03-02,4.7420
2018-03-05,4.7420
2018-03-06,4.7420
2018-03-07,4.7420
2018-03-08,4.7418
2018-03-09,4.7418
2018-03-12,4.7418
2018-03-13,4.7418
2018-03-14,4.7418
2018-03-15,4.7418
2018-03-16,4.7418
2018-03-19,4.7418
2018-03-20,4.7418
2018-03-21,4.7418
2018-03-22,4.7370
2018-03-23,4.7248
2018-03-26,4.7233
2018-03-27,4.7188
2018-03-28,4.7148
2018-03-29,4.6780
2018-03-30,4.6508
2018-04-02,4.6250
2018-04-03,4.6033
2018-04-04,4.5800
2018-04-08,4.5590
2018-04-09,4.5489
2018-04-10,4.5420
2018-04-11,4.5380
2018-04-12,4.5360
2018-04-13,4.5350
2018-04-16,4.5340
2018-04-17,4.5370
2018-04-18,4.5000
2018-04-19,4.4480
2018-04-20,4.4190
2018-04-23,4.4090
2018-04-24,4.3940
2018-04-25,4.3800
2018-04-26,4.3830
2018-04-27,4.3850
2018-04-28,4.3820
2018-05-02,4.3760
2018-05-03,4.3640
2018-05-04,4.3570
2018-05-07,4.3490
2018-05-08,4.3480
2018-05-09,4.3460
2018-05-10,4.3460
2018-05-11,4.3480
2018-05-14,4.3530
2018-05-15,4.3550
2018-05-16,4.3630
2018-05-17,4.3660
2018-05-18,4.3700
2018-05-21,4.3710
2018-05-22,4.3710
2018-05-23,4.3730
2018-05-24,4.3710
2018-05-25,4.3730
2018-05-28,4.3760
2018-05-29,4.3810
2018-05-30,4.3850
2018-05-31,4.3880
2018-06-01,4.3910
2018-06-04,4.3930
2018-06-05,4.3940
2018-06-06,4.3940
2018-06-07,4.3950
2018-06-08,4.3970
2018-06-11,4.3980
2018-06-12,4.3990
2018-06-13,4.4000
2018-06-14,4.4000
2018-06-15,4.3990
2018-06-19,4.4000
2018-06-20,4.4000
2018-06-21,4.4000
2018-06-22,4.3980
2018-06-25,4.3850
2018-06-26,4.3810
2018-06-27,4.3700
2018-06-28,4.3520
2018-06-29,4.3310
2018-07-02,4.2980
2018-07-03,4.2238
2018-07-04,4.1490
2018-07-05,4.0820
2018-07-06,4.0390
2018-07-09,4.0090
2018-07-10,3.9940
2018-07-11,3.9760
2018-07-12,3.9690
2018-07-13,3.9610
2018-07-16,3.9620
2018-07-17,3.9690
2018-07-18,3.9690
2018-07-19,3.9620
2018-07-20,3.9530
2018-07-23,3.9230
2018-07-24,3.8970
2018-07-25,3.8510
2018-07-26,3.8120
2018-07-27,3.7810
2018-07-30,3.7370
2018-07-31,3.7120
2018-08-01,3.6820
2018-08-02,3.6260
2018-08-03,3.5510
2018-08-06,3.4750
2018-08-07,3.3950
2018-08-08,3.3140
2018-08-09,3.2560
2018-08-10,3.2440
2018-08-13,3.2350
2018-08-14,3.2650
2018-08-15,3.2850
2018-08-16,3.3290
2018-08-17,3.3640
2018-08-20,3.4060
2018-08-21,3.4460
2018-08-22,3.4910
2018-08-23,3.5120
2018-08-24,3.5110
2018-08-27,3.5120
2018-08-28,3.5140
2018-08-29,3.5090
2018-08-30,3.5060
2018-08-31,3.5030
2018-09-03,3.5020
2018-09-04,3.5000
2018-09-05,3.5000
2018-09-06,3.5000
2018-09-07,3.5000
2018-09-10,3.5000
2018-09-11,3.5010
2018-09-12,3.5130
2018-09-13,3.5210
2018-09-14,3.5225
2018-09-17,3.5160
2018-09-18,3.5140
2018-09-19,3.5130
2018-09-20,3.5120
2018-09-21,3.5160
2018-09-25,3.5200
2018-09-26,3.5230
2018-09-27,3.5260
2018-09-28,3.5270
2018-09-29,3.5210
2018-09-30,3.5210
2018-10-08,3.5120
2018-10-09,3.5040
2018-10-10,3.5020
2018-10-11,3.5060
2018-10-12,3.5050
2018-10-15,3.5050
2018-10-16,3.5050
2018-10-17,3.5050
2018-10-18,3.5040
2018-10-19,3.5070
2018-10-22,3.5160
2018-10-23,3.5320
2018-10-24,3.5440
2018-10-25,3.5520
2018-10-26,3.5500
2018-10-29,3.5500
2018-10-30,3.5500
2018-10-31,3.5500
2018-11-01,3.5500
2018-11-02,3.5500
2018-11-05,3.5500
2018-11-06,3.5500
2018-11-07,3.5510
2018-11-08,3.5500
2018-11-09,3.5520
2018-11-12,3.5530
2018-11-13,3.5580
2018-11-14,3.5540
2018-11-15,3.5500
2018-11-16,3.5530
2018-11-19,3.5510
2018-11-20,3.5430
2018-11-21,3.5440
2018-11-22,3.5350
2018-11-23,3.5290
2018-11-26,3.5250
2018-11-27,3.5270
2018-11-28,3.5280
2018-11-29,3.5278
2018-11-30,3.5270
2018-12-03,3.5270
2018-12-04,3.5270
2018-12-05,3.5260
2018-12-06,3.5250
2018-12-07,3.5250
2018-12-10,3.5260
2018-12-11,3.5210
2018-12-12,3.5220
2018-12-13,3.5200
2018-12-14,3.5200
2018-12-17,3.5200
2018-12-18,3.5220
2018-12-19,3.5240
2018-12-20,3.5240
2018-12-21,3.5170
2018-12-24,3.5170
2018-12-25,3.5180
2018-12-26,3.5200
2018-12-27,3.5200
2018-12-28,3.5210
2019-01-02,3.5110
2019-01-03,3.5070
2019-01-04,3.4970
2019-01-07,3.4660
2019-01-08,3.4310
2019-01-09,3.4010
2019-01-10,3.3770
2019-01-11,3.3500
2019-01-14,3.3370
2019-01-15,3.3240
2019-01-16,3.3140
2019-01-17,3.3040
2019-01-18,3.3020
2019-01-21,3.3000
2019-01-22,3.3000
2019-01-23,3.3000
2019-01-24,3.3000
2019-01-25,3.2940
2019-01-28,3.2910
2019-01-29,3.2820
2019-01-30,3.2710
2019-01-31,3.2520
2019-02-01,3.2410
2019-02-11,3.1980
2019-02-12,3.1720
2019-02-13,3.1460
2019-02-14,3.1190
2019-02-15,3.0950
2019-02-18,3.0810
2019-02-19,3.0730
2019-02-20,3.0690
2019-02-21,3.0630
2019-02-22,3.0630
2019-02-25,3.0590
2019-02-26,3.0590
2019-02-27,3.0610
2019-02-28,3.0600
2019-03-01,3.0590
2019-03-04,3.0580
2019-03-05,3.0550
2019-03-06,3.0530
2019-03-07,3.0540
2019-03-08,3.0570
2019-03-11,3.0600
2019-03-12,3.0660
2019-03-13,3.0660
2019-03-14,3.0720
2019-03-15,3.0770
2019-03-18,3.0820
2019-03-19,3.0860
2019-03-20,3.0880
2019-03-21,3.0910
2019-03-22,3.0920
2019-03-25,3.0860
2019-03-26,3.0800
2019-03-27,3.0740
2019-03-28,3.0620
2019-03-29,3.0510
2019-04-01,3.0470
2019-04-02,3.0420
2019-04-03,3.0440
2019-04-04,3.0470
2019-04-08,3.0470
2019-04-09,3.0470
2019-04-10,3.0530
2019-04-11,3.0600
2019-04-12,3.0670
2019-04-15,3.0720
2019-04-16,3.0770
2019-04-17,3.0910
2019-04-18,3.0960
2019-04-19,3.0950
2019-04-22,3.1010
2019-04-23,3.1060
2019-04-24,3.1080
2019-04-25,3.1190
2019-04-26,3.1290
2019-04-29,3.1470
2019-04-30,3.1590
2019-05-06,3.1560
2019-05-07,3.1540
2019-05-08,3.1510
2019-05-09,3.1510
2019-05-10,3.1510
2019-05-13,3.1520
2019-05-14,3.1530
2019-05-15,3.1530
2019-05-16,3.1570
2019-05-17,3.1620
2019-05-20,3.1670
2019-05-21,3.1770
2019-05-22,3.1850
2019-05-23,3.1900
2019-05-24,3.1980
2019-05-27,3.2020
2019-05-28,3.2050
2019-05-29,3.2060
2019-05-30,3.2050
2019-05-31,3.2060
2019-06-03,3.2080
2019-06-04,3.2080
2019-06-05,3.2090
2019-06-06,3.2120
2019-06-10,3.2150
2019-06-11,3.2130
2019-06-12,3.2170
2019-06-13,3.2200
2019-06-14,3.2250
2019-06-17,3.2280
2019-06-18,3.2310
2019-06-19,3.2180
2019-06-20,3.2070
2019-06-21,3.1900
2019-06-24,3.1700
2019-06-25,3.1380
2019-06-26,3.1120
2019-06-27,3.1050
2019-06-28,3.1030
2019-07-01,3.0990
2019-07-02,3.0960
2019-07-03,3.0960
2019-07-04,3.0940
2019-07-05,3.0840
2019-07-08,3.0860
2019-07-09,3.0870
2019-07-10,3.0890
2019-07-11,3.0880
2019-07-12,3.0910
2019-07-15,3.0930
2019-07-16,3.0960
2019-07-17,3.0990
2019-07-18,3.1010
2019-07-19,3.1010
2019-07-22,3.1000
2019-07-23,3.0970
2019-07-24,3.0960
2019-07-25,3.0960
2019-07-26,3.0960
2019-07-29,3.0980
2019-07-30,3.0980
2019-07-31,3.0980
2019-08-01,3.0960
2019-08-02,3.0960
2019-08-05,3.0940
2019-08-06,3.0870
2019-08-07,3.0830
2019-08-08,3.0805
2019-08-09,3.0785
2019-08-12,3.0755
2019-08-13,3.0785
2019-08-14,3.0830
2019-08-15,3.0825
2019-08-16,3.0775
2019-08-19,3.0740
2019-08-20,3.0680
2019-08-21,3.0640
2019-08-22,3.0590
2019-08-23,3.0560
2019-08-26,3.0550
2019-08-27,3.0550
2019-08-28,3.0550
2019-08-29,3.0545
2019-08-30,3.0510
2019-09-02,3.0500
2019-09-03,3.0520
2019-09-04,3.0510
2019-09-05,3.0520
2019-09-06,3.0520
2019-09-09,3.0510
2019-09-10,3.0460
2019-09-11,3.0430
2019-09-12,3.0420
2019-09-16,3.0430
2019-09-17,3.0430
2019-09-18,3.0440
2019-09-19,3.0450
2019-09-20,3.0460
2019-09-23,3.0480
2019-09-24,3.0480
2019-09-25,3.0470
2019-09-26,3.0480
2019-09-27,3.0480
2019-09-30,3.0480
2019-10-08,3.0480
2019-10-09,3.0470
2019-10-10,3.0490
2019-10-11,3.0500
2019-10-14,3.0490
2019-10-15,3.0490
2019-10-16,3.0480
2019-10-17,3.0500
2019-10-18,3.0510
2019-10-21,3.0540
2019-10-22,3.0570
2019-10-23,3.0610
2019-10-24,3.0610
2019-10-25,3.0630
2019-10-28,3.0630
2019-10-29,3.0670
2019-10-30,3.0740
2019-10-31,3.0760
2019-11-01,3.0790
2019-11-04,3.0840
2019-11-05,3.0860
2019-11-06,3.0880
2019-11-07,3.0900
2019-11-08,3.0930
2019-11-11,3.0940
2019-11-12,3.0990
2019-11-13,3.1010
2019-11-14,3.1080
2019-11-15,3.1160
2019-11-18,3.1190
2019-11-19,3.1190
2019-11-20,3.1250
2019-11-21,3.1270
2019-11-22,3.1210
2019-11-25,3.1190
2019-11-26,3.1180
2019-11-27,3.1190
2019-11-28,3.1190
2019-11-29,3.1220
2019-12-02,3.1220
2019-12-03,3.1220
2019-12-04,3.1210
2019-12-05,3.1210
2019-12-06,3.1210
2019-12-09,3.1230
2019-12-10,3.1220
2019-12-11,3.1230
2019-12-12,3.1220
2019-12-13,3.1220
2019-12-16,3.1220
2019-12-17,3.1230
2019-12-18,3.1240
2019-12-19,3.1240
2019-12-20,3.1220
2019-12-23,3.1200
2019-12-24,3.1145
2019-12-25,3.1140
2019-12-26,3.1110
2019-12-27,3.1050
2019-12-30,3.1015
2019-12-31,3.1005
2020-01-02,3.0860
2020-01-03,3.0710
2020-01-06,3.0500
2020-01-07,3.0400
2020-01-08,3.0320
2020-01-09,3.0210
2020-01-10,3.0150
2020-01-13,3.0140
2020-01-14,3.0130
2020-01-15,3.0120
2020-01-16,3.0070
2020-01-17,3.0050
2020-01-19,2.9970
2020-01-20,2.9970
2020-01-21,2.9950
2020-01-22,2.9950
2020-01-23,2.9950
2020-02-03,2.9800
2020-02-04,2.9590
2020-02-05,2.9360
2020-02-06,2.9130
2020-02-07,2.8970
2020-02-10,2.8770
2020-02-11,2.8560
2020-02-12,2.8450
2020-02-13,2.8340
2020-02-14,2.8170
2020-02-17,2.8070
2020-02-18,2.7860
2020-02-19,2.7730
2020-02-20,2.7670
2020-02-21,2.7600
2020-02-24,2.7550
2020-02-25,2.7520
2020-02-26,2.7440
2020-02-27,2.7400
2020-02-28,2.7350
2020-03-02,2.7220
2020-03-03,2.7060
2020-03-04,2.6790
2020-03-05,2.6510
2020-03-06,2.6160
2020-03-09,2.5910
2020-03-10,2.5860
2020-03-11,2.5570
2020-03-12,2.5340
2020-03-13,2.5130
2020-03-16,2.4910
2020-03-17,2.4820
2020-03-18,2.4640
2020-03-19,2.4510
2020-03-20,2.4380
2020-03-23,2.4100
2020-03-24,2.3920
2020-03-25,2.3550
2020-03-26,2.3240
2020-03-27,2.3050
2020-03-30,2.2740
2020-03-31,2.2500
2020-04-01,2.2260
2020-04-02,2.2020
2020-04-03,2.1650
2020-04-07,2.0700
2020-04-08,1.9510
2020-04-09,1.8550
2020-04-10,1.7940
2020-04-13,1.7580
2020-04-14,1.7330
2020-04-15,1.7120
2020-04-16,1.6940
2020-04-17,1.6830
2020-04-20,1.6740
2020-04-21,1.6740
2020-04-22,1.6760
2020-04-23,1.6830
2020-04-24,1.6830
2020-04-27,1.6820
2020-04-28,1.6810
2020-04-29,1.6810
2020-04-30,1.6830
2020-05-06,1.6840
2020-05-07,1.6830
2020-05-08,1.6830
2020-05-09,1.6860
2020-05-11,1.6900
2020-05-12,1.6950
2020-05-13,1.6960
2020-05-14,1.6980
2020-05-15,1.7000
2020-05-18,1.6990
2020-05-19,1.6980
2020-05-20,1.6990
2020-05-21,1.7010
2020-05-22,1.7040
2020-05-25,1.7100
2020-05-26,1.7230
2020-05-27,1.7390
2020-05-28,1.7480
2020-05-29,1.7740
2020-06-01,1.7880
2020-06-02,1.8010
2020-06-03,1.8260
2020-06-04,1.8510
2020-06-05,1.9030
2020-06-08,1.9570
2020-06-09,2.0070
2020-06-10,2.0530
2020-06-11,2.1380
2020-06-12,2.1890
2020-06-15,2.2070
2020-06-16,2.2300
2020-06-17,2.2660
2020-06-18,2.2850
2020-06-19,2.3000
2020-06-22,2.3080
2020-06-23,2.3250
2020-06-24,2.3440
2020-06-29,2.3500
2020-06-30,2.3580
2020-07-01,2.3610
2020-07-02,2.3680
2020-07-03,2.3760
2020-07-06,2.3840
2020-07-07,2.3920
2020-07-08,2.4040
2020-07-09,2.4200
2020-07-10,2.4330
2020-07-13,2.4550
2020-07-14,2.4800
2020-07-15,2.5160
2020-07-16,2.5740
2020-07-17,2.6370
2020-07-20,2.6710
2020-07-21,2.7270
2020-07-22,2.7580
2020-07-23,2.7830
2020-07-24,2.7960
2020-07-27,2.8040
2020-07-28,2.8070
2020-07-29,2.8150
2020-07-30,2.8200
2020-07-31,2.8280
2020-08-03,2.8280
2020-08-04,2.8370
2020-08-05,2.8460
2020-08-06,2.8500
2020-08-07,2.8520
2020-08-10,2.8530
2020-08-11,2.8550
2020-08-12,2.8620
2020-08-13,2.8660
2020-08-14,2.8720
2020-08-17,2.8780
2020-08-18,2.8860
2020-08-19,2.8930
2020-08-20,2.8960
2020-08-21,2.9000
2020-08-24,2.9010
2020-08-25,2.9050
2020-08-26,2.9070
2020-08-27,2.9170
2020-08-28,2.9220
2020-08-31,2.9330
2020-09-01,2.9420
2020-09-02,2.9450
2020-09-03,2.9510
2020-09-04,2.9530
2020-09-07,2.9650
2020-09-08,2.9820
2020-09-09,2.9880
2020-09-10,2.9920
2020-09-11,2.9990
2020-09-14,3.0020
2020-09-15,3.0030
2020-09-16,3.0000
2020-09-17,3.0000
2020-09-18,3.0000
2020-09-21,3.0010
2020-09-22,3.0020
2020-09-23,3.0020
2020-09-24,3.0080
2020-09-25,3.0090
2020-09-28,3.0100
2020-09-29,3.0160
2020-09-30,3.0210
2020-10-09,3.0240
2020-10-12,3.0310
2020-10-13,3.0390
2020-10-14,3.0450
2020-10-15,3.0570
2020-10-16,3.0660
2020-10-19,3.0740
2020-10-20,3.0810
2020-10-21,3.0900
2020-10-22,3.1010
2020-10-23,3.1160
2020-10-26,3.1310
2020-10-27,3.1460
2020-10-28,3.1570
2020-10-29,3.1670
2020-10-30,3.1800
2020-11-02,3.1870
2020-11-03,3.1920
2020-11-04,3.1940
2020-11-05,3.1960
2020-11-06,3.1990
2020-11-09,3.2000
2020-11-10,3.2010
2020-11-11,3.2010
2020-11-12,3.2040
2020-11-13,3.2050
2020-11-16,3.2070
2020-11-17,3.2100
2020-11-18,3.2200
2020-11-19,3.2300
2020-11-20,3.2420
2020-11-23,3.2530
2020-11-24,3.2550
2020-11-25,3.2660
2020-11-26,3.2780
2020-11-27,3.2890
2020-11-30,3.2910
2020-12-01,3.2740
2020-12-02,3.2650
2020-12-03,3.2610
2020-12-04,3.2578
2020-12-07,3.2570
2020-12-08,3.2590
2020-12-09,3.2560
2020-12-10,3.2470
2020-12-11,3.2390
2020-12-14,3.2310
2020-12-15,3.2000
2020-12-16,3.1490
2020-12-17,3.0990
2020-12-18,3.0660
2020-12-21,3.0470
2020-12-22,3.0400
2020-12-23,3.0330
2020-12-24,3.0290
2020-12-25,3.0150
2020-12-28,3.0090
2020-12-29,3.0010
2020-12-30,3.0000
2020-12-31,3.0000
2021-01-04,2.9930
2021-01-05,2.9850
2021-01-06,2.9620
2021-01-07,2.9360
2021-01-08,2.9100
2021-01-11,2.8890
2021-01-12,2.8800
2021-01-13,2.8710
2021-01-14,2.8640
2021-01-15,2.8590
2021-01-18,2.8570
2021-01-19,2.8580
2021-01-20,2.8660
2021-01-21,2.8750
2021-01-22,2.8830
2021-01-25,2.8920
2021-01-26,2.9060
2021-01-27,2.9360
2021-01-28,2.9620
2021-01-29,2.9890
2021-02-01,2.9980
2021-02-02,3.0030
2021-02-03,3.0020
2021-02-04,3.0020
2021-02-05,3.0070
2021-02-08,3.0240
2021-02-09,3.0340
2021-02-10,3.0380
2021-02-18,3.0380
2021-02-19,3.0520
2021-02-22,3.0760
2021-02-23,3.0850
2021-02-24,3.0940
2021-02-25,3.1010
2021-02-26,3.1040
2021-03-01,3.1050
2021-03-02,3.1060
2021-03-03,3.1030
2021-03-04,3.1040
2021-03-05,3.1020
2021-03-08,3.1020
2021-03-09,3.1020
2021-03-10,3.1020
2021-03-11,3.1020
2021-03-12,3.1010
2021-03-15,3.1020
2021-03-16,3.1020
2021-03-17,3.1000
2021-03-18,3.1000
2021-03-19,3.1000
2021-03-22,3.0970
2021-03-23,3.0940
2021-03-24,3.0900
2021-03-25,3.0890
2021-03-26,3.0860
2021-03-29,3.0830
2021-03-30,3.0810
2021-03-31,3.0800
2021-04-01,3.0800
2021-04-02,3.0790
2021-04-06,3.0720
2021-04-07,3.0680
2021-04-08,3.0620
2021-04-09,3.0590
2021-04-12,3.0550
2021-04-13,3.0510
2021-04-14,3.0420
2021-04-15,3.0370
2021-04-16,3.0320
2021-04-19,3.0260
2021-04-20,3.0200
2021-04-21,3.0090
2021-04-22,3.0010
2021-04-23,3.0000
2021-04-26,2.9870
2021-04-27,2.9810
2021-04-28,2.9800
2021-04-29,2.9780
2021-04-30,2.9720
2021-05-06,2.9660
2021-05-07,2.9590
2021-05-10,2.9470
2021-05-11,2.9430
2021-05-12,2.9380
2021-05-13,2.9320
2021-05-14,2.9310
2021-05-17,2.9320
2021-05-18,2.9300
2021-05-19,2.9320
2021-05-20,2.9310
2021-05-21,2.9290
2021-05-24,2.9250
2021-05-25,2.9240
2021-05-26,2.9210
2021-05-27,2.9150
2021-05-28,2.9120
2021-05-31,2.9110
2021-06-01,2.9100
2021-06-02,2.9070
2021-06-03,2.8990
2021-06-04,2.8870
2021-06-07,2.8870
2021-06-08,2.8840
2021-06-09,2.8840
2021-06-10,2.8810
2021-06-11,2.8830
2021-06-15,2.8840
2021-06-16,2.8860
2021-06-17,2.8910
2021-06-18,2.8950
2021-06-21,2.9020
2021-06-22,2.9050
2021-06-23,2.9060
2021-06-24,2.9070
2021-06-25,2.9040
2021-06-28,2.9040
2021-06-29,2.9040
2021-06-30,2.9040
2021-07-01,2.9010
2021-07-02,2.8990
2021-07-05,2.8960
2021-07-06,2.8980
2021-07-07,2.8960
2021-07-08,2.8720
2021-07-09,2.8680
2021-07-12,2.8580
2021-07-13,2.8430
2021-07-14,2.8330
2021-07-15,2.8220
2021-07-16,2.8140
2021-07-19,2.8080
2021-07-20,2.8050
2021-07-21,2.8010
2021-07-22,2.7990
2021-07-23,2.7970
2021-07-26,2.7930
2021-07-27,2.7960
2021-07-28,2.7960
2021-07-29,2.7880
2021-07-30,2.7890
2021-08-02,2.7800
2021-08-03,2.7660
2021-08-04,2.7500
2021-08-05,2.7360
2021-08-06,2.7280
2021-08-09,2.7200
2021-08-10,2.7160
2021-08-11,2.7130
2021-08-12,2.7100
2021-08-13,2.7100
2021-08-16,2.7080
2021-08-17,2.7040
2021-08-18,2.7000
2021-08-19,2.7000
2021-08-20,2.7000
2021-08-23,2.7000
2021-08-24,2.7000
2021-08-25,2.7000
2021-08-26,2.7000
2021-08-27,2.7000
2021-08-30,2.7000
2021-08-31,2.7000
2021-09-01,2.7000
2021-09-02,2.6990
2021-09-03,2.6990
2021-09-06,2.6980
2021-09-07,2.6980
2021-09-08,2.6990
2021-09-09,2.6980
2021-09-10,2.6980
2021-09-13,2.6990
2021-09-14,2.6990
2021-09-15,2.7000
2021-09-16,2.7000
2021-09-17,2.7000
2021-09-22,2.7000
2021-09-23,2.7000
2021-09-24,2.7000
2021-09-27,2.7080
2021-09-28,2.7130
2021-09-29,2.7180
2021-09-30,2.7220
2021-10-08,2.7220
2021-10-11,2.7180
2021-10-12,2.7160
2021-10-13,2.7170
2021-10-14,2.7250
2021-10-15,2.7265
2021-10-18,2.7340
2021-10-19,2.7380
2021-10-20,2.7460
2021-10-21,2.7530
2021-10-22,2.7580
2021-10-25,2.7590
2021-10-26,2.7660
2021-10-27,2.7730
2021-10-28,2.7780
2021-10-29,2.7820
2021-11-01,2.7830
2021-11-02,2.7830
2021-11-03,2.7840
2021-11-04,2.7840
2021-11-05,2.7800
2021-11-08,2.7790
2021-11-09,2.7740
2021-11-10,2.7690
2021-11-11,2.7680
2021-11-12,2.7670
2021-11-15,2.7630
2021-11-16,2.7620
2021-11-17,2.7590
2021-11-18,2.7570
2021-11-19,2.7560
2021-11-22,2.7560
2021-11-23,2.7570
2021-11-24,2.7560
2021-11-25,2.7560
2021-11-26,2.7540
2021-11-29,2.7520
2021-11-30,2.7530
2021-12-01,2.7520
2021-12-02,2.7520
2021-12-03,2.7510
2021-12-06,2.7460
2021-12-07,2.7430
2021-12-08,2.7400
2021-12-09,2.7380
2021-12-10,2.7360
2021-12-13,2.7370
2021-12-14,2.7360
2021-12-15,2.7360
2021-12-16,2.7360
2021-12-17,2.7350
2021-12-20,2.7350
2021-12-21,2.7380
2021-12-22,2.7390
2021-12-23,2.7380
2021-12-24,2.7370
2021-12-27,2.7370
2021-12-28,2.7380
2021-12-29,2.7370
2021-12-30,2.7370
2021-12-31,2.7360
2022-01-04,2.7360
2022-01-05,2.7370
2022-01-06,2.7340
2022-01-07,2.7290
2022-01-10,2.7260
2022-01-11,2.7260
2022-01-12,2.7240
2022-01-13,2.7210
2022-01-14,2.7180
2022-01-17,2.7110
2022-01-18,2.7060
2022-01-19,2.6960
2022-01-20,2.6860
2022-01-21,2.6820
2022-01-24,2.6780
2022-01-25,2.6740
2022-01-26,2.6680
2022-01-27,2.6640
2022-01-28,2.6600
2022-02-07,2.6570
2022-02-08,2.6550
2022-02-09,2.6540
2022-02-10,2.6390
2022-02-11,2.6290
2022-02-14,2.6200
2022-02-15,2.6130
2022-02-16,2.6040
2022-02-17,2.5960
2022-02-18,2.5860
2022-02-21,2.5790
2022-02-22,2.5730
2022-02-23,2.5690
2022-02-24,2.5670
2022-02-25,2.5700
2022-02-28,2.5650
2022-03-01,2.5660
2022-03-02,2.5630
2022-03-03,2.5660
2022-03-04,2.5660
2022-03-07,2.5660
2022-03-08,2.5680
2022-03-09,2.5710
2022-03-10,2.5750
2022-03-11,2.5780
2022-03-14,2.5790
2022-03-15,2.5810
2022-03-16,2.5860
2022-03-17,2.5930
2022-03-18,2.5940
2022-03-21,2.5950
2022-03-22,2.6000
2022-03-23,2.6010
2022-03-24,2.6010
2022-03-25,2.6030
2022-03-28,2.6040
2022-03-29,2.6050
2022-03-30,2.6060
2022-03-31,2.6060
2022-04-01,2.6060
2022-04-06,2.6050
2022-04-07,2.5930
2022-04-08,2.5860
2022-04-11,2.5820
2022-04-12,2.5770
2022-04-13,2.5750
2022-04-14,2.5720
2022-04-15,2.5670
2022-04-18,2.5620
2022-04-19,2.5580
2022-04-20,2.5550
2022-04-21,2.5490
2022-04-22,2.5400
2022-04-24,2.5300
2022-04-25,2.5160
2022-04-26,2.5070
2022-04-27,2.4970
2022-04-28,2.4840
2022-04-29,2.4740
2022-05-05,2.4740
2022-05-06,2.4680
2022-05-07,2.4620
2022-05-09,2.4500
2022-05-10,2.4420
2022-05-11,2.4310
2022-05-12,2.4200
2022-05-13,2.4080
2022-05-16,2.3930
2022-05-17,2.3770
2022-05-18,2.3590
2022-05-19,2.3430
2022-05-20,2.3370
2022-05-23,2.3310
2022-05-24,2.3230
2022-05-25,2.3260
2022-05-26,2.3250
2022-05-27,2.3230
2022-05-30,2.3190
2022-05-31,2.3180
2022-06-01,2.3170
2022-06-02,2.3230
2022-06-06,2.3320
2022-06-07,2.3490
2022-06-08,2.3570
2022-06-09,2.3650
2022-06-10,2.3690
2022-06-13,2.3730
2022-06-14,2.3770
2022-06-15,2.3810
2022-06-16,2.3810
2022-06-17,2.3780
2022-06-20,2.3740
2022-06-21,2.3720
2022-06-22,2.3690
2022-06-23,2.3670
2022-06-24,2.3640
2022-06-27,2.3600
2022-06-28,2.3630
2022-06-29,2.3620
2022-06-30,2.3630
2022-07-01,2.3630
2022-07-04,2.3600
2022-07-05,2.3590
2022-07-06,2.3550
2022-07-07,2.3540
2022-07-08,2.3490
2022-07-11,2.3460
2022-07-12,2.3440
2022-07-13,2.3370
2022-07-14,2.3330
2022-07-15,2.3260
2022-07-18,2.3220
2022-07-19,2.3100
2022-07-20,2.2980
2022-07-21,2.2840
2022-07-22,2.2660
2022-07-25,2.2560
2022-07-26,2.2460
2022-07-27,2.2360
2022-07-28,2.2260
2022-07-29,2.2180
2022-08-01,2.1930
2022-08-02,2.1510
2022-08-03,2.1190
2022-08-04,2.0790
2022-08-05,2.0430
2022-08-08,2.0130
2022-08-09,1.9970
2022-08-10,1.9880
2022-08-11,1.9900
2022-08-12,1.9950
2022-08-15,1.9780
2022-08-16,1.9650
2022-08-17,1.9640
2022-08-18,1.9610
2022-08-19,1.9610
2022-08-22,1.9600
2022-08-23,1.9590
2022-08-24,1.9600
2022-08-25,1.9630
2022-08-26,1.9690
2022-08-29,1.9730
2022-08-30,1.9730
2022-08-31,1.9740
2022-09-01,1.9720
2022-09-02,1.9700
2022-09-05,1.9710
2022-09-06,1.9710
2022-09-07,1.9710
2022-09-08,1.9710
2022-09-09,1.9690
2022-09-13,1.9720
2022-09-14,1.9740
2022-09-15,1.9740
2022-09-16,1.9770
2022-09-19,1.9840
2022-09-20,1.9900
2022-09-21,1.9960
2022-09-22,1.9960
2022-09-23,1.9950
2022-09-26,1.9950
2022-09-27,2.0000
2022-09-28,2.0060
2022-09-29,2.0110
2022-09-30,2.0160
2022-10-08,2.0090
2022-10-09,2.0060
2022-10-10,2.0040
2022-10-11,2.0040
2022-10-12,2.0020
2022-10-13,2.0030
2022-10-14,2.0030
2022-10-17,2.0040
2022-10-18,2.0040
2022-10-19,2.0050
2022-10-20,2.0080
2022-10-21,2.0140
2022-10-24,2.0200
2022-10-25,2.0270
2022-10-26,2.0340
2022-10-27,2.0360
2022-10-28,2.0360
2022-10-31,2.0370
2022-11-01,2.0380
2022-11-02,2.0390
2022-11-03,2.0400
2022-11-04,2.0430
2022-11-07,2.0490
2022-11-08,2.0540
2022-11-09,2.0620
2022-11-10,2.0760
2022-11-11,2.0920
2022-11-14,2.1330
2022-11-15,2.2240
2022-11-16,2.3490
2022-11-17,2.4360
2022-11-18,2.4490
2022-11-21,2.4630
2022-11-22,2.4760
2022-11-23,2.4820
2022-11-24,2.4370
2022-11-25,2.4190
2022-11-28,2.4170
2022-11-29,2.4230
2022-11-30,2.4350
2022-12-01,2.4450
2022-12-02,2.4540
2022-12-05,2.4600
2022-12-06,2.4650
2022-12-07,2.4760
2022-12-08,2.4880
2022-12-09,2.5000
2022-12-12,2.5140
2022-12-13,2.5320
2022-12-14,2.5470
2022-12-15,2.5690
2022-12-16,2.5870
2022-12-19,2.5960
2022-12-20,2.6030
2022-12-21,2.6130
2022-12-22,2.6170
2022-12-23,2.6260
2022-12-26,2.6230
2022-12-27,2.6200
2022-12-28,2.6200
2022-12-29,2.6190
2022-12-30,2.6190
2023-01-03,2.6110
2023-01-04,2.5770
2023-01-05,2.5420
2023-01-06,2.5230
2023-01-09,2.5180
2023-01-10,2.5230
2023-01-11,2.5400
2023-01-12,2.5500
2023-01-13,2.5530
2023-01-16,2.5590
2023-01-17,2.5710
2023-01-18,2.5790
2023-01-19,2.5840
2023-01-20,2.5830
2023-01-28,2.5810
2023-01-29,2.5770
2023-01-30,2.5780
2023-01-31,2.5800
2023-02-01,2.5810
2023-02-02,2.5840
2023-02-03,2.5900
2023-02-06,2.5970
2023-02-07,2.6050
2023-02-08,2.6130
2023-02-09,2.6180
2023-02-10,2.6210
2023-02-13,2.6210
2023-02-14,2.6230
2023-02-15,2.6240
2023-02-16,2.6260
2023-02-17,2.6350
2023-02-20,2.6430
2023-02-21,2.6480
2023-02-22,2.6600
2023-02-23,2.6680
2023-02-24,2.6800
2023-02-27,2.6920
2023-02-28,2.7040
2023-03-01,2.7110
2023-03-02,2.7180
2023-03-03,2.7250
2023-03-06,2.7320
2023-03-07,2.7380
2023-03-08,2.7450
2023-03-09,2.7500
2023-03-10,2.7500
2023-03-13,2.7490
2023-03-14,2.7460
2023-03-15,2.7450
2023-03-16,2.7440
2023-03-17,2.7400
2023-03-20,2.7230
2023-03-21,2.6990
2023-03-22,2.6870
2023-03-23,2.6830
2023-03-24,2.6780
2023-03-27,2.6760
2023-03-28,2.6740
2023-03-29,2.6710
2023-03-30,2.6670
2023-03-31,2.6660
2023-04-03,2.6600
2023-04-04,2.6540
2023-04-06,2.6480
2023-04-07,2.6490
2023-04-10,2.6500
2023-04-11,2.6500
2023-04-12,2.6500
2023-04-13,2.6500
2023-04-14,2.6500
2023-04-17,2.6490
2023-04-18,2.6500
2023-04-19,2.6500
2023-04-20,2.6490
2023-04-21,2.6490
2023-04-23,2.6490
2023-04-24,2.6490
2023-04-25,2.6490
2023-04-26,2.6490
2023-04-27,2.6480
2023-04-28,2.6450
2023-05-04,2.6360
2023-05-05,2.6180
2023-05-06,2.6030
2023-05-08,2.5960
2023-05-09,2.5830
2023-05-10,2.5690
2023-05-11,2.5480
2023-05-12,2.5240
2023-05-15,2.5080
2023-05-16,2.4960
2023-05-17,2.4900
2023-05-18,2.4900
2023-05-19,2.4890
2023-05-22,2.4890
2023-05-23,2.4840
2023-05-24,2.4810
2023-05-25,2.4780
2023-05-26,2.4780
2023-05-29,2.4740
2023-05-30,2.4680
2023-05-31,2.4640
2023-06-01,2.4530
2023-06-02,2.4350
2023-06-05,2.4270
2023-06-06,2.4220
2023-06-07,2.4140
2023-06-08,2.4090
2023-06-09,2.4040
2023-06-12,2.3970
2023-06-13,2.3810
2023-06-14,2.3630
2023-06-15,2.3460
2023-06-16,2.3480
2023-06-19,2.3540
2023-06-20,2.3570
2023-06-21,2.3600
2023-06-25,2.3600
2023-06-26,2.3660
2023-06-27,2.3740
2023-06-28,2.3760
2023-06-29,2.3800
2023-06-30,2.3790
2023-07-03,2.3770
2023-07-04,2.3770
2023-07-05,2.3750
2023-07-06,2.3680
2023-07-07,2.3600
2023-07-10,2.3520
2023-07-11,2.3490
2023-07-12,2.3450
2023-07-13,2.3410
2023-07-14,2.3420
2023-07-17,2.3410
2023-07-18,2.3400
2023-07-19,2.3400
2023-07-20,2.3400
2023-07-21,2.3390
2023-07-24,2.3380
2023-07-25,2.3380
2023-07-26,2.3380
2023-07-27,2.3380
2023-07-28,2.3370
2023-07-31,2.3370
2023-08-01,2.3370
2023-08-02,2.3350
2023-08-03,2.3310
2023-08-04,2.3250
2023-08-07,2.3220
2023-08-08,2.3160
2023-08-09,2.3140
2023-08-10,2.3080
2023-08-11,2.3060
2023-08-14,2.3040
2023-08-15,2.2900
2023-08-16,2.2850
2023-08-17,2.2800
2023-08-18,2.2730
2023-08-21,2.2680
2023-08-22,2.2630
2023-08-23,2.2580
2023-08-24,2.2560
2023-08-25,2.2570
2023-08-28,2.2620
2023-08-29,2.2700
2023-08-30,2.2760
2023-08-31,2.2800
2023-09-01,2.2830
2023-09-04,2.2850
2023-09-05,2.2870
2023-09-06,2.2950
2023-09-07,2.3040
2023-09-08,2.3090
2023-09-11,2.3210
2023-09-12,2.3310
2023-09-13,2.3390
2023-09-14,2.3470
2023-09-15,2.3610
2023-09-18,2.3740
2023-09-19,2.3880
2023-09-20,2.4020
2023-09-21,2.4090
2023-09-22,2.4120
2023-09-25,2.4160
2023-09-26,2.4320
2023-09-27,2.4400
2023-09-28,2.4460
2023-10-07,2.4460
2023-10-08,2.4470
2023-10-09,2.4470
2023-10-10,2.4520
2023-10-11,2.4570
2023-10-12,2.4630
2023-10-13,2.4660
2023-10-16,2.4740
2023-10-17,2.4820
2023-10-18,2.4900
2023-10-19,2.4970
2023-10-20,2.5020
2023-10-23,2.5040
2023-10-24,2.5070
2023-10-25,2.5120
2023-10-26,2.5120
2023-10-27,2.5150
2023-10-30,2.5230
2023-10-31,2.5300
2023-11-01,2.5360
2023-11-02,2.5410
2023-11-03,2.5430
2023-11-06,2.5440
2023-11-07,2.5460
2023-11-08,2.5520
2023-11-09,2.5530
2023-11-10,2.5600
2023-11-13,2.5610
2023-11-14,2.5620
2023-11-15,2.5620
2023-11-16,2.5620
2023-11-17,2.5622
2023-11-20,2.5610
2023-11-21,2.5610
2023-11-22,2.5620
2023-11-23,2.5610
2023-11-24,2.5610
2023-11-27,2.5630
2023-11-28,2.5640
2023-11-29,2.5640
2023-11-30,2.5640
2023-12-01,2.5650
2023-12-04,2.5670
2023-12-05,2.5710
2023-12-06,2.5770
2023-12-07,2.6000
2023-12-08,2.6210
2023-12-11,2.6350
2023-12-12,2.6440
2023-12-13,2.6470
2023-12-14,2.6490
2023-12-15,2.6490
2023-12-18,2.6490
2023-12-19,2.6500
2023-12-20,2.6500
2023-12-21,2.6510
2023-12-22,2.6520
2023-12-25,2.6500
2023-12-26,2.6490
2023-12-27,2.6410
2023-12-28,2.6110
2023-12-29,2.5810
2024-01-02,2.5320
2024-01-03,2.5090
2024-01-04,2.4960
2024-01-05,2.4910
2024-01-08,2.4850
2024-01-09,2.4800
2024-01-10,2.4770
2024-01-11,2.4760
2024-01-12,2.4750
2024-01-15,2.4720
2024-01-16,2.4690
2024-01-17,2.4700
2024-01-18,2.4690
2024-01-19,2.4690
2024-01-22,2.4680
2024-01-23,2.4680
2024-01-24,2.4680
2024-01-25,2.4680
2024-01-26,2.4660
2024-01-29,2.4660
2024-01-30,2.4590
2024-01-31,2.4490
2024-02-01,2.4430
2024-02-02,2.4310
2024-02-04,2.4250
2024-02-05,2.4160
2024-02-06,2.4090
2024-02-07,2.4030
2024-02-08,2.3970
2024-02-09,2.3960
2024-02-18,2.3860
2024-02-19,2.3830
2024-02-20,2.3660
2024-02-21,2.3480
2024-02-22,2.3320
2024-02-23,2.3220
2024-02-26,2.3140
2024-02-27,2.3080
2024-02-28,2.3044
2024-02-29,2.3000
2024-03-01,2.2900
2024-03-04,2.2780
2024-03-05,2.2750
2024-03-06,2.2730
2024-03-07,2.2660
2024-03-08,2.2600
2024-03-11,2.2570
2024-03-12,2.2610
2024-03-13,2.2680
2024-03-14,2.2730
2024-03-15,2.2740
2024-03-18,2.2740
2024-03-19,2.2730
2024-03-20,2.2700
2024-03-21,2.2670
2024-03-22,2.2655
2024-03-25,2.2660
2024-03-26,2.2660
2024-03-27,2.2660
2024-03-28,2.2670
2024-03-29,2.2680
2024-04-01,2.2650
2024-04-02,2.2620
2024-04-03,2.2560
2024-04-07,2.2530
2024-04-08,2.2470
2024-04-09,2.2360
2024-04-10,2.2300
2024-04-11,2.2220
2024-04-12,2.2040
2024-04-15,2.1750
2024-04-16,2.1600
2024-04-17,2.1510
2024-04-18,2.1430
2024-04-19,2.1290
2024-04-22,2.1080
2024-04-23,2.0910
2024-04-24,2.0840
2024-04-25,2.0740
2024-04-26,2.0820
2024-04-28,2.0870
2024-04-29,2.1120
2024-04-30,2.1090
2024-05-06,2.1110
2024-05-07,2.1080
2024-05-08,2.1035
2024-05-09,2.1020
2024-05-10,2.1000
2024-05-11,2.1000
2024-05-13,2.1000
2024-05-14,2.0990
2024-05-15,2.0990
2024-05-16,2.0950
2024-05-17,2.0960
2024-05-20,2.0990
2024-05-21,2.1000
2024-05-22,2.1000
2024-05-23,2.1000
2024-05-24,2.1000
2024-05-27,2.1020
2024-05-28,2.1010
2024-05-29,2.1000
2024-05-30,2.1000
2024-05-31,2.0990
2024-06-03,2.0990
2024-06-04,2.0970
2024-06-05,2.0950
2024-06-06,2.0890
2024-06-07,2.0850
2024-06-11,2.0810
2024-06-12,2.0750
2024-06-13,2.0730
2024-06-14,2.0690
2024-06-17,2.0680
2024-06-18,2.0670
2024-06-19,2.0670
2024-06-20,2.0630
2024-06-21,2.0590
2024-06-24,2.0590
2024-06-25,2.0580
2024-06-26,2.0550
2024-06-27,2.0510
2024-06-28,2.0490
2024-07-01,2.0460
2024-07-02,2.0420
2024-07-03,2.0340
2024-07-04,2.0290
2024-07-05,2.0150
2024-07-08,2.0200
2024-07-09,2.0190
2024-07-10,2.0180
2024-07-11,2.0140
2024-07-12,2.0090
2024-07-15,2.0070
2024-07-16,2.0070
2024-07-17,2.0050
2024-07-18,2.0020
2024-07-19,2.0000
2024-07-22,1.9970
2024-07-23,1.9970
2024-07-24,1.9930
2024-07-25,1.9850
2024-07-26,1.9790
2024-07-29,1.9729
2024-07-30,1.9660
2024-07-31,1.9600
2024-08-01,1.9560
2024-08-02,1.9460
2024-08-05,1.9370
2024-08-06,1.9280
2024-08-07,1.9230
2024-08-08,1.9170
2024-08-09,1.9160
2024-08-12,1.9220
2024-08-13,1.9230
2024-08-14,1.9230
2024-08-15,1.9220
2024-08-16,1.9220
2024-08-19,1.9220
2024-08-20,1.9260
2024-08-21,1.9320
2024-08-22,1.9360
2024-08-23,1.9420
2024-08-26,1.9450
2024-08-27,1.9500
2024-08-28,1.9560
2024-08-29,1.9580
2024-08-30,1.9610
2024-09-02,1.9590
2024-09-03,1.9600
2024-09-04,1.9600
2024-09-05,1.9600
2024-09-06,1.9600
2024-09-09,1.9620
2024-09-10,1.9620
2024-09-11,1.9620
2024-09-12,1.9600
2024-09-13,1.9600
2024-09-14,1.9585
2024-09-18,1.9580
2024-09-19,1.9570
2024-09-20,1.9580
2024-09-23,1.9570
2024-09-24,1.9430
2024-09-25,1.9320
2024-09-26,1.9260
2024-09-27,1.9230
2024-09-29,1.9220
2024-09-30,1.9230
2024-10-08,1.9270
2024-10-09,1.9320
2024-10-10,1.9340
2024-10-11,1.9300
2024-10-12,1.9310
2024-10-14,1.9300
2024-10-15,1.9300
2024-10-16,1.9320
2024-10-17,1.9340
2024-10-18,1.9320
2024-10-21,1.9340
2024-10-22,1.9380
2024-10-23,1.9420
2024-10-24,1.9440
2024-10-25,1.9470
2024-10-28,1.9480
2024-10-29,1.9490
2024-10-30,1.9490
2024-10-31,1.9480
2024-11-01,1.9430
2024-11-04,1.9370
2024-11-05,1.9350
2024-11-06,1.9300
2024-11-07,1.9250
2024-11-08,1.9200
2024-11-11,1.9160
2024-11-12,1.9130
2024-11-13,1.9070
2024-11-14,1.9040
2024-11-15,1.8990
2024-11-18,1.8990
2024-11-19,1.8980
2024-11-20,1.8970
2024-11-21,1.8980
2024-11-22,1.8980
2024-11-25,1.8990
2024-11-26,1.8990
2024-11-27,1.8990
2024-11-28,1.8990
2024-11-29,1.8930
2024-12-02,1.8680
2024-12-03,1.8350
2024-12-04,1.8150
2024-12-05,1.8070
2024-12-06,1.8030
2024-12-09,1.8000
2024-12-10,1.7930
2024-12-11,1.7850
2024-12-12,1.7800
2024-12-13,1.7740
2024-12-16,1.7600
2024-12-17,1.7540
2024-12-18,1.7480
2024-12-19,1.7450
2024-12-20,1.7400
2024-12-23,1.7320
2024-12-24,1.7250
2024-12-25,1.7185
2024-12-26,1.7145
2024-12-27,1.7125
2024-12-30,1.7112
2024-12-31,1.7080
2025-01-02,1.7045
2025-01-03,1.7002
2025-01-06,1.6910
2025-01-07,1.6850
2025-01-08,1.6795
2025-01-09,1.6740
2025-01-10,1.6720
2025-01-13,1.6750
2025-01-14,1.6860
2025-01-15,1.6905
2025-01-16,1.6940
2025-01-17,1.6974
2025-01-20,1.7030
2025-01-21,1.7122
2025-01-22,1.7140
2025-01-23,1.7210
2025-01-24,1.7250
2025-01-26,1.7280
2025-01-27,1.7305
2025-02-05,1.7350
2025-02-06,1.7390
2025-02-07,1.7350
2025-02-08,1.7340
2025-02-10,1.7330
2025-02-11,1.7410
2025-02-12,1.7460
2025-02-13,1.7530
2025-02-14,1.7640
2025-02-17,1.7750
2025-02-18,1.7960
2025-02-19,1.8120
2025-02-20,1.8230
2025-02-21,1.8310
2025-02-24,1.8390
2025-02-25,1.8550
2025-02-26,1.8870
2025-02-27,1.9200
2025-02-28,1.9440
2025-03-03,1.9570
2025-03-04,1.9670
2025-03-05,1.9760
2025-03-06,1.9820
2025-03-07,1.9880
2025-03-10,1.9940
2025-03-11,1.9980
2025-03-12,2.0040
2025-03-13,2.0020
2025-03-14,1.9980
2025-03-17,1.9950
2025-03-18,1.9940
2025-03-19,1.9900
2025-03-20,1.9890
2025-03-21,1.9730
2025-03-24,1.9630
2025-03-25,1.9490
2025-03-26,1.9420
2025-03-27,1.9360
2025-03-28,1.9330
2025-03-31,1.9260
2025-04-01,1.9210
2025-04-02,1.9140
2025-04-03,1.8870
2025-04-07,1.8370
2025-04-08,1.8130
2025-04-09,1.8100
2025-04-10,1.8070
2025-04-11,1.7910
2025-04-14,1.7860
2025-04-15,1.7850
2025-04-16,1.7830
2025-04-17,1.7770
2025-04-18,1.7720
2025-04-21,1.7690
2025-04-22,1.7680
2025-04-23,1.7660
2025-04-24,1.7660
2025-04-25,1.7660
2025-04-27,1.7670
2025-04-28,1.7680
2025-04-29,1.7670
2025-04-30,1.7660
2025-05-06,1.7650
2025-05-07,1.7520
2025-05-08,1.7350
2025-05-09,1.7110
2025-05-12,1.6950
2025-05-13,1.6840
2025-05-14,1.6770
2025-05-15,1.6730
2025-05-16,1.6710
2025-05-19,1.6730
2025-05-20,1.6710
2025-05-21,1.6740
2025-05-22,1.6760
2025-05-23,1.6820
2025-05-26,1.6850
2025-05-27,1.6920
2025-05-28,1.6940
2025-05-29,1.6950
2025-05-30,1.6980
2025-06-03,1.7000
2025-06-04,1.7030
2025-06-05,1.7020
2025-06-06,1.6970
2025-06-09,1.6930
2025-06-10,1.6870
2025-06-11,1.6840
2025-06-12,1.6800
2025-06-13,1.6800
2025-06-16,1.6800
2025-06-17,1.6790
2025-06-18,1.6760
2025-06-19,1.6710
2025-06-20,1.6670
2025-06-23,1.6660
2025-06-24,1.6620
2025-06-25,1.6590
2025-06-26,1.6580
2025-06-27,1.6560
2025-06-30,1.6570
2025-07-01,1.6560
2025-07-02,1.6515
2025-07-03,1.6380
2025-07-04,1.6290
2025-07-07,1.6160
2025-07-08,1.6120
2025-07-09,1.6130
2025-07-10,1.6130
2025-07-11,1.6160
2025-07-14,1.6230
2025-07-15,1.6230
2025-07-16,1.6210
2025-07-17,1.6210
2025-07-18,1.6210
2025-07-21,1.6220
2025-07-22,1.6210
2025-07-23,1.6250
2025-07-24,1.6310
2025-07-25,1.6390
2025-07-28,1.6420
2025-07-29,1.6440
2025-07-30,1.6470
2025-07-31,1.6480
2025-08-01,1.6450
2025-08-04,1.6410
2025-08-05,1.6380
2025-08-06,1.6380
2025-08-07,1.6390
2025-08-08,1.6378
2025-08-11,1.6380
2025-08-12,1.6380
2025-08-13,1.6400
2025-08-14,1.6400
2025-08-15,1.6400
2025-08-18,1.6430
2025-08-19,1.6470
2025-08-20,1.6490
2025-08-21,1.6530
2025-08-22,1.6530
2025-08-25,1.6520
2025-08-26,1.6520
2025-08-27,1.6530
2025-08-28,1.6530
2025-08-29,1.6520
2025-09-01,1.6540
2025-09-02,1.6550
2025-09-03,1.6560
2025-09-04,1.6580
2025-09-05,1.6600
2025-09-08,1.6600
2025-09-09,1.6610
2025-09-10,1.6630
2025-09-11,1.6650
2025-09-12,1.6670
2025-09-15,1.6710
2025-09-16,1.6710
2025-09-17,1.6710
2025-09-18,1.6730
2025-09-19,1.6730
2025-09-22,1.6730
2025-09-23,1.6720
2025-09-24,1.6740
2025-09-25,1.6790
2025-09-26,1.6810
2025-09-28,1.6800
2025-09-29,1.6800
2025-09-30,1.6800
2025-10-09,1.6770
2025-10-10,1.6750
2025-10-11,1.6740
2025-10-13,1.6690
2025-10-14,1.6690
2025-10-15,1.6690
2025-10-16,1.6690
2025-10-17,1.6700
2025-10-20,1.6700
2025-10-21,1.6750
2025-10-22,1.6790
2025-10-23,1.6800
2025-10-24,1.6800
2025-10-27,1.6800
2025-10-28,1.6780
2025-10-29,1.6750
2025-10-30,1.6730
2025-10-31,1.6670
2025-11-03,1.6640
2025-11-04,1.6580
2025-11-05,1.6550
2025-11-06,1.6525
2025-11-07,1.6500
2025-11-10,1.6500
2025-11-11,1.6500
2025-11-12,1.6490
2025-11-13,1.6500
2025-11-14,1.6500
2025-11-17,1.6500
2025-11-18,1.6500
2025-11-19,1.6500
2025-11-20,1.6500
2025-11-21,1.6500
2025-11-24,1.6500
2025-11-25,1.6500
2025-11-26,1.6500
2025-11-27,1.6500
2025-11-28,1.6500
2025-12-01,1.6500
2025-12-02,1.6500
2025-12-03,1.6500
2025-12-04,1.6500
2025-12-05,1.6500
2025-12-08,1.6500
2025-12-09,1.6500
2025-12-10,1.6500
2025-12-11,1.6510
2025-12-12,1.6510
2025-12-15,1.6520
2025-12-16,1.6530
2025-12-17,1.6530
2025-12-18,1.6530
2025-12-19,1.6511
2025-12-22,1.6500
2025-12-23,1.6500
2025-12-24,1.6500
2025-12-25,1.6500
2025-12-26,1.6500
2025-12-29,1.6500
2025-12-30,1.6500
2025-12-31,1.6500
2026-01-04,1.6490
2026-01-05,1.6480
2026-01-06,1.6480
2026-01-07,1.6490
2026-01-08,1.6480
2026-01-09,1.6460
2026-01-12,1.6480
2026-01-13,1.6490
2026-01-14,1.6500
2026-01-15,1.6490
2026-01-16,1.6500
2026-01-19,1.6490
2026-01-20,1.6490
2026-01-21,1.6480
2026-01-22,1.6458
2026-01-23,1.6441
